mtllib dragon_red.mtl
v -0.129203 -0.204788 0.342896
v -0.194399 0.041028 0.327070
v -0.078413 0.157506 0.418082
v 0.012879 -0.226633 0.490148
v -0.129203 -0.204788 0.342896
v -0.315708 -0.056218 0.122191
v -0.305565 -0.060500 0.169540
v -0.281335 -0.212203 0.172235
v -0.218549 -0.151029 0.109537
v 0.039597 0.275402 0.507853
v 0.337391 -0.277179 0.746772
v 0.257259 -0.314973 0.693657
v 0.249248 0.487115 0.849210
v 0.323240 0.675805 1.069125
v 0.374691 0.608597 1.100300
v 0.384911 0.429819 1.015564
v 0.472543 0.118238 1.026497
v 0.541427 0.050443 1.076127
v 0.471897 0.086179 1.019938
v 0.352974 0.884123 1.250000
v 0.148457 0.365767 0.654079
v 0.343578 -0.020903 0.795227
v -0.404890 0.082305 0.000001
v -0.449579 0.111968 0.000001
v -0.462839 0.092008 0.011859
v -0.461986 0.075044 0.000001
v 0.249248 0.487115 0.849210
v 0.399857 0.309407 0.993340
v 0.331769 -0.452628 0.711392
v 0.318919 -0.458688 0.702875
v 0.307718 -0.464413 0.696873
v 0.182979 -0.356920 0.625387
v 0.377041 -0.604585 0.700112
v -0.585851 -0.403372 0.195891
v -0.573771 -0.435729 0.214333
v -0.623610 -0.453942 0.201313
v -0.642155 -0.414761 0.169263
v -0.649130 -0.416952 0.281812
v -0.642718 -0.454511 0.240781
v -0.581600 -0.418566 0.259548
v -0.637142 -0.381087 0.276039
v -0.601821 -0.382507 0.271816
v -0.631799 -0.387735 0.179781
v -0.619845 -0.364209 0.230001
v -0.608873 -0.361875 0.227091
v -0.581600 -0.418566 0.259548
v -0.642718 -0.454511 0.240781
v -0.685816 -0.458590 0.158136
v -0.692592 -0.435599 0.149997
v -0.691373 -0.358511 0.268577
v -0.690737 -0.364614 0.288927
v -0.674835 -0.377065 0.173993
v -0.684263 -0.354424 0.215987
v -0.731576 -0.331711 0.288659
v -0.724964 -0.365920 0.262552
v -0.749119 -0.359712 0.265388
v -0.745983 -0.356029 0.302790
v -0.749119 -0.359712 0.265388
v -0.724964 -0.365920 0.262552
v -0.697108 -0.399982 0.300008
v -0.719905 -0.327084 0.182561
v -0.714669 -0.343786 0.160047
v -0.707847 -0.385822 0.171701
v -0.728892 -0.371308 0.165235
v -0.719402 -0.353487 0.210268
v -0.734403 -0.348303 0.197624
v -0.728892 -0.371308 0.165235
v -0.707847 -0.385822 0.171701
v -0.719402 -0.353487 0.210268
v -0.734403 -0.348303 0.197624
v -0.723632 -0.313490 0.230519
v -0.729535 -0.315826 0.258731
v -0.745954 -0.338373 0.220209
v -0.750554 -0.343387 0.251010
v -0.745954 -0.338373 0.220209
v -0.750554 -0.343387 0.251010
v -0.557708 -0.356629 0.268863
v -0.601821 -0.382507 0.271816
v -0.581600 -0.418566 0.259548
v -0.532241 -0.393299 0.244676
v -0.608873 -0.361875 0.227091
v -0.569007 -0.345494 0.230127
v -0.544726 -0.380692 0.200694
v -0.585851 -0.403372 0.195891
v -0.501927 -0.316037 0.285597
v -0.513421 -0.303944 0.224440
v -0.486678 -0.280227 0.256403
v -0.468721 -0.233343 0.211902
v -0.459665 -0.377884 0.261277
v -0.663757 -0.454826 0.214290
v -0.699347 -0.420491 0.167968
v -0.677331 -0.416417 0.193568
v -0.692723 -0.392263 0.245358
v -0.677331 -0.416417 0.193568
v -0.683840 -0.426439 0.263614
v -0.663757 -0.454826 0.214290
v -0.699347 -0.420491 0.167968
v -0.696824 -0.450926 0.182328
v -0.649130 -0.416952 0.281812
v -0.642718 -0.454511 0.240781
v -0.745983 -0.356029 0.302790
v -0.767793 -0.331498 0.288538
v -0.776560 -0.345156 0.295286
v -0.778700 -0.343240 0.275592
v -0.776560 -0.345156 0.295286
v -0.778700 -0.343240 0.275592
v -0.747551 -0.338598 0.156728
v -0.749287 -0.329883 0.169669
v -0.751685 -0.354459 0.160246
v -0.756083 -0.342178 0.181065
v -0.751685 -0.354459 0.160246
v -0.756083 -0.342178 0.181065
v -0.758022 -0.309635 0.231434
v -0.760971 -0.309757 0.245531
v -0.760025 -0.327563 0.222175
v -0.766947 -0.327031 0.248059
v -0.760025 -0.327563 0.222175
v -0.766947 -0.327031 0.248059
v -0.702263 -0.460036 0.153537
v -0.700076 -0.438497 0.149952
v -0.715470 -0.428957 0.157984
v -0.713556 -0.453554 0.170268
v -0.715470 -0.428957 0.157984
v -0.483479 -0.349673 0.185271
v -0.499363 -0.346442 0.242675
v -0.436568 -0.331105 0.283869
v -0.379185 -0.367164 0.277550
v -0.427369 -0.322717 0.169147
v -0.474406 -0.301703 0.196205
v -0.424709 -0.351237 0.225947
v -0.453071 -0.272541 0.300091
v -0.486678 -0.280227 0.256403
v -0.453071 -0.272541 0.300091
v -0.436568 -0.331105 0.283869
v -0.427369 -0.322717 0.169147
v -0.474406 -0.301703 0.196205
v -0.573771 -0.435729 0.214333
v -0.544726 -0.380692 0.200694
v -0.483479 -0.349673 0.185271
v -0.424709 -0.351237 0.225947
v -0.379185 -0.367164 0.277550
v -0.585851 -0.403372 0.195891
v -0.468721 -0.233343 0.211902
v -0.427369 -0.322717 0.169147
v -0.612315 0.309966 0.136543
v -0.574288 0.347242 0.137202
v -0.589081 0.358563 0.123102
v -0.636923 0.325443 0.114687
v -0.677712 0.297276 0.090792
v -0.726168 0.262496 0.048216
v -0.677634 0.241980 0.066633
v -0.649068 0.281654 0.116170
v -0.547987 0.382164 0.126503
v -0.517053 0.461176 0.071803
v -0.560854 0.386108 0.115187
v -0.652897 0.300808 0.065570
v -0.616558 0.316982 0.092776
v -0.577601 0.348540 0.099755
v -0.693281 0.251128 0.017458
v -0.685608 0.271533 0.027371
v -0.556586 0.376980 0.094065
v -0.622577 0.273592 0.077079
v -0.593412 0.299938 0.102878
v -0.564332 0.335649 0.117337
v -0.593412 0.299938 0.102878
v -0.668752 0.259007 0.030333
v -0.637845 0.257990 0.056174
v -0.542930 0.376168 0.108479
v -0.747010 0.216608 0.000001
v -0.712652 0.225098 0.037393
v -0.155938 -0.240435 0.091237
v -0.111463 -0.273048 0.103422
v -0.057313 -0.209329 0.007472
v -0.132107 -0.181036 -0.000263
v -0.090231 -0.400509 0.097392
v -0.056902 -0.327868 0.094522
v -0.108473 -0.396270 0.096868
v 0.072980 -0.429632 0.081908
v 0.060798 -0.360428 0.089474
v -0.150530 -0.405294 0.062245
v -0.165518 -0.299709 0.165979
v -0.129410 -0.340658 0.133475
v 0.086814 -0.451264 0.037812
v -0.144142 -0.408107 0.006724
v -0.156537 -0.415949 0.081093
v -0.276491 -0.346705 0.042915
v -0.278128 -0.357503 -0.007131
v -0.493113 -0.266624 0.140273
v -0.559121 -0.255959 0.109500
v -0.502669 -0.300580 0.097072
v -0.518640 -0.338877 0.000001
v -0.510171 -0.326612 0.058779
v -0.567564 -0.282382 0.065271
v -0.576577 -0.292121 0.000001
v 0.419863 -0.290768 0.046090
v 0.551057 -0.229529 0.001809
v 0.534387 -0.215154 -0.017643
v 0.404338 -0.271740 0.017288
v 0.440658 -0.335510 0.041510
v 0.568924 -0.260491 -0.004422
v 0.571334 -0.273357 -0.016441
v 0.441813 -0.344085 0.020720
v 0.067908 -0.315575 0.026512
v 0.242772 -0.349592 0.076624
v 0.237122 -0.322559 0.032645
v 0.256024 -0.406042 0.076398
v 0.260700 -0.419566 0.039830
v -0.330412 -0.081868 0.000001
v -0.317989 -0.096576 0.067800
v -0.237260 -0.211836 0.053321
v -0.197847 -0.185717 -0.006013
v -0.409622 -0.149797 0.166380
v -0.448493 -0.260234 0.134726
v -0.409330 -0.154545 0.140531
v -0.521507 0.194403 0.044241
v -0.486381 0.198012 0.000001
v -0.535168 0.275965 0.000001
v -0.588136 0.259323 0.064107
v -0.569733 0.228121 0.075401
v -0.611126 0.211746 0.075054
v -0.677634 0.241980 0.066633
v -0.693734 0.206437 0.065240
v -0.667981 0.219092 0.077583
v -0.699817 0.098744 0.000001
v -0.682686 0.123125 0.000001
v -0.701248 0.128275 0.040273
v -0.427814 0.032440 0.000001
v -0.439734 0.082124 0.000001
v -0.491102 0.083673 0.055831
v -0.489351 0.025392 0.062620
v -0.454063 0.032680 0.027052
v -0.527267 0.079424 0.070250
v -0.537997 0.027309 0.078952
v 0.657566 -0.171033 -0.047620
v 0.642780 -0.160083 -0.060778
v 0.670954 -0.196504 -0.061641
v -0.291774 -0.308835 0.087952
v -0.245868 -0.256324 0.128253
v -0.337357 -0.244230 0.114439
v -0.391332 -0.295400 0.095418
v -0.418088 -0.322024 0.054438
v -0.292938 -0.182617 0.109202
v -0.426938 -0.333198 0.000001
v -0.433794 -0.103407 0.150218
v -0.553715 -0.154760 0.176134
v -0.541390 -0.221971 0.156080
v -0.539815 -0.259691 0.143062
v -0.591986 -0.214062 0.136331
v -0.664544 -0.141274 0.000001
v -0.648147 -0.138731 0.000001
v -0.628131 -0.133260 0.075284
v -0.438759 -0.310658 0.184728
v -0.438659 -0.298788 0.168476
v -0.389521 -0.245940 0.190265
v -0.387759 -0.267913 0.238253
v -0.539815 -0.259691 0.143062
v -0.509249 -0.288627 0.174022
v -0.535635 -0.250750 0.202535
v -0.591986 -0.214062 0.136331
v -0.438659 -0.298788 0.168476
v -0.438759 -0.310658 0.184728
v -0.482990 -0.305812 0.195663
v -0.409622 -0.149797 0.166380
v -0.388733 -0.104495 0.182921
v -0.400176 -0.235221 0.156529
v -0.448493 -0.260234 0.134726
v -0.258063 -0.380660 0.061376
v -0.108473 -0.396270 0.096868
v -0.129410 -0.340658 0.133475
v -0.213573 -0.445363 0.128022
v -0.245868 -0.256324 0.128253
v -0.303666 -0.350913 0.173222
v -0.253474 -0.399965 0.178536
v -0.165518 -0.299709 0.165979
v -0.229356 -0.441432 0.076335
v -0.156537 -0.415949 0.081093
v -0.090231 -0.400509 0.097392
v -0.291774 -0.308835 0.087952
v -0.331076 -0.340416 0.117432
v -0.220298 -0.506663 0.118845
v -0.241252 -0.503469 0.153525
v -0.179878 -0.614996 0.113152
v -0.173533 -0.606441 0.087742
v -0.316643 -0.511541 0.152507
v -0.252196 -0.596498 0.132095
v -0.247042 -0.464182 0.087030
v -0.233110 -0.511228 0.083930
v -0.303519 -0.502680 0.079010
v -0.328674 -0.438096 0.077438
v -0.328674 -0.438096 0.077438
v -0.303519 -0.502680 0.079010
v -0.342827 -0.507595 0.117792
v -0.386158 -0.458145 0.120625
v -0.350730 -0.456542 0.165088
v -0.347538 -0.414241 0.170289
v -0.370341 -0.403738 0.120032
v -0.285243 -0.438912 0.174390
v -0.230077 -0.468556 0.128851
v -0.320769 -0.387628 0.051576
v -0.642620 0.201694 0.067165
v -0.644504 0.230764 0.085770
v -0.659479 0.150557 0.051432
v -0.579879 0.168950 0.040067
v -0.597076 0.186274 0.088475
v -0.598544 0.152102 0.000001
v -0.654175 0.140898 0.000001
v -0.201010 -0.642856 0.064169
v -0.194960 -0.639665 0.128560
v -0.232483 -0.759231 0.134756
v -0.250678 -0.732740 0.032411
v -0.232483 -0.759231 0.134756
v -0.194960 -0.639665 0.128560
v -0.250688 -0.625974 0.135505
v -0.279637 -0.706175 0.133283
v -0.248736 -0.627201 0.079582
v -0.201010 -0.642856 0.064169
v -0.250678 -0.732740 0.032411
v -0.299707 -0.685819 0.071778
v -0.262834 -0.625551 0.114575
v -0.173533 -0.606441 0.087742
v -0.189693 -0.610822 0.065530
v -0.252196 -0.596498 0.132095
v -0.179878 -0.614996 0.113152
v -0.250950 -0.593634 0.080336
v -0.189693 -0.610822 0.065530
v -0.265463 -0.588764 0.111131
v -0.179878 -0.614996 0.113152
v -0.261883 -0.784513 0.147475
v -0.328895 -0.778964 0.143073
v -0.316216 -0.803668 0.120583
v -0.318099 -0.818767 0.124292
v -0.316216 -0.803668 0.120583
v -0.279626 -0.782150 0.110089
v -0.304966 -0.814358 0.131011
v -0.318099 -0.818767 0.124292
v -0.302795 -0.817355 0.153102
v -0.261883 -0.784513 0.147475
v -0.319135 -0.769694 0.018506
v -0.347506 -0.755911 0.048246
v -0.319135 -0.769694 0.018506
v -0.297154 -0.759475 0.048585
v -0.324598 -0.775841 0.027702
v -0.325276 -0.799931 0.052885
v -0.332710 -0.798236 0.047169
v -0.325276 -0.799931 0.052885
v -0.332710 -0.798236 0.047169
v -0.360804 -0.766663 0.087669
v -0.352511 -0.772301 0.113116
v -0.341561 -0.804017 0.065024
v -0.341561 -0.804017 0.065024
v -0.331256 -0.817296 0.106387
v -0.331256 -0.817296 0.106387
v -0.446382 -0.268585 0.257683
v -0.448246 -0.304117 0.270802
v -0.409598 -0.344819 0.263788
v -0.375554 -0.029578 0.000001
v -0.392560 -0.013807 0.050354
v -0.437913 0.000372 0.000001
v -0.490778 -0.036643 0.127476
v -0.488489 -0.045566 0.114786
v -0.453453 -0.006306 0.060596
v -0.352547 -0.022691 0.094951
v -0.334962 -0.099841 0.127716
v -0.387540 -0.060281 0.160341
v -0.344992 -0.027345 0.199458
v -0.356797 0.021436 0.188438
v -0.394138 0.011733 0.144235
v -0.387540 -0.060281 0.160341
v -0.318911 -0.009636 0.156700
v -0.352547 -0.022691 0.094951
v -0.334962 -0.099841 0.127716
v -0.305564 -0.060500 0.169540
v -0.334962 -0.099841 0.127716
v -0.305564 -0.060500 0.169540
v -0.220049 0.058514 0.338475
v -0.100261 0.167032 0.432340
v -0.105426 0.191840 0.416323
v -0.227751 0.085726 0.330793
v -0.017811 0.287104 0.484615
v 0.037147 0.302133 0.486548
v -0.080260 0.181815 0.401173
v -0.201881 0.071761 0.317758
v -0.078413 0.157506 0.418082
v -0.194399 0.041028 0.327070
v 0.008481 0.283034 0.522638
v -0.078413 0.157506 0.418082
v 0.039597 0.275402 0.507854
v -0.194399 0.041028 0.327070
v -0.692566 0.187886 0.059889
v -0.719002 0.195310 0.046123
v -0.700068 0.175793 0.045879
v -0.699030 0.213379 0.050110
v -0.718147 0.209062 0.031164
v -0.781511 0.154353 0.000001
v -0.741044 0.148666 0.029285
v -0.748932 0.174172 0.029672
v 0.231414 0.500640 0.853759
v 0.235071 0.519636 0.845077
v 0.131388 0.391691 0.652047
v 0.130678 0.374266 0.662421
v 0.148457 0.365767 0.654079
v 0.249248 0.487115 0.849210
v 0.146398 0.386250 0.648339
v 0.260467 0.516023 0.835623
v 0.249248 0.487115 0.849210
v 0.148457 0.365767 0.654079
v 0.352974 0.884123 1.250000
v 0.318458 0.690784 1.064061
v 0.314871 0.680514 1.074875
v 0.021347 0.323526 0.520492
v 0.323240 0.675805 1.069124
v 0.323240 0.675805 1.069124
v 0.330549 0.689297 1.063872
v 0.039597 0.275402 0.507854
v 0.008481 0.283034 0.522638
v -0.049419 0.377881 0.494729
v -0.043533 0.361178 0.471337
v -0.017811 0.287104 0.484615
v 0.021347 0.323526 0.520492
v -0.027210 0.386103 0.497211
v 0.037147 0.302133 0.486548
v -0.030124 0.381203 0.473422
v -0.017811 0.287104 0.484615
v -0.043533 0.361178 0.471337
v -0.130749 0.467740 0.438511
v -0.067092 0.392287 0.467562
v -0.067092 0.392287 0.467562
v -0.081828 0.365833 0.451345
v -0.081828 0.365833 0.451345
v -0.715163 0.103766 0.023441
v -0.728057 0.096198 0.000001
v -0.723454 0.052446 0.000001
v -0.673148 0.190390 0.058824
v -0.667147 0.178457 0.057721
v -0.655107 0.180142 0.072888
v -0.680482 0.145437 0.046422
v -0.642963 0.179688 0.066430
v -0.721256 0.153835 0.040622
v -0.735367 0.154760 0.037730
v -0.740754 0.148350 0.029184
v -0.737505 0.152217 0.034340
v -0.673565 0.181791 0.044873
v -0.712217 0.148940 0.028939
v -0.567240 0.197799 0.063149
v -0.510452 0.221210 0.153190
v -0.567240 0.197799 0.063149
v -0.569733 0.228121 0.075401
v -0.533758 0.131088 0.060784
v -0.497821 0.139251 0.039057
v -0.302795 -0.817355 0.153102
v -0.340019 -0.843430 0.137479
v -0.340019 -0.843430 0.137479
v -0.368504 -0.810264 0.013401
v -0.368504 -0.810264 0.013401
v -0.376843 -0.844303 0.088531
v -0.376843 -0.844303 0.088531
v -0.677719 0.187658 0.059690
v -0.697043 0.146646 0.000001
v -0.736755 0.124138 0.000001
v -0.727908 0.134752 0.021980
v -0.712217 0.148940 0.028939
v -0.642620 0.201694 0.067165
v -0.651915 0.204208 0.000001
v -0.609830 0.213511 0.000001
v -0.611126 0.211746 0.075054
v -0.650827 0.139573 0.053112
v -0.667147 0.178457 0.057721
v -0.642963 0.179688 0.066430
v -0.680482 0.145437 0.046422
v -0.700068 0.175793 0.045879
v -0.688646 0.177486 0.038924
v -0.677719 0.187658 0.059690
v -0.686574 0.186138 0.000001
v -0.721256 0.153835 0.040622
v -0.742480 0.157425 0.000001
v -0.740754 0.148350 0.029184
v -0.747838 0.091167 0.000001
v -0.737505 0.152217 0.034340
v -0.735773 0.154913 0.035582
v -0.735367 0.154760 0.037730
v -0.673148 0.190390 0.058824
v -0.652879 0.191737 0.062319
v -0.189693 -0.610822 0.065530
v -0.250950 -0.593634 0.080336
v -0.250950 -0.593634 0.080336
v -0.265463 -0.588764 0.111131
v -0.569733 0.228121 0.075401
v -0.510452 0.221210 0.153190
v -0.727908 0.134752 0.021980
v -0.736755 0.124138 0.000001
v 0.810958 -0.067629 -0.149772
v -0.258063 -0.380660 0.061376
v -0.320769 -0.387628 0.051576
v -0.018525 -0.301060 0.014224
v -0.258063 -0.380660 0.061376
v -0.488996 -0.166940 0.255918
v -0.484053 -0.183674 0.237430
v -0.611924 0.302499 0.000001
v -0.579879 0.168950 0.040067
v -0.650827 0.139573 0.053112
v -0.454683 0.142485 0.000001
v -0.571632 0.122869 0.038161
v -0.570338 0.072504 0.041053
v -0.673565 0.181791 0.044873
v -0.661916 0.176613 0.000001
v -0.551604 -0.137306 0.169108
v -0.473316 -0.112089 0.191695
v -0.449488 -0.277848 0.140975
v -0.493113 -0.266624 0.140273
v -0.541390 -0.221971 0.156080
v -0.486183 -0.065030 0.118803
v -0.488606 -0.096083 0.168010
v -0.451747 -0.099287 0.191476
v -0.570033 -0.125813 0.128098
v -0.391555 -0.189022 0.223968
v -0.451747 -0.099287 0.191476
v -0.400176 -0.235221 0.156529
v -0.388733 -0.104495 0.182921
v -0.484011 -0.286932 0.227077
v -0.483863 -0.287445 0.227173
v -0.449488 -0.277848 0.140975
v -0.509655 -0.105638 0.228257
v -0.522604 -0.054502 0.181718
v -0.551604 -0.137306 0.169108
v -0.522604 -0.054502 0.181718
v -0.521507 0.194403 0.044241
v -0.486381 0.198012 0.000001
v -0.567240 0.197799 0.063149
v -0.579879 0.168950 0.040067
v -0.451802 -0.334316 0.195757
v -0.440009 -0.366021 0.267862
v -0.478518 -0.353871 0.203271
v -0.472039 -0.291721 0.232771
v -0.493999 -0.318621 0.241445
v -0.473694 -0.327979 0.276191
v -0.589034 0.068105 0.000001
v -0.619412 0.020340 0.000001
v -0.583030 0.022165 0.045188
v -0.553715 -0.154760 0.176134
v -0.571358 -0.198527 0.140936
v -0.653574 -0.056448 0.000001
v -0.609242 -0.047412 0.064011
v -0.608804 0.015207 0.000001
v -0.447632 0.029185 0.000001
v -0.637686 -0.054574 0.000001
v -0.557832 -0.047138 0.100010
v -0.451802 -0.334316 0.195757
v -0.471336 -0.307313 0.202192
v -0.449488 -0.277848 0.140975
v -0.394138 0.011733 0.144235
v -0.481598 -0.100404 0.150266
v -0.473316 -0.112089 0.191695
v -0.424655 -0.024433 0.071911
v -0.617248 -0.220590 0.074778
v -0.598544 0.152102 0.000001
v -0.589640 0.114606 0.000001
v -0.712652 0.225098 0.037393
v -0.611126 0.211746 0.075054
v -0.745594 0.191540 0.012718
v -0.776795 0.186218 0.000001
v -0.753716 0.206016 0.000001
v -0.739880 0.211507 0.009755
v -0.747010 0.216608 0.000001
v -0.769219 0.125548 0.000001
v -0.747838 0.091167 0.000001
v -0.577482 0.239402 0.112378
v -0.515862 0.293623 0.161633
v -0.526108 0.309115 0.170762
v -0.610737 0.251604 0.118105
v -0.460712 0.356235 0.177219
v -0.455286 0.348993 0.173859
v -0.417621 0.403182 0.156346
v -0.590766 0.282198 0.089679
v -0.525981 0.322513 0.147638
v -0.468331 0.362084 0.164149
v -0.569963 0.266945 0.089902
v -0.513708 0.305015 0.139554
v -0.453600 0.353821 0.159271
v -0.453600 0.353821 0.159271
v -0.644504 0.230764 0.085770
v -0.611126 0.211746 0.075054
v -0.513708 0.305015 0.139554
v -0.569963 0.266945 0.089902
v -0.588136 0.259323 0.064107
v -0.622577 0.273592 0.077079
v -0.564332 0.335649 0.117337
v -0.542930 0.376168 0.108479
v -0.065608 -0.237142 0.007715
v -0.697108 -0.399982 0.300008
v -0.588136 0.259323 0.064107
v -0.637845 0.257990 0.056174
v -0.637845 0.257990 0.056174
v -0.668752 0.259007 0.030333
v -0.665487 0.273928 0.000001
v -0.693281 0.251128 0.017458
v -0.637845 0.257990 0.056174
v -0.647184 0.271383 0.033693
v -0.653371 0.334854 0.025806
v -0.733167 0.299246 0.000001
v -0.731514 0.215111 0.000001
v -0.646276 0.214643 0.047752
v -0.694369 0.363788 0.000001
v -0.571993 0.438660 0.000001
v -0.622606 0.365909 0.000001
v -0.550899 0.301826 0.017394
v -0.527115 0.411142 0.015776
v -0.658495 0.277673 0.000001
v -0.549712 0.237442 0.025570
v -0.544891 0.302692 0.000001
v -0.527337 0.410996 0.000001
v -0.459552 0.526033 0.000001
v -0.537819 0.243461 0.000001
v -0.646624 0.269766 0.000001
v -0.672540 0.316132 0.000001
v -0.647226 0.214542 0.000001
v -0.608158 0.452992 0.000001
v -0.571176 0.311073 0.000001
v -0.670387 0.280871 0.000001
v -0.532956 0.186401 0.024014
v -0.456318 0.314101 0.000001
v -0.425383 0.260939 0.014990
v -0.374208 0.294349 0.000001
v -0.365672 0.208275 0.000001
v -0.416295 0.224264 0.000001
v -0.545412 0.223904 0.000001
v -0.514219 0.163953 0.025815
v -0.443175 0.140953 0.000001
v -0.414164 0.109319 0.018646
v -0.381254 0.106858 0.000001
v -0.469968 0.105493 0.024047
v -0.486782 0.136773 0.000001
v -0.424611 0.261584 0.000001
v -0.523447 0.185254 0.000001
v -0.491508 0.162701 0.000001
v -0.414601 0.110057 0.000001
v -0.469855 0.105936 0.000001
v -0.485727 0.129427 0.021250
v -0.486782 0.136773 0.000001
v -0.389929 0.150147 0.000001
v -0.514397 0.187300 0.000001
v -0.808640 -0.331627 0.224719
v -0.808640 -0.331627 0.224719
v -0.793541 -0.344713 0.158907
v -0.793541 -0.344713 0.158907
v -0.810958 -0.345426 0.285214
v -0.810958 -0.345426 0.285214
v -0.748281 -0.457277 0.154164
v -0.713556 -0.453554 0.170268
v -0.748281 -0.457277 0.154164
v -0.000118 -0.280579 0.015152
v -0.696824 -0.450926 0.182328
v -0.129203 -0.204788 0.342896
v -0.129203 -0.204788 0.342896
v -0.635046 -0.227092 0.000001
v -0.590969 -0.294139 0.000001
v -0.649673 -0.226306 0.000001
v -0.478518 -0.353871 0.203271
v -0.489637 -0.336120 0.214174
v -0.725486 0.164124 0.030659
v -0.713437 0.170370 0.022071
v -0.698272 0.142122 0.039675
v -0.703145 0.178587 0.036744
v -0.716166 0.170385 0.038990
v -0.737401 0.158156 0.036215
v -0.741297 0.154004 0.021233
v -0.721213 0.134200 0.031426
v -0.725486 0.164124 0.030659
v -0.741297 0.154004 0.021233
v -0.725486 0.164124 0.030659
v -0.710373 0.139850 0.027835
v -0.700542 0.144449 0.016042
v -0.725815 0.162824 0.023939
v -0.719790 0.132841 0.011648
v -0.700542 0.144449 0.016042
v -0.684534 0.160184 0.033169
v -0.689141 0.154944 0.023827
v -0.701091 0.172247 0.031401
v -0.696812 0.148743 0.030238
v -0.692773 0.154834 0.035727
v -0.684534 0.160184 0.033169
v -0.724223 0.130300 0.017031
v -0.719790 0.132841 0.011648
v -0.738869 0.146323 0.013134
v -0.730347 0.125918 0.007254
v -0.719790 0.132841 0.011648
v -0.242321 -0.206573 0.038920
v -0.317989 -0.096576 0.067800
v -0.129204 -0.204789 -0.342894
v 0.012879 -0.226634 -0.490147
v -0.078413 0.157506 -0.418081
v -0.194400 0.041027 -0.327069
v -0.315708 -0.056219 -0.122189
v -0.218549 -0.151029 -0.109535
v -0.281336 -0.212203 -0.172233
v -0.305565 -0.060500 -0.169539
v 0.039597 0.275402 -0.507853
v 0.257259 -0.314974 -0.693655
v 0.337390 -0.277180 -0.746770
v 0.249247 0.487113 -0.849210
v 0.384911 0.429818 -1.015564
v 0.374691 0.608595 -1.100299
v 0.323240 0.675803 -1.069124
v 0.472544 0.118236 -1.026497
v 0.471896 0.086178 -1.019937
v 0.541427 0.050441 -1.076127
v 0.352973 0.884121 -1.250000
v 0.343578 -0.020904 -0.795226
v 0.148457 0.365765 -0.654078
v -0.462839 0.092008 -0.011857
v 0.249247 0.487113 -0.849210
v 0.399857 0.309405 -0.993340
v 0.318919 -0.458689 -0.702873
v 0.331768 -0.452629 -0.711390
v 0.182979 -0.356921 -0.625386
v 0.307718 -0.464414 -0.696872
v 0.377041 -0.604586 -0.700109
v -0.585852 -0.403371 -0.195889
v -0.642155 -0.414761 -0.169262
v -0.623611 -0.453942 -0.201310
v -0.573771 -0.435728 -0.214332
v -0.649130 -0.416952 -0.281810
v -0.581601 -0.418565 -0.259546
v -0.642718 -0.454511 -0.240779
v -0.637143 -0.381087 -0.276037
v -0.601821 -0.382506 -0.271815
v -0.608873 -0.361875 -0.227090
v -0.619846 -0.364209 -0.229999
v -0.631800 -0.387735 -0.179780
v -0.642718 -0.454511 -0.240779
v -0.581601 -0.418565 -0.259546
v -0.685816 -0.458589 -0.158133
v -0.692592 -0.435598 -0.149994
v -0.691374 -0.358511 -0.268575
v -0.690737 -0.364614 -0.288924
v -0.684264 -0.354424 -0.215986
v -0.674835 -0.377065 -0.173992
v -0.731577 -0.331711 -0.288657
v -0.749120 -0.359712 -0.265386
v -0.724965 -0.365920 -0.262550
v -0.745984 -0.356029 -0.302788
v -0.697108 -0.399982 -0.300006
v -0.724965 -0.365920 -0.262550
v -0.749120 -0.359712 -0.265386
v -0.719905 -0.327084 -0.182560
v -0.714670 -0.343785 -0.160046
v -0.728893 -0.371308 -0.165233
v -0.707847 -0.385822 -0.171700
v -0.719403 -0.353487 -0.210265
v -0.707847 -0.385822 -0.171700
v -0.728893 -0.371308 -0.165233
v -0.734404 -0.348303 -0.197622
v -0.719403 -0.353487 -0.210265
v -0.734404 -0.348303 -0.197622
v -0.729535 -0.315826 -0.258729
v -0.723633 -0.313490 -0.230517
v -0.745955 -0.338373 -0.220206
v -0.745955 -0.338373 -0.220206
v -0.750554 -0.343387 -0.251008
v -0.750554 -0.343387 -0.251008
v -0.557709 -0.356629 -0.268862
v -0.532241 -0.393299 -0.244675
v -0.581601 -0.418565 -0.259546
v -0.601821 -0.382506 -0.271815
v -0.608873 -0.361875 -0.227090
v -0.585852 -0.403371 -0.195889
v -0.544727 -0.380692 -0.200693
v -0.569008 -0.345493 -0.230125
v -0.513421 -0.303944 -0.224439
v -0.501928 -0.316037 -0.285595
v -0.468721 -0.233343 -0.211900
v -0.486679 -0.280227 -0.256401
v -0.459666 -0.377884 -0.261276
v -0.663758 -0.454826 -0.214288
v -0.677331 -0.416417 -0.193567
v -0.699347 -0.420491 -0.167967
v -0.692723 -0.392263 -0.245357
v -0.677331 -0.416417 -0.193567
v -0.683841 -0.426439 -0.263612
v -0.663758 -0.454826 -0.214288
v -0.696824 -0.450926 -0.182325
v -0.699347 -0.420491 -0.167967
v -0.649130 -0.416952 -0.281810
v -0.642718 -0.454511 -0.240779
v -0.745984 -0.356029 -0.302788
v -0.776561 -0.345156 -0.295284
v -0.767793 -0.331498 -0.288535
v -0.778701 -0.343240 -0.275590
v -0.778701 -0.343240 -0.275590
v -0.776561 -0.345156 -0.295284
v -0.749288 -0.329882 -0.169667
v -0.747552 -0.338598 -0.156727
v -0.751685 -0.354459 -0.160244
v -0.751685 -0.354459 -0.160244
v -0.756084 -0.342178 -0.181063
v -0.756084 -0.342178 -0.181063
v -0.760972 -0.309757 -0.245528
v -0.758023 -0.309635 -0.231433
v -0.760026 -0.327563 -0.222172
v -0.760026 -0.327563 -0.222172
v -0.766947 -0.327031 -0.248057
v -0.766947 -0.327031 -0.248057
v -0.700077 -0.438497 -0.149950
v -0.702264 -0.460035 -0.153534
v -0.713556 -0.453554 -0.170266
v -0.715471 -0.428957 -0.157981
v -0.715471 -0.428957 -0.157981
v -0.483479 -0.349673 -0.185270
v -0.499363 -0.346442 -0.242673
v -0.379186 -0.367164 -0.277549
v -0.436568 -0.331105 -0.283867
v -0.427369 -0.322717 -0.169146
v -0.474407 -0.301703 -0.196203
v -0.424710 -0.351237 -0.225945
v -0.453071 -0.272541 -0.300089
v -0.486679 -0.280227 -0.256401
v -0.453071 -0.272541 -0.300089
v -0.436568 -0.331105 -0.283867
v -0.427369 -0.322717 -0.169146
v -0.474407 -0.301703 -0.196203
v -0.573771 -0.435728 -0.214332
v -0.483479 -0.349673 -0.185270
v -0.544727 -0.380692 -0.200693
v -0.379186 -0.367164 -0.277549
v -0.424710 -0.351237 -0.225945
v -0.585852 -0.403371 -0.195889
v -0.468721 -0.233343 -0.211900
v -0.427369 -0.322717 -0.169146
v -0.612314 0.309966 -0.136542
v -0.636923 0.325443 -0.114685
v -0.589081 0.358563 -0.123101
v -0.574288 0.347243 -0.137201
v -0.677712 0.297276 -0.090791
v -0.649068 0.281654 -0.116168
v -0.677634 0.241980 -0.066632
v -0.726167 0.262496 -0.048215
v -0.547987 0.382164 -0.126503
v -0.560853 0.386108 -0.115186
v -0.517053 0.461176 -0.071802
v -0.652897 0.300808 -0.065568
v -0.616558 0.316982 -0.092776
v -0.577601 0.348540 -0.099753
v -0.693281 0.251128 -0.017457
v -0.685608 0.271533 -0.027370
v -0.556586 0.376981 -0.094063
v -0.622577 0.273592 -0.077078
v -0.593412 0.299938 -0.102877
v -0.564332 0.335649 -0.117335
v -0.593412 0.299938 -0.102877
v -0.668752 0.259007 -0.030333
v -0.637845 0.257990 -0.056173
v -0.542929 0.376168 -0.108478
v -0.712652 0.225098 -0.037392
v -0.139616 -0.246882 -0.090133
v -0.093889 -0.279990 -0.091864
v -0.074881 -0.406572 -0.073182
v -0.057815 -0.349479 -0.088511
v -0.042137 -0.333699 -0.069540
v 0.091425 -0.434736 -0.010242
v -0.140510 -0.409252 -0.049102
v 0.084555 -0.367001 -0.029207
v -0.102829 -0.319419 -0.132569
v -0.153918 -0.308392 -0.168701
v -0.143128 -0.421245 -0.067922
v -0.267525 -0.350248 -0.056717
v -0.493113 -0.266624 -0.140272
v -0.502669 -0.300580 -0.097070
v -0.559121 -0.255959 -0.109499
v -0.567564 -0.282382 -0.065269
v -0.510171 -0.326612 -0.058778
v 0.416299 -0.295267 -0.009841
v 0.543296 -0.235259 -0.037120
v 0.563879 -0.264217 -0.029733
v 0.437959 -0.338919 -0.000856
v 0.245479 -0.355123 -0.006934
v 0.258448 -0.410995 0.001575
v -0.226213 -0.216200 -0.069435
v -0.317989 -0.096576 -0.067798
v -0.409622 -0.149797 -0.166379
v -0.409329 -0.154545 -0.140530
v -0.448493 -0.260234 -0.134724
v -0.521507 0.194403 -0.044240
v -0.588136 0.259323 -0.064107
v -0.569733 0.228121 -0.075399
v -0.611126 0.211746 -0.075053
v -0.677634 0.241980 -0.066632
v -0.667980 0.219092 -0.077582
v -0.693734 0.206437 -0.065239
v -0.701248 0.128275 -0.040272
v -0.454063 0.032680 -0.027052
v -0.489351 0.025392 -0.062619
v -0.491102 0.083673 -0.055829
v -0.537997 0.027309 -0.078951
v -0.527267 0.079424 -0.070250
v 0.649659 -0.176507 -0.074727
v -0.274292 -0.315741 -0.106311
v -0.391332 -0.295400 -0.095416
v -0.337357 -0.244230 -0.114437
v -0.245753 -0.302847 -0.132686
v -0.418088 -0.322024 -0.054436
v -0.292938 -0.182617 -0.109201
v -0.433794 -0.103407 -0.150217
v -0.553715 -0.154760 -0.176133
v -0.591986 -0.214063 -0.136329
v -0.539815 -0.259691 -0.143060
v -0.541390 -0.221971 -0.156078
v -0.628131 -0.133260 -0.075282
v -0.438759 -0.310659 -0.184727
v -0.387759 -0.267913 -0.238252
v -0.389521 -0.245940 -0.190264
v -0.438659 -0.298788 -0.168475
v -0.539815 -0.259691 -0.143060
v -0.591986 -0.214063 -0.136329
v -0.535635 -0.250750 -0.202533
v -0.509249 -0.288627 -0.174021
v -0.482990 -0.305812 -0.195661
v -0.438759 -0.310659 -0.184727
v -0.438659 -0.298788 -0.168475
v -0.409622 -0.149797 -0.166379
v -0.448493 -0.260234 -0.134724
v -0.400176 -0.235221 -0.156527
v -0.388734 -0.104495 -0.182919
v -0.246316 -0.385301 -0.069159
v -0.057815 -0.349479 -0.088511
v -0.124799 -0.448342 -0.101387
v -0.102829 -0.319419 -0.132569
v -0.245753 -0.302847 -0.132686
v -0.153918 -0.308392 -0.168701
v -0.181116 -0.438911 -0.155649
v -0.248998 -0.420332 -0.154969
v -0.141225 -0.442433 -0.050090
v -0.074881 -0.406572 -0.073182
v -0.143128 -0.421245 -0.067922
v -0.274292 -0.315741 -0.106311
v -0.278833 -0.413643 -0.099841
v -0.115610 -0.545985 -0.080079
v -0.061015 -0.638820 -0.041202
v -0.066605 -0.649895 -0.065803
v -0.136690 -0.547317 -0.114803
v -0.140144 -0.638874 -0.085842
v -0.211187 -0.561316 -0.112775
v -0.145303 -0.472499 -0.055013
v -0.229355 -0.487871 -0.043374
v -0.198952 -0.545483 -0.040303
v -0.128075 -0.548713 -0.044848
v -0.229355 -0.487871 -0.043374
v -0.284835 -0.511269 -0.085002
v -0.237667 -0.556680 -0.078371
v -0.198952 -0.545483 -0.040303
v -0.249571 -0.510442 -0.129616
v -0.281902 -0.487145 -0.087747
v -0.256156 -0.494976 -0.137061
v -0.189723 -0.486673 -0.141936
v -0.127773 -0.476267 -0.096659
v -0.247625 -0.435916 -0.027714
v -0.644504 0.230764 -0.085769
v -0.642619 0.201694 -0.067165
v -0.659479 0.150557 -0.051431
v -0.597076 0.186274 -0.088473
v -0.579879 0.168950 -0.040066
v -0.089151 -0.681920 -0.019738
v -0.138242 -0.773678 0.007189
v -0.117983 -0.795445 -0.095877
v -0.082045 -0.675840 -0.083813
v -0.117983 -0.795445 -0.095877
v -0.165805 -0.743053 -0.092919
v -0.137812 -0.662503 -0.091129
v -0.082045 -0.675840 -0.083813
v -0.136797 -0.666157 -0.035288
v -0.187169 -0.725646 -0.030945
v -0.138242 -0.773678 0.007189
v -0.089151 -0.681920 -0.019738
v -0.150316 -0.663138 -0.070418
v -0.061015 -0.638820 -0.041202
v -0.076810 -0.642665 -0.018632
v -0.140144 -0.638874 -0.085842
v -0.066605 -0.649895 -0.065803
v -0.139226 -0.631720 -0.034492
v -0.076810 -0.642665 -0.018632
v -0.154029 -0.630553 -0.065512
v -0.066605 -0.649895 -0.065803
v -0.146849 -0.820482 -0.110202
v -0.213989 -0.815907 -0.106738
v -0.203026 -0.856367 -0.089526
v -0.201393 -0.841424 -0.085129
v -0.201393 -0.841424 -0.085129
v -0.203026 -0.856367 -0.089526
v -0.189835 -0.851516 -0.095815
v -0.165254 -0.819967 -0.073064
v -0.187252 -0.853517 -0.117973
v -0.146849 -0.820482 -0.110202
v -0.234495 -0.797250 -0.011337
v -0.206467 -0.811995 0.018267
v -0.206467 -0.811995 0.018267
v -0.211695 -0.817796 0.008716
v -0.184103 -0.800214 -0.010948
v -0.211648 -0.840764 -0.017501
v -0.219199 -0.839408 -0.011848
v -0.211648 -0.840764 -0.017501
v -0.219199 -0.839408 -0.011848
v -0.238193 -0.810836 -0.076938
v -0.246986 -0.806416 -0.051419
v -0.227673 -0.844501 -0.030091
v -0.227673 -0.844501 -0.030091
v -0.216502 -0.855834 -0.071807
v -0.216502 -0.855834 -0.071807
v -0.446383 -0.268585 -0.257682
v -0.409599 -0.344819 -0.263786
v -0.448247 -0.304117 -0.270800
v -0.392560 -0.013807 -0.050353
v -0.490778 -0.036643 -0.127475
v -0.453453 -0.006306 -0.060594
v -0.488489 -0.045566 -0.114785
v -0.352547 -0.022691 -0.094951
v -0.334962 -0.099841 -0.127714
v -0.387541 -0.060282 -0.160340
v -0.344993 -0.027345 -0.199458
v -0.387541 -0.060282 -0.160340
v -0.394138 0.011733 -0.144234
v -0.356797 0.021436 -0.188436
v -0.318911 -0.009636 -0.156699
v -0.352547 -0.022691 -0.094951
v -0.334962 -0.099841 -0.127714
v -0.305565 -0.060500 -0.169539
v -0.305565 -0.060500 -0.169539
v -0.334962 -0.099841 -0.127714
v -0.220050 0.058514 -0.338474
v -0.227751 0.085726 -0.330792
v -0.105426 0.191839 -0.416322
v -0.100261 0.167032 -0.432339
v -0.017811 0.287104 -0.484614
v -0.080260 0.181814 -0.401172
v 0.037147 0.302132 -0.486547
v -0.201881 0.071761 -0.317757
v -0.194400 0.041027 -0.327069
v -0.078413 0.157506 -0.418081
v 0.008481 0.283033 -0.522637
v 0.039597 0.275402 -0.507853
v -0.078413 0.157506 -0.418081
v -0.194400 0.041027 -0.327069
v -0.692566 0.187886 -0.059888
v -0.700068 0.175793 -0.045878
v -0.719002 0.195310 -0.046122
v -0.718147 0.209062 -0.031163
v -0.699030 0.213379 -0.050109
v -0.748932 0.174172 -0.029671
v -0.741044 0.148666 -0.029284
v 0.231413 0.500639 -0.853759
v 0.130678 0.374265 -0.662420
v 0.131388 0.391690 -0.652046
v 0.235071 0.519635 -0.845076
v 0.249248 0.487114 -0.849210
v 0.148457 0.365766 -0.654078
v 0.146397 0.386249 -0.648339
v 0.148457 0.365766 -0.654078
v 0.249248 0.487114 -0.849210
v 0.260467 0.516022 -0.835622
v 0.352973 0.884121 -1.250000
v 0.314870 0.680512 -1.074874
v 0.318457 0.690782 -1.064060
v 0.021347 0.323526 -0.520493
v 0.323240 0.675804 -1.069124
v 0.330548 0.689295 -1.063872
v 0.323240 0.675804 -1.069124
v 0.039597 0.275402 -0.507853
v 0.008481 0.283033 -0.522637
v -0.017811 0.287104 -0.484614
v -0.043533 0.361178 -0.471336
v -0.049419 0.377881 -0.494729
v -0.027210 0.386103 -0.497211
v 0.021347 0.323526 -0.520493
v 0.037147 0.302132 -0.486547
v -0.030124 0.381203 -0.473421
v -0.043533 0.361178 -0.471336
v -0.017811 0.287104 -0.484614
v -0.067092 0.392287 -0.467562
v -0.130749 0.467740 -0.438511
v -0.067092 0.392287 -0.467562
v -0.081828 0.365833 -0.451345
v -0.081828 0.365833 -0.451345
v -0.715163 0.103766 -0.023440
v -0.673148 0.190390 -0.058823
v -0.655107 0.180142 -0.072887
v -0.667147 0.178457 -0.057719
v -0.680482 0.145437 -0.046420
v -0.642963 0.179688 -0.066429
v -0.721256 0.153835 -0.040621
v -0.735367 0.154760 -0.037729
v -0.737505 0.152217 -0.034339
v -0.740754 0.148350 -0.029183
v -0.712216 0.148940 -0.028938
v -0.673564 0.181791 -0.044871
v -0.567240 0.197799 -0.063148
v -0.510452 0.221210 -0.153189
v -0.569733 0.228121 -0.075399
v -0.567240 0.197799 -0.063148
v -0.533758 0.131087 -0.060782
v -0.497821 0.139251 -0.039055
v -0.187252 -0.853517 -0.117973
v -0.224413 -0.880680 -0.104158
v -0.224413 -0.880680 -0.104158
v -0.255412 -0.853317 0.020729
v -0.255412 -0.853317 0.020729
v -0.262051 -0.884123 -0.055949
v -0.262051 -0.884123 -0.055949
v -0.677719 0.187658 -0.059689
v -0.712216 0.148940 -0.028938
v -0.727908 0.134752 -0.021979
v -0.642619 0.201694 -0.067165
v -0.611126 0.211746 -0.075053
v -0.650827 0.139573 -0.053111
v -0.642963 0.179688 -0.066429
v -0.667147 0.178457 -0.057719
v -0.680482 0.145437 -0.046420
v -0.688646 0.177486 -0.038923
v -0.700068 0.175793 -0.045878
v -0.677719 0.187658 -0.059689
v -0.721256 0.153835 -0.040621
v -0.740754 0.148350 -0.029183
v -0.737505 0.152217 -0.034339
v -0.735772 0.154913 -0.035581
v -0.735367 0.154760 -0.037729
v -0.673148 0.190390 -0.058823
v -0.652879 0.191737 -0.062318
v -0.139226 -0.631720 -0.034492
v -0.076810 -0.642665 -0.018632
v -0.154029 -0.630553 -0.065512
v -0.139226 -0.631720 -0.034492
v -0.569733 0.228121 -0.075399
v -0.510452 0.221210 -0.153189
v -0.727908 0.134752 -0.021979
v -0.247625 -0.435916 -0.027714
v -0.246316 -0.385301 -0.069159
v -0.246316 -0.385301 -0.069159
v -0.488996 -0.166940 -0.255916
v -0.484054 -0.183674 -0.237429
v -0.579879 0.168950 -0.040066
v -0.650827 0.139573 -0.053111
v -0.570338 0.072504 -0.041052
v -0.571632 0.122869 -0.038159
v -0.673564 0.181791 -0.044871
v -0.473315 -0.112089 -0.191693
v -0.551605 -0.137307 -0.169107
v -0.449488 -0.277848 -0.140974
v -0.493113 -0.266624 -0.140272
v -0.541390 -0.221971 -0.156078
v -0.486183 -0.065030 -0.118801
v -0.488606 -0.096083 -0.168008
v -0.451747 -0.099287 -0.191475
v -0.570033 -0.125814 -0.128096
v -0.391556 -0.189022 -0.223966
v -0.451747 -0.099287 -0.191475
v -0.388734 -0.104495 -0.182919
v -0.400176 -0.235221 -0.156527
v -0.483864 -0.287445 -0.227172
v -0.484011 -0.286932 -0.227076
v -0.449488 -0.277848 -0.140974
v -0.509655 -0.105638 -0.228255
v -0.551605 -0.137307 -0.169107
v -0.522604 -0.054502 -0.181716
v -0.522604 -0.054502 -0.181716
v -0.521507 0.194403 -0.044240
v -0.567240 0.197799 -0.063148
v -0.579879 0.168950 -0.040066
v -0.451802 -0.334316 -0.195755
v -0.478518 -0.353871 -0.203269
v -0.440010 -0.366021 -0.267860
v -0.473694 -0.327979 -0.276189
v -0.493999 -0.318621 -0.241445
v -0.472039 -0.291721 -0.232769
v -0.583030 0.022165 -0.045187
v -0.553715 -0.154760 -0.176133
v -0.571358 -0.198527 -0.140934
v -0.609242 -0.047412 -0.064010
v -0.557832 -0.047138 -0.100009
v -0.471336 -0.307312 -0.202190
v -0.451802 -0.334316 -0.195755
v -0.449488 -0.277848 -0.140974
v -0.394138 0.011733 -0.144234
v -0.481598 -0.100404 -0.150265
v -0.473315 -0.112089 -0.191693
v -0.424655 -0.024433 -0.071910
v -0.617248 -0.220590 -0.074776
v -0.712652 0.225098 -0.037392
v -0.611126 0.211746 -0.075053
v -0.745594 0.191540 -0.012717
v -0.739880 0.211507 -0.009754
v -0.577482 0.239402 -0.112377
v -0.610737 0.251604 -0.118103
v -0.526107 0.309116 -0.170761
v -0.515861 0.293623 -0.161633
v -0.460712 0.356235 -0.177217
v -0.455286 0.348993 -0.173857
v -0.417620 0.403183 -0.156345
v -0.590766 0.282198 -0.089678
v -0.525981 0.322513 -0.147637
v -0.468330 0.362084 -0.164148
v -0.569963 0.266945 -0.089901
v -0.513708 0.305015 -0.139553
v -0.453599 0.353821 -0.159270
v -0.453599 0.353821 -0.159270
v -0.611126 0.211746 -0.075053
v -0.644504 0.230764 -0.085769
v -0.513708 0.305015 -0.139553
v -0.569963 0.266945 -0.089901
v -0.588136 0.259323 -0.064107
v -0.622577 0.273592 -0.077078
v -0.564332 0.335649 -0.117335
v -0.542929 0.376168 -0.108478
v -0.697108 -0.399982 -0.300006
v -0.637845 0.257990 -0.056173
v -0.588136 0.259323 -0.064107
v -0.637845 0.257990 -0.056173
v -0.668752 0.259007 -0.030333
v -0.693281 0.251128 -0.017457
v -0.637845 0.257990 -0.056173
v -0.647184 0.271383 -0.033692
v -0.646276 0.214643 -0.047751
v -0.653371 0.334854 -0.025805
v -0.527115 0.411142 -0.015774
v -0.550899 0.301826 -0.017392
v -0.549712 0.237442 -0.025568
v -0.532956 0.186401 -0.024013
v -0.425383 0.260939 -0.014988
v -0.514219 0.163953 -0.025815
v -0.414164 0.109319 -0.018645
v -0.469968 0.105493 -0.024045
v -0.485727 0.129427 -0.021249
v -0.808641 -0.331627 -0.224717
v -0.808641 -0.331627 -0.224717
v -0.793542 -0.344713 -0.158905
v -0.793542 -0.344713 -0.158905
v -0.810958 -0.345426 -0.285212
v -0.810958 -0.345426 -0.285212
v -0.748281 -0.457277 -0.154163
v -0.713556 -0.453554 -0.170266
v -0.748281 -0.457277 -0.154163
v -0.696824 -0.450926 -0.182325
v -0.489637 -0.336120 -0.214174
v -0.478518 -0.353871 -0.203269
v -0.725486 0.164124 -0.030657
v -0.698271 0.142122 -0.039674
v -0.713437 0.170370 -0.022071
v -0.716166 0.170385 -0.038990
v -0.703145 0.178587 -0.036743
v -0.737401 0.158156 -0.036214
v -0.721213 0.134200 -0.031425
v -0.741297 0.154004 -0.021232
v -0.725486 0.164124 -0.030657
v -0.741297 0.154004 -0.021232
v -0.725486 0.164124 -0.030657
v -0.710373 0.139850 -0.027833
v -0.725815 0.162824 -0.023937
v -0.700542 0.144449 -0.016040
v -0.719790 0.132841 -0.011647
v -0.700542 0.144449 -0.016040
v -0.684534 0.160184 -0.033168
v -0.701091 0.172247 -0.031400
v -0.689141 0.154944 -0.023826
v -0.692773 0.154834 -0.035725
v -0.696812 0.148743 -0.030237
v -0.684534 0.160184 -0.033168
v -0.724223 0.130300 -0.017030
v -0.738869 0.146323 -0.013133
v -0.719790 0.132841 -0.011647
v -0.730347 0.125918 -0.007253
v -0.719790 0.132841 -0.011647
v -0.317989 -0.096576 -0.067798
v -0.242321 -0.206573 -0.038919
# num_vertices: 1268

vt 0.853300 0.854500
vt 0.830900 0.943100
vt 0.763300 0.949500
vt 0.800200 0.811600
vt 0.853300 0.854500
vt 0.929900 0.938300
vt 0.906700 0.940900
vt 0.927300 0.890400
vt 0.950900 0.893500
vt 0.696300 0.956000
vt 0.681700 0.717300
vt 0.717900 0.724300
vt 0.559100 0.925300
vt 0.465600 0.963000
vt 0.461500 0.931500
vt 0.505100 0.890000
vt 0.532100 0.793000
vt 0.513800 0.762800
vt 0.539900 0.780500
vt 0.372100 0.991600
vt 0.630900 0.951400
vt 0.628800 0.787700
vt 0.109000 0.471500
vt 0.130200 0.543600
vt 0.086700 0.566100
vt 0.048100 0.540500
vt 0.563900 0.925800
vt 0.528800 0.858200
vt 0.709400 0.666700
vt 0.720400 0.669300
vt 0.732200 0.671700
vt 0.756900 0.731200
vt 0.726500 0.614100
vt 0.706900 0.553600
vt 0.673800 0.542300
vt 0.678400 0.512600
vt 0.720500 0.507500
vt 0.803000 0.622800
vt 0.797700 0.662500
vt 0.758100 0.646900
vt 0.791800 0.591400
vt 0.756800 0.613200
vt 0.735700 0.523900
vt 0.762300 0.564900
vt 0.742100 0.582600
vt 0.638800 0.544300
vt 0.646300 0.503800
vt 0.699600 0.470200
vt 0.712300 0.469800
vt 0.823700 0.571100
vt 0.830200 0.590900
vt 0.765400 0.512000
vt 0.794600 0.536200
vt 0.863900 0.575300
vt 0.855500 0.554100
vt 0.873900 0.552900
vt 0.573500 0.091600
vt 0.587700 0.077200
vt 0.600500 0.085500
vt 0.598600 0.117700
vt 0.804900 0.491600
vt 0.792900 0.486800
vt 0.773000 0.485200
vt 0.781800 0.475300
vt 0.623500 0.066200
vt 0.626600 0.055200
vt 0.648400 0.055500
vt 0.652500 0.069600
vt 0.820000 0.504300
vt 0.822000 0.486100
vt 0.837900 0.523700
vt 0.843500 0.529600
vt 0.837400 0.500800
vt 0.594000 0.066400
vt 0.607800 0.056000
vt 0.865800 0.530900
vt 0.776000 0.320100
vt 0.779700 0.275100
vt 0.815000 0.273100
vt 0.828500 0.320500
vt 0.736300 0.274000
vt 0.732000 0.308400
vt 0.685100 0.300100
vt 0.693400 0.262300
vt 0.767300 0.383700
vt 0.713300 0.368600
vt 0.731700 0.404000
vt 0.689100 0.436100
vt 0.832700 0.391200
vt 0.659500 0.489200
vt 0.725700 0.457700
vt 0.745600 0.490000
vt 0.623700 0.098900
vt 0.657500 0.097800
vt 0.625000 0.120400
vt 0.659500 0.123700
vt 0.685100 0.097300
vt 0.686900 0.116000
vt 0.616900 0.140300
vt 0.648200 0.140500
vt 0.875200 0.587900
vt 0.883800 0.569900
vt 0.889400 0.576200
vt 0.888800 0.558700
vt 0.564900 0.077200
vt 0.571600 0.069100
vt 0.797600 0.469000
vt 0.803600 0.471500
vt 0.792000 0.463300
vt 0.631300 0.041200
vt 0.644400 0.042000
vt 0.812100 0.468700
vt 0.853000 0.510000
vt 0.855800 0.512900
vt 0.852800 0.498500
vt 0.588500 0.056600
vt 0.601300 0.050100
vt 0.867000 0.513500
vt 0.700900 0.455800
vt 0.708400 0.456200
vt 0.698300 0.097800
vt 0.699800 0.112600
vt 0.714200 0.447000
vt 0.657200 0.348300
vt 0.295200 0.525900
vt 0.294200 0.543900
vt 0.273800 0.550200
vt 0.276300 0.507700
vt 0.296000 0.509900
vt 0.277400 0.528000
vt 0.315300 0.542100
vt 0.311200 0.524800
vt 0.753900 0.439000
vt 0.800800 0.426900
vt 0.624600 0.391100
vt 0.672600 0.385400
vt 0.854000 0.268000
vt 0.874400 0.313800
vt 0.895100 0.362400
vt 0.873700 0.415400
vt 0.841500 0.462000
vt 0.884400 0.278600
vt 0.316800 0.504000
vt 0.925000 0.406200
vt 0.894200 0.182400
vt 0.910900 0.152900
vt 0.894300 0.142500
vt 0.868700 0.174300
vt 0.845100 0.202000
vt 0.809200 0.234200
vt 0.846200 0.249200
vt 0.875200 0.208400
vt 0.921800 0.125600
vt 0.944500 0.056800
vt 0.910000 0.119000
vt 0.828900 0.180500
vt 0.852100 0.154500
vt 0.876600 0.126300
vt 0.784000 0.214600
vt 0.797500 0.206400
vt 0.894900 0.106900
vt 0.815600 0.153500
vt 0.839300 0.134900
vt 0.926200 0.164900
vt 0.914200 0.201900
vt 0.789300 0.193700
vt 0.797700 0.165700
vt 0.934300 0.128800
vt 0.769200 0.261700
vt 0.809700 0.261300
vt 0.478400 0.468400
vt 0.503000 0.441300
vt 0.538400 0.480300
vt 0.526200 0.509400
vt 0.514500 0.353300
vt 0.530000 0.400400
vt 0.502800 0.382800
vt 0.554600 0.270300
vt 0.584400 0.309200
vt 0.468400 0.342300
vt 0.453000 0.428900
vt 0.478400 0.413100
vt 0.538900 0.243600
vt 0.446200 0.307800
vt 0.474500 0.360500
vt 0.389000 0.378300
vt 0.368900 0.350000
vt 0.284700 0.491100
vt 0.250100 0.509200
vt 0.271200 0.477300
vt 0.223800 0.438800
vt 0.251100 0.459800
vt 0.229900 0.492100
vt 0.197300 0.472600
vt 0.746300 0.163400
vt 0.817200 0.110000
vt 0.825700 0.125400
vt 0.757900 0.182500
vt 0.731500 0.138000
vt 0.807500 0.090600
vt 0.801700 0.081300
vt 0.724900 0.126500
vt 0.621200 0.340000
vt 0.659100 0.235000
vt 0.680400 0.258500
vt 0.639300 0.205500
vt 0.628700 0.186200
vt 0.446700 0.616400
vt 0.408700 0.591800
vt 0.447300 0.516000
vt 0.490500 0.541700
vt 0.324600 0.547500
vt 0.317200 0.485700
vt 0.336600 0.546200
vt 0.406600 0.804600
vt 0.475600 0.822500
vt 0.415500 0.924400
vt 0.318000 0.882100
vt 0.328900 0.835300
vt 0.275700 0.826600
vt 0.221600 0.903900
vt 0.183000 0.871300
vt 0.223300 0.869900
vt 0.481800 0.743600
vt 0.509000 0.716700
vt 0.463800 0.681300
vt 0.356000 0.724500
vt 0.328200 0.744000
vt 0.286700 0.719300
vt 0.312300 0.686200
vt 0.338900 0.706400
vt 0.254200 0.709700
vt 0.265700 0.677100
vt 0.880800 0.065700
vt 0.887100 0.077500
vt 0.873000 0.048100
vt 0.392300 0.421600
vt 0.415400 0.457200
vt 0.375500 0.483500
vt 0.340900 0.444400
vt 0.309000 0.418700
vt 0.405100 0.530600
vt 0.284900 0.392300
vt 0.337100 0.580800
vt 0.691200 0.646500
vt 0.656300 0.645800
vt 0.654000 0.662800
vt 0.687300 0.672300
vt 0.177400 0.576300
vt 0.177400 0.576000
vt 0.218500 0.580600
vt 0.284100 0.052400
vt 0.297300 0.058000
vt 0.274300 0.119700
vt 0.229400 0.099900
vt 0.023400 0.140400
vt 0.051800 0.104600
vt 0.075400 0.152800
vt 0.017900 0.209300
vt 0.039000 0.041000
vt 0.056800 0.037400
vt 0.074700 0.077900
vt 0.680500 0.574600
vt 0.676100 0.555500
vt 0.626900 0.597900
vt 0.630600 0.603500
vt 0.417100 0.380200
vt 0.499500 0.207700
vt 0.473000 0.218700
vt 0.486600 0.138000
vt 0.388900 0.235800
vt 0.392100 0.168000
vt 0.430400 0.150600
vt 0.444300 0.227700
vt 0.524600 0.138900
vt 0.543700 0.171400
vt 0.519600 0.197400
vt 0.364900 0.222400
vt 0.356900 0.172900
vt 0.479500 0.080300
vt 0.446800 0.081200
vt 0.475600 0.008500
vt 0.489600 0.016400
vt 0.400500 0.077100
vt 0.420300 0.018100
vt 0.514300 0.106900
vt 0.509900 0.074200
vt 0.554700 0.078200
vt 0.568600 0.108500
vt 0.326500 0.115300
vt 0.338600 0.068900
vt 0.374600 0.078900
vt 0.364700 0.106600
vt 0.389200 0.109300
vt 0.386100 0.130800
vt 0.357900 0.133000
vt 0.424800 0.123300
vt 0.483000 0.109900
vt 0.587000 0.122100
vt 0.239600 0.834800
vt 0.257600 0.868100
vt 0.509400 0.632800
vt 0.616500 0.604900
vt 0.576400 0.543400
vt 0.609900 0.663500
vt 0.544100 0.693700
vt 0.750800 0.015400
vt 0.764100 0.034700
vt 0.730700 0.058400
vt 0.716000 0.019700
vt 0.986000 0.743000
vt 0.950900 0.802500
vt 0.918900 0.785200
vt 0.929600 0.727800
vt 0.882100 0.796200
vt 0.849300 0.823100
vt 0.811400 0.776400
vt 0.867200 0.740400
vt 0.905500 0.783300
vt 0.775100 0.011300
vt 0.765700 0.005400
vt 0.914500 0.801400
vt 0.952400 0.832800
vt 0.890900 0.809600
vt 0.863200 0.849100
vt 0.904400 0.800700
vt 0.776600 0.021200
vt 0.982100 0.722400
vt 0.949400 0.693400
vt 0.935100 0.667300
vt 0.951800 0.659800
vt 0.695500 0.067700
vt 0.708600 0.056900
vt 0.702300 0.073900
vt 0.696300 0.074700
vt 0.707400 0.081100
vt 0.721200 0.068200
vt 0.811200 0.731300
vt 0.838200 0.719400
vt 0.685600 0.021300
vt 0.696700 0.032000
vt 0.683000 0.026300
vt 0.679300 0.043700
vt 0.675800 0.037600
vt 0.842500 0.682700
vt 0.833900 0.687300
vt 0.884400 0.686600
vt 0.901400 0.682500
vt 0.856000 0.670300
vt 0.675200 0.052600
vt 0.685100 0.067900
vt 0.917200 0.648000
vt 0.167500 0.097000
vt 0.164200 0.076300
vt 0.214600 0.073700
vt 0.417100 0.657300
vt 0.381700 0.649800
vt 0.382300 0.692600
vt 0.304000 0.636600
vt 0.310500 0.630400
vt 0.343700 0.666600
vt 0.374400 0.634800
vt 0.385000 0.606100
vt 0.377200 0.600700
vt 0.974800 0.594600
vt 0.958000 0.593900
vt 0.955700 0.617200
vt 0.974200 0.618000
vt 0.939900 0.593100
vt 0.939200 0.616400
vt 0.915100 0.615400
vt 0.920300 0.592300
vt 0.992500 0.618800
vt 0.992800 0.595300
vt 0.977900 0.517000
vt 0.976500 0.451700
vt 0.963900 0.446600
vt 0.962300 0.516800
vt 0.963400 0.394400
vt 0.951400 0.384600
vt 0.949500 0.450600
vt 0.945300 0.516700
vt 0.929600 0.449900
vt 0.927400 0.516600
vt 0.975700 0.385000
vt 0.987900 0.452200
vt 0.989200 0.385600
vt 0.988000 0.517500
vt 0.168500 0.850400
vt 0.139600 0.876900
vt 0.140400 0.841600
vt 0.173600 0.891100
vt 0.143500 0.906300
vt 0.027500 0.887700
vt 0.071000 0.843400
vt 0.087600 0.875300
vt 0.976200 0.229000
vt 0.966000 0.228700
vt 0.962300 0.313500
vt 0.975900 0.314000
vt 0.985100 0.314400
vt 0.985300 0.229400
vt 0.952100 0.313100
vt 0.956100 0.228300
vt 0.941700 0.227700
vt 0.939700 0.312600
vt 0.962900 0.030500
vt 0.967900 0.128300
vt 0.976900 0.128600
vt 0.964900 0.377900
vt 0.981900 0.128800
vt 0.944800 0.127400
vt 0.959700 0.128000
vt 0.935500 0.383600
vt 0.005200 0.326000
vt 0.103200 0.340100
vt 0.094600 0.310100
vt 0.008200 0.296900
vt 0.006300 0.363700
vt 0.096200 0.364400
vt 0.010200 0.395400
vt 0.102000 0.392700
vt 0.004500 0.428100
vt 0.090700 0.416400
vt 0.255000 0.361500
vt 0.149400 0.323900
vt 0.155400 0.413800
vt 0.119700 0.292300
vt 0.116800 0.431400
vt 0.448500 0.723200
vt 0.418100 0.745800
vt 0.442700 0.798600
vt 0.192600 0.839900
vt 0.193600 0.825000
vt 0.212900 0.820000
vt 0.147000 0.795600
vt 0.225500 0.810700
vt 0.105200 0.832100
vt 0.088400 0.842000
vt 0.070800 0.843300
vt 0.080800 0.841600
vt 0.474400 0.604500
vt 0.438100 0.663700
vt 0.343200 0.801800
vt 0.895900 0.016100
vt 0.782700 0.042800
vt 0.791200 0.008000
vt 0.237400 0.742600
vt 0.269000 0.756000
vt 0.984800 0.690000
vt 0.980900 0.657300
vt 0.690700 0.087800
vt 0.661100 0.021700
vt 0.796800 0.692000
vt 0.874700 0.628500
vt 0.663400 0.073000
vt 0.184000 0.839100
vt 0.246500 0.404800
vt 0.266400 0.377800
vt 0.251900 0.380700
vt 0.233200 0.384400
vt 0.148300 0.439700
vt 0.181100 0.473700
vt 0.198900 0.455700
vt 0.162300 0.423000
vt 0.120300 0.455300
vt 0.134000 0.460500
vt 0.137700 0.448500
vt 0.123400 0.497400
vt 0.139400 0.501600
vt 0.140100 0.488900
vt 0.136600 0.475300
vt 0.168600 0.498900
vt 0.136600 0.516200
vt 0.156700 0.534800
vt 0.136900 0.533500
vt 0.141400 0.574200
vt 0.133300 0.527200
vt 0.132300 0.523700
vt 0.130800 0.523100
vt 0.140300 0.467300
vt 0.145600 0.453400
vt 0.496200 0.012200
vt 0.532100 0.023000
vt 0.362200 0.008000
vt 0.387100 0.017600
vt 0.558800 0.476400
vt 0.656200 0.415100
vt 0.421300 0.687900
vt 0.398000 0.712800
vt 0.980400 0.004800
vt 0.320500 0.197300
vt 0.315100 0.156400
vt 0.579200 0.428400
vt 0.602400 0.153200
vt 0.159400 0.172900
vt 0.158700 0.189800
vt 0.331800 0.981200
vt 0.766500 0.083600
vt 0.189400 0.772300
vt 0.302800 0.772500
vt 0.200300 0.730100
vt 0.211800 0.699400
vt 0.203700 0.398700
vt 0.227500 0.424900
vt 0.707700 0.631900
vt 0.704200 0.604000
vt 0.622000 0.630100
vt 0.630300 0.625000
vt 0.261500 0.521000
vt 0.310800 0.611100
vt 0.307300 0.585200
vt 0.695800 0.578900
vt 0.256000 0.581300
vt 0.240400 0.169900
vt 0.201800 0.252800
vt 0.302900 0.123700
vt 0.269400 0.241000
vt 0.106700 0.091200
vt 0.115400 0.102700
vt 0.010100 0.058100
vt 0.154800 0.240800
vt 0.159300 0.302900
vt 0.093800 0.256600
vt 0.733400 0.597200
vt 0.244100 0.787100
vt 0.276700 0.801000
vt 0.208400 0.780900
vt 0.188500 0.756800
vt 0.270800 0.032900
vt 0.205500 0.046400
vt 0.259900 0.011100
vt 0.123400 0.070500
vt 0.135600 0.042400
vt 0.165000 0.049200
vt 0.180200 0.689300
vt 0.181600 0.656700
vt 0.217300 0.669200
vt 0.264300 0.552400
vt 0.244100 0.536000
vt 0.179200 0.614400
vt 0.221600 0.628300
vt 0.183800 0.655600
vt 0.359800 0.710600
vt 0.179500 0.614300
vt 0.264800 0.628200
vt 0.082000 0.025300
vt 0.096800 0.051500
vt 0.327100 0.066100
vt 0.353300 0.624600
vt 0.301900 0.579300
vt 0.300200 0.558800
vt 0.356200 0.651400
vt 0.216100 0.532700
vt 0.159800 0.740700
vt 0.170700 0.717400
vt 0.164500 0.918900
vt 0.535500 0.527100
vt 0.096800 0.912000
vt 0.054100 0.923400
vt 0.092800 0.941500
vt 0.115900 0.934600
vt 0.110800 0.955300
vt 0.014000 0.850600
vt 0.000900 0.799900
vt 0.310400 0.335300
vt 0.372000 0.306500
vt 0.370200 0.290500
vt 0.292600 0.310300
vt 0.422200 0.276800
vt 0.426200 0.282500
vt 0.471100 0.267000
vt 0.295600 0.270600
vt 0.366400 0.269100
vt 0.420000 0.266000
vt 0.300600 0.248700
vt 0.364000 0.251100
vt 0.424900 0.253800
vt 0.432700 0.289500
vt 0.259000 0.316900
vt 0.271200 0.349000
vt 0.380000 0.320000
vt 0.326000 0.358000
vt 0.303700 0.375700
vt 0.894500 0.235100
vt 0.860000 0.112500
vt 0.885200 0.093800
vt 0.544700 0.474600
vt 0.836900 0.611600
vt 0.275800 0.250300
vt 0.251300 0.283100
vt 0.879500 0.256200
vt 0.235700 0.943800
vt 0.247800 0.982400
vt 0.202200 0.955300
vt 0.269300 0.911000
vt 0.134700 0.634300
vt 0.097600 0.650800
vt 0.094100 0.603800
vt 0.133600 0.576700
vt 0.166200 0.618400
vt 0.070500 0.637800
vt 0.031700 0.766000
vt 0.070300 0.811000
vt 0.098700 0.764300
vt 0.052700 0.749400
vt 0.116000 0.828600
vt 0.135400 0.771600
vt 0.102900 0.748700
vt 0.055100 0.741500
vt 0.007100 0.727100
vt 0.134700 0.752800
vt 0.143400 0.655600
vt 0.104700 0.666000
vt 0.174800 0.643300
vt 0.033700 0.695500
vt 0.615800 0.688200
vt 0.672600 0.679400
vt 0.625100 0.760600
vt 0.558100 0.709100
vt 0.555400 0.743600
vt 0.521400 0.738200
vt 0.029100 0.722400
vt 0.063800 0.695900
vt 0.163300 0.659500
vt 0.158500 0.719500
vt 0.060500 0.518100
vt 0.064700 0.456000
vt 0.107500 0.431400
vt 0.013200 0.473000
vt 0.005200 0.559100
vt 0.550900 0.752000
vt 0.613700 0.778600
vt 0.137500 0.741000
vt 0.063300 0.432700
vt 0.008200 0.439600
vt 0.039500 0.566300
vt 0.004600 0.568600
vt 0.010400 0.690800
vt 0.102900 0.573200
vt 0.868200 0.496200
vt 0.581400 0.029900
vt 0.802200 0.451300
vt 0.640500 0.017600
vt 0.903600 0.564500
vt 0.553900 0.059200
vt 0.702700 0.436300
vt 0.694300 0.448200
vt 0.720100 0.107000
vt 0.578900 0.445100
vt 0.686000 0.460100
vt 0.853300 0.854500
vt 0.853300 0.854500
vt 0.173000 0.522200
vt 0.191700 0.478200
vt 0.168200 0.530900
vt 0.106300 0.010100
vt 0.116900 0.026200
vt 0.994300 0.958300
vt 0.983300 0.978900
vt 0.944000 0.943200
vt 0.959300 0.994600
vt 0.937000 0.991300
vt 0.039900 0.931700
vt 0.006700 0.923000
vt 0.010500 0.987800
vt 0.064300 0.950800
vt 0.075000 0.994900
vt 0.916900 0.988200
vt 0.360300 0.737500
vt 0.387000 0.724400
vt 0.383100 0.784100
vt 0.328400 0.756500
vt 0.325100 0.798900
vt 0.004000 0.248200
vt 0.032100 0.238200
vt 0.027800 0.295500
vt 0.061100 0.243900
vt 0.068500 0.265300
vt 0.080000 0.288000
vt 0.544100 0.938100
vt 0.562700 0.932000
vt 0.561200 0.994400
vt 0.515500 0.953500
vt 0.499200 0.985100
vt 0.984000 0.897900
vt 0.953900 0.935700
vt 0.853300 0.854500
vt 0.800200 0.811600
vt 0.763300 0.949500
vt 0.830900 0.943100
vt 0.929900 0.938300
vt 0.950900 0.893500
vt 0.927300 0.890400
vt 0.906700 0.940900
vt 0.696300 0.956000
vt 0.717900 0.724300
vt 0.681700 0.717300
vt 0.559100 0.925300
vt 0.505100 0.890000
vt 0.461500 0.931500
vt 0.465600 0.963000
vt 0.532100 0.793000
vt 0.539900 0.780500
vt 0.513800 0.762800
vt 0.372100 0.991600
vt 0.628800 0.787700
vt 0.630900 0.951400
vt 0.086700 0.566100
vt 0.563900 0.925800
vt 0.528800 0.858200
vt 0.720400 0.669300
vt 0.709400 0.666700
vt 0.756900 0.731200
vt 0.732200 0.671700
vt 0.726500 0.614100
vt 0.706900 0.553600
vt 0.720500 0.507500
vt 0.678400 0.512600
vt 0.673800 0.542300
vt 0.803000 0.622800
vt 0.758100 0.646900
vt 0.797700 0.662500
vt 0.791800 0.591400
vt 0.756800 0.613200
vt 0.742100 0.582600
vt 0.762300 0.564900
vt 0.735700 0.523900
vt 0.646300 0.503800
vt 0.638800 0.544300
vt 0.699600 0.470200
vt 0.712300 0.469800
vt 0.823700 0.571100
vt 0.830200 0.590900
vt 0.794600 0.536200
vt 0.765400 0.512000
vt 0.863900 0.575300
vt 0.873900 0.552900
vt 0.855500 0.554100
vt 0.573500 0.091600
vt 0.598600 0.117700
vt 0.600500 0.085500
vt 0.587700 0.077200
vt 0.804900 0.491600
vt 0.792900 0.486800
vt 0.781800 0.475300
vt 0.773000 0.485200
vt 0.623500 0.066200
vt 0.652500 0.069600
vt 0.648400 0.055500
vt 0.626600 0.055200
vt 0.820000 0.504300
vt 0.822000 0.486100
vt 0.843500 0.529600
vt 0.837900 0.523700
vt 0.837400 0.500800
vt 0.607800 0.056000
vt 0.594000 0.066400
vt 0.865800 0.530900
vt 0.776000 0.320100
vt 0.828500 0.320500
vt 0.815000 0.273100
vt 0.779700 0.275100
vt 0.736300 0.274000
vt 0.693400 0.262300
vt 0.685100 0.300100
vt 0.732000 0.308400
vt 0.713300 0.368600
vt 0.767300 0.383700
vt 0.689100 0.436100
vt 0.731700 0.404000
vt 0.832700 0.391200
vt 0.659500 0.489200
vt 0.745600 0.490000
vt 0.725700 0.457700
vt 0.623700 0.098900
vt 0.657500 0.097800
vt 0.625000 0.120400
vt 0.659500 0.123700
vt 0.686900 0.116000
vt 0.685100 0.097300
vt 0.616900 0.140300
vt 0.648200 0.140500
vt 0.875200 0.587900
vt 0.889400 0.576200
vt 0.883800 0.569900
vt 0.888800 0.558700
vt 0.571600 0.069100
vt 0.564900 0.077200
vt 0.803600 0.471500
vt 0.797600 0.469000
vt 0.792000 0.463300
vt 0.644400 0.042000
vt 0.631300 0.041200
vt 0.812100 0.468700
vt 0.855800 0.512900
vt 0.853000 0.510000
vt 0.852800 0.498500
vt 0.601300 0.050100
vt 0.588500 0.056600
vt 0.867000 0.513500
vt 0.708400 0.456200
vt 0.700900 0.455800
vt 0.699800 0.112600
vt 0.698300 0.097800
vt 0.714200 0.447000
vt 0.657200 0.348300
vt 0.295200 0.525900
vt 0.273800 0.550200
vt 0.294200 0.543900
vt 0.276300 0.507700
vt 0.296000 0.509900
vt 0.277400 0.528000
vt 0.315300 0.542100
vt 0.311200 0.524800
vt 0.753900 0.439000
vt 0.800800 0.426900
vt 0.624600 0.391100
vt 0.672600 0.385400
vt 0.854000 0.268000
vt 0.895100 0.362400
vt 0.874400 0.313800
vt 0.841500 0.462000
vt 0.873700 0.415400
vt 0.884400 0.278600
vt 0.316800 0.504000
vt 0.925000 0.406200
vt 0.894200 0.182400
vt 0.868700 0.174300
vt 0.894300 0.142500
vt 0.910900 0.152900
vt 0.845100 0.202000
vt 0.875200 0.208400
vt 0.846200 0.249200
vt 0.809200 0.234200
vt 0.921800 0.125600
vt 0.910000 0.119000
vt 0.944500 0.056800
vt 0.828900 0.180500
vt 0.852100 0.154500
vt 0.876600 0.126300
vt 0.784000 0.214600
vt 0.797500 0.206400
vt 0.894900 0.106900
vt 0.815600 0.153500
vt 0.839300 0.134900
vt 0.926200 0.164900
vt 0.914200 0.201900
vt 0.789300 0.193700
vt 0.797700 0.165700
vt 0.934300 0.128800
vt 0.809700 0.261300
vt 0.478400 0.468400
vt 0.503000 0.441300
vt 0.514500 0.353300
vt 0.502800 0.382800
vt 0.530000 0.400400
vt 0.554600 0.270300
vt 0.468400 0.342300
vt 0.584400 0.309200
vt 0.478400 0.413100
vt 0.453000 0.428900
vt 0.474500 0.360500
vt 0.389000 0.378300
vt 0.284700 0.491100
vt 0.271200 0.477300
vt 0.250100 0.509200
vt 0.229900 0.492100
vt 0.251100 0.459800
vt 0.746300 0.163400
vt 0.817200 0.110000
vt 0.807500 0.090600
vt 0.731500 0.138000
vt 0.659100 0.235000
vt 0.639300 0.205500
vt 0.447300 0.516000
vt 0.408700 0.591800
vt 0.324600 0.547500
vt 0.336600 0.546200
vt 0.317200 0.485700
vt 0.406600 0.804600
vt 0.318000 0.882100
vt 0.328900 0.835300
vt 0.275700 0.826600
vt 0.221600 0.903900
vt 0.223300 0.869900
vt 0.183000 0.871300
vt 0.463800 0.681300
vt 0.338900 0.706400
vt 0.312300 0.686200
vt 0.286700 0.719300
vt 0.265700 0.677100
vt 0.254200 0.709700
vt 0.880800 0.065700
vt 0.392300 0.421600
vt 0.340900 0.444400
vt 0.375500 0.483500
vt 0.415400 0.457200
vt 0.309000 0.418700
vt 0.405100 0.530600
vt 0.337100 0.580800
vt 0.691200 0.646500
vt 0.687300 0.672300
vt 0.654000 0.662800
vt 0.656300 0.645800
vt 0.218500 0.580600
vt 0.284100 0.052400
vt 0.229400 0.099900
vt 0.274300 0.119700
vt 0.297300 0.058000
vt 0.023400 0.140400
vt 0.017900 0.209300
vt 0.075400 0.152800
vt 0.051800 0.104600
vt 0.074700 0.077900
vt 0.056800 0.037400
vt 0.039000 0.041000
vt 0.680500 0.574600
vt 0.630600 0.603500
vt 0.626900 0.597900
vt 0.676100 0.555500
vt 0.417100 0.380200
vt 0.499500 0.207700
vt 0.486600 0.138000
vt 0.473000 0.218700
vt 0.388900 0.235800
vt 0.444300 0.227700
vt 0.430400 0.150600
vt 0.392100 0.168000
vt 0.524600 0.138900
vt 0.519600 0.197400
vt 0.543700 0.171400
vt 0.364900 0.222400
vt 0.356900 0.172900
vt 0.479500 0.080300
vt 0.489600 0.016400
vt 0.475600 0.008500
vt 0.446800 0.081200
vt 0.420300 0.018100
vt 0.400500 0.077100
vt 0.514300 0.106900
vt 0.568600 0.108500
vt 0.554700 0.078200
vt 0.509900 0.074200
vt 0.326500 0.115300
vt 0.364700 0.106600
vt 0.374600 0.078900
vt 0.338600 0.068900
vt 0.389200 0.109300
vt 0.357900 0.133000
vt 0.386100 0.130800
vt 0.424800 0.123300
vt 0.483000 0.109900
vt 0.587000 0.122100
vt 0.257600 0.868100
vt 0.239600 0.834800
vt 0.509400 0.632800
vt 0.576400 0.543400
vt 0.616500 0.604900
vt 0.750800 0.015400
vt 0.716000 0.019700
vt 0.730700 0.058400
vt 0.764100 0.034700
vt 0.986000 0.743000
vt 0.929600 0.727800
vt 0.918900 0.785200
vt 0.950900 0.802500
vt 0.882100 0.796200
vt 0.867200 0.740400
vt 0.811400 0.776400
vt 0.849300 0.823100
vt 0.905500 0.783300
vt 0.775100 0.011300
vt 0.765700 0.005400
vt 0.914500 0.801400
vt 0.952400 0.832800
vt 0.890900 0.809600
vt 0.863200 0.849100
vt 0.904400 0.800700
vt 0.776600 0.021200
vt 0.982100 0.722400
vt 0.949400 0.693400
vt 0.951800 0.659800
vt 0.935100 0.667300
vt 0.695500 0.067700
vt 0.696300 0.074700
vt 0.702300 0.073900
vt 0.708600 0.056900
vt 0.707400 0.081100
vt 0.721200 0.068200
vt 0.838200 0.719400
vt 0.811200 0.731300
vt 0.685600 0.021300
vt 0.683000 0.026300
vt 0.696700 0.032000
vt 0.679300 0.043700
vt 0.675800 0.037600
vt 0.842500 0.682700
vt 0.833900 0.687300
vt 0.901400 0.682500
vt 0.884400 0.686600
vt 0.856000 0.670300
vt 0.675200 0.052600
vt 0.685100 0.067900
vt 0.917200 0.648000
vt 0.167500 0.097000
vt 0.214600 0.073700
vt 0.164200 0.076300
vt 0.381700 0.649800
vt 0.304000 0.636600
vt 0.343700 0.666600
vt 0.310500 0.630400
vt 0.374400 0.634800
vt 0.385000 0.606100
vt 0.377200 0.600700
vt 0.974800 0.594600
vt 0.974200 0.618000
vt 0.955700 0.617200
vt 0.958000 0.593900
vt 0.939900 0.593100
vt 0.939200 0.616400
vt 0.915100 0.615400
vt 0.920300 0.592300
vt 0.992800 0.595300
vt 0.992500 0.618800
vt 0.977900 0.517000
vt 0.962300 0.516800
vt 0.963900 0.446600
vt 0.976500 0.451700
vt 0.963400 0.394400
vt 0.949500 0.450600
vt 0.951400 0.384600
vt 0.945300 0.516700
vt 0.927400 0.516600
vt 0.929600 0.449900
vt 0.975700 0.385000
vt 0.989200 0.385600
vt 0.987900 0.452200
vt 0.988000 0.517500
vt 0.168500 0.850400
vt 0.140400 0.841600
vt 0.139600 0.876900
vt 0.143500 0.906300
vt 0.173600 0.891100
vt 0.087600 0.875300
vt 0.071000 0.843400
vt 0.976200 0.229000
vt 0.975900 0.314000
vt 0.962300 0.313500
vt 0.966000 0.228700
vt 0.985300 0.229400
vt 0.985100 0.314400
vt 0.952100 0.313100
vt 0.939700 0.312600
vt 0.941700 0.227700
vt 0.956100 0.228300
vt 0.962900 0.030500
vt 0.976900 0.128600
vt 0.967900 0.128300
vt 0.964900 0.377900
vt 0.981900 0.128800
vt 0.959700 0.128000
vt 0.944800 0.127400
vt 0.935500 0.383600
vt 0.005200 0.326000
vt 0.008200 0.296900
vt 0.094600 0.310100
vt 0.103200 0.340100
vt 0.096200 0.364400
vt 0.006300 0.363700
vt 0.010200 0.395400
vt 0.102000 0.392700
vt 0.090700 0.416400
vt 0.004500 0.428100
vt 0.149400 0.323900
vt 0.255000 0.361500
vt 0.155400 0.413800
vt 0.119700 0.292300
vt 0.116800 0.431400
vt 0.448500 0.723200
vt 0.192600 0.839900
vt 0.212900 0.820000
vt 0.193600 0.825000
vt 0.147000 0.795600
vt 0.225500 0.810700
vt 0.105200 0.832100
vt 0.088400 0.842000
vt 0.080800 0.841600
vt 0.070800 0.843300
vt 0.438100 0.663700
vt 0.474400 0.604500
vt 0.343200 0.801800
vt 0.895900 0.016100
vt 0.791200 0.008000
vt 0.782700 0.042800
vt 0.237400 0.742600
vt 0.269000 0.756000
vt 0.984800 0.690000
vt 0.980900 0.657300
vt 0.690700 0.087800
vt 0.661100 0.021700
vt 0.796800 0.692000
vt 0.874700 0.628500
vt 0.663400 0.073000
vt 0.184000 0.839100
vt 0.233200 0.384400
vt 0.251900 0.380700
vt 0.148300 0.439700
vt 0.162300 0.423000
vt 0.120300 0.455300
vt 0.137700 0.448500
vt 0.134000 0.460500
vt 0.123400 0.497400
vt 0.140100 0.488900
vt 0.139400 0.501600
vt 0.136600 0.475300
vt 0.136600 0.516200
vt 0.136900 0.533500
vt 0.133300 0.527200
vt 0.132300 0.523700
vt 0.130800 0.523100
vt 0.140300 0.467300
vt 0.145600 0.453400
vt 0.532100 0.023000
vt 0.496200 0.012200
vt 0.387100 0.017600
vt 0.362200 0.008000
vt 0.558800 0.476400
vt 0.656200 0.415100
vt 0.421300 0.687900
vt 0.315100 0.156400
vt 0.320500 0.197300
vt 0.602400 0.153200
vt 0.159400 0.172900
vt 0.158700 0.189800
vt 0.766500 0.083600
vt 0.189400 0.772300
vt 0.211800 0.699400
vt 0.200300 0.730100
vt 0.203700 0.398700
vt 0.704200 0.604000
vt 0.707700 0.631900
vt 0.622000 0.630100
vt 0.630300 0.625000
vt 0.261500 0.521000
vt 0.310800 0.611100
vt 0.307300 0.585200
vt 0.695800 0.578900
vt 0.256000 0.581300
vt 0.240400 0.169900
vt 0.201800 0.252800
vt 0.269400 0.241000
vt 0.302900 0.123700
vt 0.115400 0.102700
vt 0.106700 0.091200
vt 0.010100 0.058100
vt 0.154800 0.240800
vt 0.093800 0.256600
vt 0.159300 0.302900
vt 0.733400 0.597200
vt 0.244100 0.787100
vt 0.208400 0.780900
vt 0.188500 0.756800
vt 0.270800 0.032900
vt 0.259900 0.011100
vt 0.205500 0.046400
vt 0.165000 0.049200
vt 0.135600 0.042400
vt 0.123400 0.070500
vt 0.217300 0.669200
vt 0.264300 0.552400
vt 0.244100 0.536000
vt 0.221600 0.628300
vt 0.264800 0.628200
vt 0.096800 0.051500
vt 0.082000 0.025300
vt 0.327100 0.066100
vt 0.353300 0.624600
vt 0.301900 0.579300
vt 0.300200 0.558800
vt 0.356200 0.651400
vt 0.216100 0.532700
vt 0.164500 0.918900
vt 0.535500 0.527100
vt 0.096800 0.912000
vt 0.115900 0.934600
vt 0.310400 0.335300
vt 0.292600 0.310300
vt 0.370200 0.290500
vt 0.372000 0.306500
vt 0.422200 0.276800
vt 0.426200 0.282500
vt 0.471100 0.267000
vt 0.295600 0.270600
vt 0.366400 0.269100
vt 0.420000 0.266000
vt 0.300600 0.248700
vt 0.364000 0.251100
vt 0.424900 0.253800
vt 0.432700 0.289500
vt 0.271200 0.349000
vt 0.259000 0.316900
vt 0.380000 0.320000
vt 0.326000 0.358000
vt 0.303700 0.375700
vt 0.894500 0.235100
vt 0.860000 0.112500
vt 0.885200 0.093800
vt 0.836900 0.611600
vt 0.251300 0.283100
vt 0.275800 0.250300
vt 0.879500 0.256200
vt 0.235700 0.943800
vt 0.202200 0.955300
vt 0.269300 0.911000
vt 0.134700 0.634300
vt 0.166200 0.618400
vt 0.097600 0.650800
vt 0.052700 0.749400
vt 0.098700 0.764300
vt 0.135400 0.771600
vt 0.625100 0.760600
vt 0.555400 0.743600
vt 0.158500 0.719500
vt 0.064700 0.456000
vt 0.013200 0.473000
vt 0.039500 0.566300
vt 0.868200 0.496200
vt 0.581400 0.029900
vt 0.802200 0.451300
vt 0.640500 0.017600
vt 0.903600 0.564500
vt 0.553900 0.059200
vt 0.702700 0.436300
vt 0.694300 0.448200
vt 0.720100 0.107000
vt 0.686000 0.460100
vt 0.116900 0.026200
vt 0.106300 0.010100
vt 0.994300 0.958300
vt 0.944000 0.943200
vt 0.983300 0.978900
vt 0.937000 0.991300
vt 0.959300 0.994600
vt 0.039900 0.931700
vt 0.010500 0.987800
vt 0.006700 0.923000
vt 0.064300 0.950800
vt 0.075000 0.994900
vt 0.916900 0.988200
vt 0.360300 0.737500
vt 0.383100 0.784100
vt 0.387000 0.724400
vt 0.328400 0.756500
vt 0.325100 0.798900
vt 0.004000 0.248200
vt 0.027800 0.295500
vt 0.032100 0.238200
vt 0.068500 0.265300
vt 0.061100 0.243900
vt 0.080000 0.288000
vt 0.544100 0.938100
vt 0.561200 0.994400
vt 0.562700 0.932000
vt 0.515500 0.953500
vt 0.499200 0.985100
vt 0.953900 0.935700
vt 0.984000 0.897900
# num_vertices: 1268


g Object_legenddragon-fire.jpg

usemtl mat_0-legenddragon-fire.jpg

f 1/1 2/2 3/3
f 3/3 4/4 5/5
f 6/6 7/7 8/8
f 8/8 9/9 6/6
f 10/10 11/11 12/12
f 13/13 14/14 15/15
f 15/15 16/16 13/13
f 17/17 18/18 19/19
f 14/14 20/20 15/15
f 10/10 21/21 22/22
f 22/22 11/11 10/10
f 23/23 24/24 25/25
f 25/25 26/26 23/23
f 19/19 22/22 21/21
f 19/19 21/21 13/13
f 19/19 13/13 27/27
f 19/19 27/27 17/17
f 13/13 16/16 28/28
f 28/28 27/27 13/13
f 12/12 11/11 29/29
f 29/29 30/30 12/12
f 12/12 30/30 31/31
f 31/31 32/32 12/12
f 10/10 12/12 32/32
f 29/29 33/33 30/30
f 30/30 33/33 31/31
f 34/34 35/35 36/36
f 36/36 37/37 34/34
f 38/38 39/39 40/40
f 41/41 38/38 42/42
f 34/34 43/43 44/44
f 44/44 45/45 34/34
f 43/43 34/34 37/37
f 35/35 46/46 47/47
f 47/47 36/36 35/35
f 42/42 45/45 44/44
f 44/44 41/41 42/42
f 48/48 49/49 37/37
f 37/37 36/36 48/48
f 50/50 51/51 41/41
f 44/44 43/43 52/52
f 52/52 53/53 44/44
f 41/41 44/44 53/53
f 53/53 50/50 41/41
f 51/51 50/50 54/54
f 54/54 50/50 55/55
f 55/55 56/56 54/54
f 57/57 58/58 59/59
f 59/59 60/60 57/57
f 61/61 53/53 52/52
f 52/52 62/62 61/61
f 62/62 52/52 63/63
f 63/63 64/64 62/62
f 65/65 66/66 67/67
f 67/67 68/68 65/65
f 69/69 53/53 61/61
f 61/61 70/70 69/69
f 50/50 53/53 71/71
f 71/71 72/72 50/50
f 71/71 53/53 69/69
f 69/69 73/73 71/71
f 65/65 59/59 74/74
f 74/74 75/75 65/65
f 55/55 50/50 72/72
f 72/72 76/76 55/55
f 77/77 78/78 79/79
f 79/79 80/80 77/77
f 81/81 82/82 83/83
f 83/83 84/84 81/81
f 82/82 81/81 78/78
f 78/78 77/77 82/82
f 77/77 85/85 86/86
f 86/86 82/82 77/77
f 86/86 87/87 88/88
f 80/80 89/89 85/85
f 85/85 77/77 80/80
f 36/36 47/47 90/90
f 49/49 91/91 92/92
f 92/92 37/37 49/49
f 52/52 43/43 92/92
f 92/92 63/63 52/52
f 43/43 37/37 92/92
f 93/93 65/65 68/68
f 68/68 94/94 93/93
f 93/93 95/95 60/60
f 60/60 59/59 93/93
f 93/93 94/94 96/96
f 96/96 95/95 93/93
f 96/96 94/94 97/97
f 97/97 98/98 96/96
f 99/99 60/60 95/95
f 99/99 95/95 96/96
f 96/96 100/100 99/99
f 59/59 65/65 93/93
f 101/101 54/54 102/102
f 102/102 103/103 101/101
f 56/56 104/104 102/102
f 102/102 54/54 56/56
f 58/58 57/57 105/105
f 105/105 106/106 58/58
f 61/61 62/62 107/107
f 107/107 108/108 61/61
f 64/64 109/109 107/107
f 107/107 62/62 64/64
f 66/66 110/110 111/111
f 111/111 67/67 66/66
f 70/70 61/61 108/108
f 108/108 112/112 70/70
f 72/72 71/71 113/113
f 113/113 114/114 72/72
f 73/73 115/115 113/113
f 113/113 71/71 73/73
f 74/74 116/116 117/117
f 117/117 75/75 74/74
f 76/76 72/72 114/114
f 114/114 118/118 76/76
f 48/48 119/119 120/120
f 120/120 49/49 48/48
f 97/97 121/121 122/122
f 122/122 98/98 97/97
f 91/91 49/49 120/120
f 120/120 123/123 91/91
f 86/86 124/124 83/83
f 83/83 82/82 86/86
f 125/125 126/126 127/127
f 128/128 129/129 125/125
f 128/128 125/125 130/130
f 131/131 125/125 132/132
f 133/133 85/85 134/134
f 135/135 124/124 136/136
f 79/79 137/137 80/80
f 80/80 138/138 139/139
f 139/139 89/89 80/80
f 89/89 140/140 141/141
f 142/142 138/138 80/80
f 80/80 137/137 142/142
f 125/125 131/131 126/126
f 129/129 143/143 125/125
f 125/125 127/127 130/130
f 125/125 143/143 132/132
f 85/85 87/87 86/86
f 124/124 86/86 136/136
f 85/85 133/133 87/87
f 86/86 88/88 136/136
f 85/85 89/89 134/134
f 139/139 140/140 89/89
f 89/89 141/141 134/134
f 139/139 144/144 140/140
f 145/145 146/146 147/147
f 147/147 148/148 145/145
f 149/149 150/150 151/151
f 151/151 152/152 149/149
f 153/153 154/154 155/155
f 156/156 149/149 148/148
f 148/148 157/157 156/156
f 157/157 148/148 147/147
f 147/147 158/158 157/157
f 159/159 150/150 160/160
f 155/155 154/154 161/161
f 162/162 156/156 157/157
f 157/157 163/163 162/162
f 164/164 146/146 145/145
f 145/145 165/165 164/164
f 166/166 160/160 162/162
f 162/162 167/167 166/166
f 154/154 153/153 168/168
f 160/160 150/150 149/149
f 149/149 156/156 160/160
f 156/156 162/162 160/160
f 150/150 169/169 170/170
f 171/171 172/172 173/173
f 173/173 174/174 171/171
f 175/175 176/176 177/177
f 178/178 179/179 175/175
f 175/175 180/180 178/178
f 171/171 181/181 182/182
f 182/182 172/172 171/171
f 183/183 178/178 180/180
f 180/180 184/184 183/183
f 180/180 175/175 185/185
f 184/184 180/180 186/186
f 186/186 187/187 184/184
f 188/188 189/189 190/190
f 191/191 192/192 193/193
f 193/193 194/194 191/191
f 195/195 196/196 197/197
f 197/197 198/198 195/195
f 196/196 195/195 199/199
f 199/199 200/200 196/196
f 201/201 200/200 199/199
f 199/199 202/202 201/201
f 203/203 179/179 204/204
f 204/204 205/205 203/203
f 178/178 206/206 204/204
f 204/204 179/179 178/178
f 183/183 207/207 206/206
f 206/206 178/178 183/183
f 208/208 209/209 210/210
f 210/210 211/211 208/208
f 212/212 213/213 214/214
f 215/215 216/216 217/217
f 217/217 218/218 215/215
f 219/219 218/218 220/220
f 221/221 222/222 223/223
f 224/224 225/225 226/226
f 227/227 228/228 229/229
f 229/229 230/230 231/231
f 227/227 229/229 231/231
f 230/230 229/229 232/232
f 232/232 233/233 230/230
f 196/196 234/234 235/235
f 235/235 197/197 196/196
f 198/198 205/205 204/204
f 204/204 195/195 198/198
f 234/234 196/196 200/200
f 200/200 236/236 234/234
f 206/206 199/199 195/195
f 195/195 204/204 206/206
f 236/236 200/200 201/201
f 199/199 206/206 207/207
f 207/207 202/202 199/199
f 237/237 238/238 239/239
f 239/239 240/240 237/237
f 186/186 237/237 240/240
f 240/240 241/241 186/186
f 210/210 242/242 239/239
f 239/239 238/238 210/210
f 187/187 186/186 241/241
f 241/241 243/243 187/187
f 244/244 242/242 209/209
f 245/245 246/246 247/247
f 247/247 248/248 245/245
f 249/249 250/250 251/251
f 252/252 253/253 254/254
f 254/254 255/255 252/252
f 256/256 257/257 258/258
f 258/258 259/259 256/256
f 257/257 260/260 261/261
f 261/261 262/262 257/257
f 263/263 264/264 265/265
f 265/265 266/266 263/263
f 210/210 171/171 174/174
f 174/174 211/211 210/210
f 210/210 238/238 181/181
f 181/181 171/171 210/210
f 186/186 267/267 237/237
f 268/268 269/269 270/270
f 271/271 272/272 273/273
f 273/273 274/274 271/271
f 275/275 276/276 277/277
f 278/278 279/279 272/272
f 272/272 271/271 278/278
f 273/273 269/269 274/274
f 280/280 281/281 282/282
f 282/282 283/283 280/280
f 281/281 284/284 285/285
f 285/285 282/282 281/281
f 286/286 287/287 288/288
f 288/288 289/289 286/286
f 290/290 291/291 292/292
f 292/292 293/293 290/290
f 294/294 295/295 296/296
f 296/296 293/293 294/294
f 295/295 294/294 297/297
f 273/273 297/297 298/298
f 298/298 270/270 273/273
f 297/297 273/273 272/272
f 272/272 295/295 297/297
f 299/299 275/275 286/286
f 286/286 289/289 299/299
f 295/295 272/272 279/279
f 279/279 296/296 295/295
f 223/223 300/300 220/220
f 220/220 301/301 223/223
f 302/302 303/303 304/304
f 305/305 303/303 302/302
f 302/302 306/306 305/305
f 307/307 308/308 309/309
f 309/309 310/310 307/307
f 311/311 312/312 313/313
f 313/313 314/314 311/311
f 315/315 316/316 317/317
f 317/317 318/318 315/315
f 313/313 319/319 314/314
f 319/319 315/315 318/318
f 320/320 307/307 321/321
f 322/322 313/313 312/312
f 312/312 323/323 322/322
f 324/324 325/325 316/316
f 316/316 315/315 324/324
f 313/313 322/322 326/326
f 326/326 319/319 313/313
f 327/327 308/308 320/320
f 315/315 319/319 326/326
f 326/326 324/324 315/315
f 314/314 319/319 318/318
f 328/328 311/311 314/314
f 329/329 314/314 330/330
f 330/330 331/331 329/329
f 332/332 333/333 334/334
f 334/334 335/335 332/332
f 336/336 334/334 333/333
f 333/333 337/337 336/336
f 318/318 317/317 338/338
f 338/338 339/339 318/318
f 340/340 310/310 341/341
f 341/341 342/342 340/340
f 343/343 344/344 342/342
f 342/342 341/341 343/343
f 345/345 318/318 339/339
f 339/339 346/346 345/345
f 314/314 318/318 347/347
f 347/347 348/348 314/314
f 347/347 318/318 345/345
f 345/345 349/349 347/347
f 350/350 343/343 332/332
f 332/332 351/351 350/350
f 330/330 314/314 348/348
f 348/348 352/352 330/330
f 320/320 308/308 307/307
f 309/309 333/333 341/341
f 341/341 310/310 309/309
f 343/343 341/341 333/333
f 333/333 332/332 343/343
f 353/353 354/354 355/355
f 355/355 255/255 353/353
f 209/209 208/208 356/356
f 356/356 357/357 209/209
f 356/356 358/358 357/357
f 359/359 360/360 361/361
f 362/362 363/363 209/209
f 209/209 357/357 362/362
f 364/364 244/244 209/209
f 209/209 363/363 364/364
f 209/209 242/242 210/210
f 365/365 366/366 367/367
f 367/367 368/368 365/365
f 369/369 370/370 367/367
f 367/367 366/366 369/369
f 371/371 370/370 369/369
f 369/369 372/372 371/371
f 368/368 373/373 374/374
f 374/374 365/365 368/368
f 375/375 376/376 377/377
f 377/377 378/378 375/375
f 379/379 380/380 381/381
f 381/381 377/377 379/379
f 382/382 381/381 383/383
f 383/383 384/384 382/382
f 385/385 376/376 386/386
f 386/386 387/387 385/385
f 365/365 375/375 378/378
f 378/378 366/366 365/365
f 366/366 378/378 382/382
f 382/382 369/369 366/366
f 372/372 369/369 382/382
f 382/382 384/384 372/372
f 365/365 374/374 388/388
f 388/388 375/375 365/365
f 389/389 390/390 391/391
f 390/390 222/222 392/392
f 392/392 393/393 390/390
f 394/394 395/395 396/396
f 397/397 398/398 399/399
f 399/399 400/400 397/397
f 400/400 401/401 402/402
f 402/402 397/397 400/400
f 403/403 404/404 405/405
f 405/405 406/406 403/403
f 398/398 404/404 403/403
f 403/403 399/399 398/398
f 407/407 408/408 409/409
f 399/399 410/410 385/385
f 385/385 400/400 399/399
f 411/411 407/407 409/409
f 385/385 387/387 401/401
f 401/401 400/400 385/385
f 407/407 412/412 413/413
f 406/406 414/414 380/380
f 380/380 403/403 406/406
f 407/407 413/413 408/408
f 380/380 410/410 399/399
f 399/399 403/403 380/380
f 415/415 416/416 417/417
f 417/417 418/418 415/415
f 415/415 419/419 420/420
f 420/420 416/416 415/415
f 421/421 422/422 420/420
f 420/420 419/419 421/421
f 421/421 423/423 424/424
f 424/424 422/422 421/421
f 416/416 425/425 426/426
f 420/420 425/425 416/416
f 422/422 425/425 420/420
f 422/422 427/427 425/425
f 417/417 416/416 428/428
f 416/416 426/426 428/428
f 427/427 422/422 429/429
f 422/422 424/424 429/429
f 430/430 431/431 432/432
f 433/433 434/434 435/435
f 435/435 223/223 433/433
f 389/389 391/391 436/436
f 300/300 223/223 435/435
f 435/435 437/437 300/300
f 438/438 396/396 439/439
f 396/396 440/440 441/441
f 441/441 439/439 396/396
f 302/302 442/442 443/443
f 443/443 226/226 302/302
f 219/219 444/444 215/215
f 445/445 446/446 447/447
f 218/218 219/219 215/215
f 448/448 232/232 229/229
f 229/229 449/449 448/448
f 450/450 329/329 451/451
f 329/329 331/331 451/451
f 335/335 334/334 452/452
f 334/334 336/336 452/452
f 340/340 342/342 453/453
f 342/342 344/344 453/453
f 346/346 339/339 454/454
f 339/339 338/338 454/454
f 348/348 347/347 455/455
f 347/347 349/349 455/455
f 350/350 351/351 456/456
f 352/352 348/348 455/455
f 244/244 214/214 242/242
f 436/436 457/457 389/389
f 458/458 459/459 460/460
f 460/460 461/461 458/458
f 462/462 463/463 464/464
f 464/464 465/465 462/462
f 466/466 467/467 468/468
f 469/469 470/470 471/471
f 469/469 471/471 472/472
f 473/473 470/470 474/474
f 474/474 475/475 473/473
f 476/476 477/477 475/475
f 478/478 476/476 475/475
f 475/475 479/479 478/478
f 479/479 475/475 474/474
f 474/474 480/480 479/479
f 472/472 473/473 463/463
f 463/463 481/481 472/472
f 471/471 470/470 473/473
f 472/472 471/471 473/473
f 462/462 482/482 463/463
f 482/482 481/481 463/463
f 298/298 297/297 281/281
f 281/281 280/280 298/298
f 284/284 281/281 297/297
f 297/297 294/294 284/284
f 287/287 483/483 484/484
f 484/484 288/288 287/287
f 291/291 485/485 486/486
f 486/486 292/292 291/291
f 487/487 304/304 488/488
f 225/225 302/302 226/226
f 443/443 489/489 430/430
f 430/430 226/226 443/443
f 430/430 224/224 226/226
f 490/490 431/431 430/430
f 430/430 489/489 490/490
f 430/430 432/432 224/224
f 234/234 236/236 491/491
f 235/235 234/234 491/491
f 294/294 293/293 292/292
f 292/292 284/284 294/294
f 284/284 292/292 486/486
f 486/486 285/285 284/284
f 278/278 492/492 493/493
f 493/493 279/279 278/278
f 493/493 290/290 296/296
f 296/296 279/279 493/493
f 296/296 290/290 293/293
f 176/176 179/179 203/203
f 203/203 494/494 176/176
f 175/175 179/179 176/176
f 495/495 276/276 275/275
f 275/275 299/299 495/495
f 180/180 185/185 267/267
f 267/267 186/186 180/180
f 496/496 497/497 258/258
f 217/217 498/498 218/218
f 243/243 241/241 192/192
f 192/192 191/191 243/243
f 499/499 446/446 445/445
f 434/434 500/500 435/435
f 435/435 500/500 437/437
f 482/482 468/468 467/467
f 467/467 481/481 482/482
f 468/468 482/482 462/462
f 501/501 449/449 229/229
f 229/229 228/228 501/501
f 232/232 448/448 502/502
f 502/502 503/503 232/232
f 461/461 504/504 505/505
f 505/505 458/458 461/461
f 241/241 240/240 190/190
f 190/190 192/192 241/241
f 213/213 188/188 190/190
f 190/190 240/240 213/213
f 404/404 413/413 412/412
f 412/412 405/405 404/404
f 404/404 398/398 408/408
f 408/408 413/413 404/404
f 398/398 397/397 409/409
f 409/409 408/408 398/398
f 411/411 409/409 397/397
f 397/397 402/402 411/411
f 245/245 506/506 507/507
f 508/508 509/509 266/266
f 266/266 265/265 508/508
f 188/188 510/510 189/189
f 213/213 240/240 239/239
f 239/239 214/214 213/213
f 214/214 239/239 242/242
f 511/511 512/512 244/244
f 244/244 212/212 214/214
f 507/507 513/513 263/263
f 512/512 511/511 514/514
f 515/515 516/516 516/516
f 516/516 497/497 515/515
f 515/515 254/254 517/517
f 517/517 518/518 515/515
f 257/257 262/262 519/519
f 257/257 519/519 520/520
f 257/257 520/520 258/258
f 257/257 256/256 521/521
f 521/521 260/260 257/257
f 522/522 523/523 524/524
f 497/497 496/496 515/515
f 524/524 258/258 497/497
f 516/516 523/523 522/522
f 522/522 516/516 516/516
f 506/506 525/525 507/507
f 245/245 248/248 506/506
f 507/507 525/525 513/513
f 513/513 264/264 263/263
f 515/515 518/518 516/516
f 524/524 259/259 258/258
f 526/526 449/449 501/501
f 501/501 527/527 526/526
f 449/449 526/526 528/528
f 528/528 448/448 449/449
f 448/448 528/528 529/529
f 529/529 502/502 448/448
f 530/530 355/355 531/531
f 531/531 532/532 530/530
f 354/354 533/533 534/534
f 534/534 535/535 354/354
f 536/536 537/537 538/538
f 538/538 503/503 536/536
f 539/539 514/514 540/540
f 541/541 542/542 538/538
f 538/538 543/543 541/541
f 233/233 359/359 230/230
f 231/231 230/230 544/544
f 544/544 227/227 231/231
f 249/249 251/251 542/542
f 542/542 545/545 249/249
f 546/546 514/514 511/511
f 539/539 540/540 510/510
f 509/509 508/508 247/247
f 247/247 246/246 509/509
f 261/261 547/547 548/548
f 548/548 262/262 261/261
f 262/262 548/548 533/533
f 533/533 519/519 262/262
f 253/253 549/549 517/517
f 517/517 254/254 253/253
f 515/515 255/255 254/254
f 244/244 364/364 550/550
f 550/550 511/511 244/244
f 360/360 359/359 546/546
f 550/550 360/360 511/511
f 230/230 359/359 361/361
f 514/514 551/551 512/512
f 512/512 551/551 244/244
f 514/514 539/539 552/552
f 552/552 551/551 514/514
f 551/551 552/552 244/244
f 546/546 511/511 360/360
f 550/550 362/362 553/553
f 553/553 360/360 550/550
f 357/357 358/358 361/361
f 361/361 358/358 544/544
f 544/544 230/230 361/361
f 360/360 553/553 361/361
f 233/233 546/546 359/359
f 190/190 189/189 193/193
f 193/193 192/192 190/190
f 189/189 540/540 554/554
f 554/554 193/193 189/189
f 540/540 514/514 251/251
f 251/251 554/554 540/540
f 514/514 546/546 542/542
f 542/542 251/251 514/514
f 542/542 546/546 233/233
f 233/233 538/538 542/542
f 233/233 232/232 503/503
f 503/503 538/538 233/233
f 555/555 556/556 502/502
f 502/502 529/529 555/555
f 502/502 556/556 536/536
f 536/536 503/503 502/502
f 393/393 392/392 221/221
f 221/221 557/557 393/393
f 302/302 304/304 558/558
f 558/558 442/442 302/302
f 540/540 189/189 510/510
f 396/396 559/559 560/560
f 560/560 394/394 396/396
f 395/395 440/440 396/396
f 561/561 559/559 562/562
f 562/562 563/563 561/561
f 564/564 565/565 440/440
f 440/440 395/395 564/564
f 395/395 394/394 564/564
f 390/390 389/389 222/222
f 221/221 392/392 222/222
f 303/303 488/488 304/304
f 389/389 457/457 433/433
f 389/389 433/433 223/223
f 222/222 389/389 223/223
f 566/566 567/567 568/568
f 568/568 569/569 566/566
f 570/570 568/568 567/567
f 567/567 571/571 570/570
f 571/571 572/572 570/570
f 573/573 569/569 568/568
f 568/568 574/574 573/573
f 570/570 575/575 574/574
f 574/574 568/568 570/570
f 570/570 572/572 575/575
f 576/576 573/573 574/574
f 574/574 577/577 576/576
f 575/575 572/572 578/578
f 579/579 572/572 571/571
f 569/569 580/580 581/581
f 581/581 566/566 569/569
f 574/574 575/575 578/578
f 578/578 577/577 574/574
f 571/571 567/567 582/582
f 582/582 579/579 571/571
f 582/582 567/567 566/566
f 566/566 583/583 582/582
f 584/584 583/583 566/566
f 566/566 581/581 584/584
f 38/38 40/40 42/42
f 152/152 145/145 148/148
f 148/148 149/149 152/152
f 152/152 585/585 165/165
f 165/165 145/145 152/152
f 146/146 153/153 155/155
f 155/155 147/147 146/146
f 158/158 147/147 155/155
f 155/155 161/161 158/158
f 164/164 168/168 153/153
f 153/153 146/146 164/164
f 157/157 158/158 586/586
f 586/586 163/163 157/157
f 586/586 158/158 161/161
f 161/161 587/587 586/586
f 587/587 161/161 154/154
f 561/561 560/560 559/559
f 396/396 438/438 391/391
f 391/391 390/390 396/396
f 304/304 487/487 558/558
f 172/172 588/588 173/173
f 177/177 176/176 172/172
f 172/172 182/182 177/177
f 273/273 270/270 269/269
f 559/559 393/393 562/562
f 393/393 557/557 563/563
f 563/563 562/562 393/393
f 396/396 390/390 393/393
f 393/393 559/559 396/396
f 464/464 505/505 504/504
f 504/504 465/465 464/464
f 302/302 225/225 306/306
f 41/41 589/589 38/38
f 573/573 576/576 590/590
f 590/590 591/591 573/573
f 591/591 580/580 569/569
f 569/569 573/573 591/591
f 478/478 479/479 480/480
f 585/585 152/152 151/151
f 151/151 592/592 585/585
f 593/593 594/594 595/595
f 594/594 593/593 596/596
f 498/498 594/594 596/596
f 218/218 498/498 596/596
f 166/166 159/159 160/160
f 596/596 221/221 223/223
f 223/223 301/301 596/596
f 594/594 563/563 595/595
f 159/159 169/169 150/150
f 150/150 170/170 151/151
f 597/597 598/598 599/599
f 597/597 599/599 600/600
f 597/597 600/600 601/601
f 599/599 598/598 602/602
f 603/603 604/604 605/605
f 605/605 606/606 603/603
f 605/605 604/604 607/607
f 607/607 608/608 605/605
f 606/606 605/605 609/609
f 609/609 610/610 606/606
f 606/606 610/610 611/611
f 605/605 608/608 612/612
f 612/612 609/609 605/605
f 613/613 614/614 598/598
f 613/613 598/598 597/597
f 597/597 601/601 615/615
f 613/613 597/597 615/615
f 616/616 598/598 614/614
f 617/617 618/618 619/619
f 620/620 617/617 619/619
f 621/621 620/620 619/619
f 620/620 621/621 622/622
f 623/623 624/624 625/625
f 625/625 626/626 623/623
f 627/627 628/628 629/629
f 630/630 628/628 627/627
f 627/627 631/631 630/630
f 632/632 621/621 619/619
f 619/619 633/633 632/632
f 621/621 632/632 622/622
f 626/626 634/634 623/623
f 628/628 635/635 629/629
f 628/628 630/630 636/636
f 636/636 635/635 628/628
f 637/637 638/638 639/639
f 639/639 640/640 637/637
f 598/598 616/616 602/602
f 113/113 641/641 114/114
f 115/115 641/641 113/113
f 116/116 642/642 117/117
f 114/114 641/641 118/118
f 107/107 643/643 108/108
f 109/109 643/643 107/107
f 110/110 644/644 111/111
f 108/108 643/643 112/112
f 102/102 645/645 103/103
f 104/104 645/645 102/102
f 105/105 646/646 106/106
f 101/101 589/589 51/51
f 51/51 54/54 101/101
f 51/51 589/589 41/41
f 119/119 647/647 120/120
f 648/648 647/647 119/119
f 121/121 649/649 122/122
f 120/120 647/647 123/123
f 524/524 497/497 522/522
f 522/522 497/497 516/516
f 353/353 496/496 258/258
f 258/258 520/520 353/353
f 353/353 255/255 515/515
f 515/515 496/496 353/353
f 362/362 357/357 553/553
f 553/553 357/357 361/361
f 172/172 176/176 650/650
f 650/650 588/588 172/172
f 176/176 494/494 650/650
f 651/651 48/48 36/36
f 36/36 90/90 651/651
f 651/651 648/648 119/119
f 119/119 48/48 651/651
f 28/28 17/17 27/27
f 10/10 32/32 4/4
f 4/4 3/3 10/10
f 376/376 385/385 379/379
f 379/379 377/377 376/376
f 382/382 378/378 377/377
f 377/377 381/381 382/382
f 381/381 380/380 414/414
f 414/414 383/383 381/381
f 375/375 388/388 386/386
f 386/386 376/376 375/375
f 7/7 2/2 652/652
f 653/653 8/8 7/7
f 542/542 541/541 545/545
f 538/538 537/537 543/543
f 654/654 655/655 193/193
f 193/193 554/554 654/654
f 554/554 656/656 654/654
f 250/250 656/656 554/554
f 554/554 251/251 250/250
f 193/193 655/655 194/194
f 552/552 212/212 244/244
f 354/354 535/535 531/531
f 531/531 355/355 354/354
f 252/252 255/255 355/355
f 355/355 530/530 252/252
f 354/354 353/353 520/520
f 354/354 520/520 519/519
f 354/354 519/519 533/533
f 547/547 657/657 658/658
f 658/658 548/548 547/547
f 548/548 658/658 534/534
f 534/534 533/533 548/548
f 329/329 450/450 328/328
f 328/328 314/314 329/329
f 333/333 309/309 337/337
f 659/659 660/660 661/661
f 661/661 662/662 663/663
f 661/661 660/660 662/662
f 664/664 665/665 666/666
f 666/666 667/667 664/664
f 666/666 668/668 667/667
f 661/661 663/663 669/669
f 670/670 671/671 672/672
f 672/672 673/673 670/670
f 672/672 674/674 673/673
f 675/675 676/676 677/677
f 677/677 678/678 679/679
f 677/677 676/676 678/678
f 677/677 679/679 680/680
f 681/681 682/682 683/683
f 683/683 684/684 681/681
f 683/683 685/685 684/684
f 283/283 483/483 287/287
f 287/287 280/280 283/283
f 280/280 287/287 286/286
f 286/286 298/298 280/280
f 286/286 275/275 270/270
f 270/270 298/298 286/286
f 268/268 270/270 275/275
f 275/275 277/277 268/268
f 9/9 686/686 687/687
f 687/687 6/6 9/9
f 603/603 606/606 611/611
f 688/688 689/689 690/690
f 690/690 691/691 688/688
f 692/692 693/693 694/694
f 694/694 695/695 692/692
f 696/696 697/697 698/698
f 699/699 700/700 701/701
f 701/701 702/702 699/699
f 703/703 704/704 705/705
f 702/702 701/701 706/706
f 696/696 698/698 707/707
f 707/707 708/708 696/696
f 23/23 709/709 24/24
f 709/709 23/23 26/26
f 704/704 703/703 710/710
f 704/704 710/710 699/699
f 704/704 699/699 708/708
f 704/704 708/708 707/707
f 699/699 710/710 711/711
f 711/711 700/700 699/699
f 697/697 712/712 713/713
f 713/713 698/698 697/697
f 697/697 714/714 715/715
f 715/715 712/712 697/697
f 696/696 714/714 697/697
f 713/713 712/712 716/716
f 712/712 715/715 716/716
f 717/717 718/718 719/719
f 719/719 720/720 717/717
f 721/721 722/722 723/723
f 724/724 725/725 721/721
f 717/717 726/726 727/727
f 727/727 728/728 717/717
f 728/728 718/718 717/717
f 720/720 719/719 729/729
f 729/729 730/730 720/720
f 725/725 724/724 727/727
f 727/727 726/726 725/725
f 731/731 719/719 718/718
f 718/718 732/732 731/731
f 733/733 724/724 734/734
f 727/727 735/735 736/736
f 736/736 728/728 727/727
f 724/724 733/733 735/735
f 735/735 727/727 724/724
f 734/734 737/737 733/733
f 737/737 738/738 739/739
f 739/739 733/733 737/737
f 740/740 741/741 742/742
f 742/742 743/743 740/740
f 744/744 745/745 736/736
f 736/736 735/735 744/744
f 745/745 746/746 747/747
f 747/747 736/736 745/745
f 748/748 749/749 750/750
f 750/750 751/751 748/748
f 752/752 753/753 744/744
f 744/744 735/735 752/752
f 733/733 754/754 755/755
f 755/755 735/735 733/733
f 755/755 756/756 752/752
f 752/752 735/735 755/755
f 748/748 757/757 758/758
f 758/758 742/742 748/748
f 739/739 759/759 754/754
f 754/754 733/733 739/739
f 760/760 761/761 762/762
f 762/762 763/763 760/760
f 764/764 765/765 766/766
f 766/766 767/767 764/764
f 767/767 760/760 763/763
f 763/763 764/764 767/767
f 760/760 767/767 768/768
f 768/768 769/769 760/760
f 768/768 770/770 771/771
f 761/761 760/760 769/769
f 769/769 772/772 761/761
f 719/719 773/773 729/729
f 732/732 718/718 774/774
f 774/774 775/775 732/732
f 736/736 747/747 774/774
f 774/774 728/728 736/736
f 728/728 774/774 718/718
f 776/776 777/777 749/749
f 749/749 748/748 776/776
f 776/776 742/742 741/741
f 741/741 778/778 776/776
f 776/776 778/778 779/779
f 779/779 777/777 776/776
f 779/779 780/780 781/781
f 781/781 777/777 779/779
f 782/782 778/778 741/741
f 782/782 783/783 779/779
f 779/779 778/778 782/782
f 742/742 776/776 748/748
f 784/784 785/785 786/786
f 786/786 737/737 784/784
f 738/738 737/737 786/786
f 786/786 787/787 738/738
f 743/743 788/788 789/789
f 789/789 740/740 743/743
f 744/744 790/790 791/791
f 791/791 745/745 744/744
f 746/746 745/745 791/791
f 791/791 792/792 746/746
f 751/751 750/750 793/793
f 793/793 794/794 751/751
f 753/753 795/795 790/790
f 790/790 744/744 753/753
f 754/754 796/796 797/797
f 797/797 755/755 754/754
f 756/756 755/755 797/797
f 797/797 798/798 756/756
f 758/758 757/757 799/799
f 799/799 800/800 758/758
f 759/759 801/801 796/796
f 796/796 754/754 759/759
f 731/731 732/732 802/802
f 802/802 803/803 731/731
f 781/781 780/780 804/804
f 804/804 805/805 781/781
f 775/775 806/806 802/802
f 802/802 732/732 775/775
f 768/768 767/767 766/766
f 766/766 807/807 768/768
f 808/808 809/809 810/810
f 811/811 808/808 812/812
f 811/811 813/813 808/808
f 814/814 815/815 808/808
f 816/816 817/817 769/769
f 818/818 819/819 807/807
f 762/762 761/761 820/820
f 761/761 772/772 821/821
f 821/821 822/822 761/761
f 772/772 823/823 824/824
f 825/825 820/820 761/761
f 761/761 822/822 825/825
f 808/808 810/810 814/814
f 812/812 808/808 826/826
f 808/808 813/813 809/809
f 808/808 815/815 826/826
f 769/769 768/768 771/771
f 807/807 819/819 768/768
f 769/769 771/771 816/816
f 768/768 819/819 770/770
f 769/769 817/817 772/772
f 821/821 772/772 824/824
f 772/772 817/817 823/823
f 821/821 824/824 827/827
f 828/828 829/829 830/830
f 830/830 831/831 828/828
f 832/832 833/833 834/834
f 834/834 835/835 832/832
f 836/836 837/837 838/838
f 839/839 840/840 829/829
f 829/829 832/832 839/839
f 840/840 841/841 830/830
f 830/830 829/829 840/840
f 842/842 843/843 835/835
f 837/837 844/844 838/838
f 845/845 846/846 840/840
f 840/840 839/839 845/845
f 847/847 848/848 828/828
f 828/828 831/831 847/847
f 849/849 850/850 845/845
f 845/845 843/843 849/849
f 838/838 851/851 836/836
f 843/843 839/839 832/832
f 832/832 835/835 843/843
f 839/839 843/843 845/845
f 835/835 852/852 169/169
f 853/853 174/174 173/173
f 173/173 854/854 853/853
f 855/855 856/856 857/857
f 858/858 859/859 855/855
f 855/855 860/860 858/858
f 853/853 854/854 861/861
f 861/861 862/862 853/853
f 183/183 184/184 859/859
f 859/859 858/858 183/183
f 859/859 863/863 855/855
f 184/184 187/187 864/864
f 864/864 859/859 184/184
f 865/865 866/866 867/867
f 191/191 194/194 868/868
f 868/868 869/869 191/191
f 870/870 198/198 197/197
f 197/197 871/871 870/870
f 871/871 872/872 873/873
f 873/873 870/870 871/871
f 201/201 202/202 873/873
f 873/873 872/872 201/201
f 203/203 205/205 874/874
f 874/874 860/860 203/203
f 858/858 860/860 874/874
f 874/874 875/875 858/858
f 183/183 858/858 875/875
f 875/875 207/207 183/183
f 208/208 211/211 876/876
f 876/876 877/877 208/208
f 878/878 879/879 880/880
f 881/881 882/882 217/217
f 217/217 216/216 881/881
f 883/883 884/884 882/882
f 885/885 886/886 887/887
f 224/224 888/888 225/225
f 889/889 890/890 891/891
f 227/227 889/889 891/891
f 227/227 891/891 228/228
f 890/890 892/892 893/893
f 893/893 891/891 890/890
f 871/871 197/197 235/235
f 235/235 894/894 871/871
f 198/198 870/870 874/874
f 874/874 205/205 198/198
f 894/894 236/236 872/872
f 872/872 871/871 894/894
f 875/875 874/874 870/870
f 870/870 873/873 875/875
f 236/236 201/201 872/872
f 873/873 202/202 207/207
f 207/207 875/875 873/873
f 895/895 896/896 897/897
f 897/897 898/898 895/895
f 864/864 899/899 896/896
f 896/896 895/895 864/864
f 876/876 898/898 897/897
f 897/897 900/900 876/876
f 187/187 243/243 899/899
f 899/899 864/864 187/187
f 901/901 877/877 900/900
f 902/902 903/903 904/904
f 904/904 905/905 902/902
f 249/249 906/906 250/250
f 907/907 908/908 909/909
f 909/909 910/910 907/907
f 911/911 912/912 913/913
f 913/913 914/914 911/911
f 914/914 915/915 916/916
f 916/916 917/917 914/914
f 918/918 919/919 920/920
f 920/920 921/921 918/918
f 876/876 211/211 174/174
f 174/174 853/853 876/876
f 876/876 853/853 862/862
f 862/862 898/898 876/876
f 864/864 895/895 922/922
f 923/923 924/924 925/925
f 926/926 927/927 928/928
f 928/928 929/929 926/926
f 930/930 931/931 932/932
f 933/933 926/926 929/929
f 929/929 934/934 933/933
f 928/928 927/927 925/925
f 935/935 936/936 937/937
f 937/937 938/938 935/935
f 938/938 937/937 939/939
f 939/939 940/940 938/938
f 941/941 942/942 943/943
f 943/943 944/944 941/941
f 945/945 946/946 947/947
f 947/947 948/948 945/945
f 949/949 946/946 950/950
f 950/950 951/951 949/949
f 951/951 952/952 949/949
f 928/928 924/924 953/953
f 953/953 952/952 928/928
f 952/952 951/951 929/929
f 929/929 928/928 952/952
f 954/954 942/942 941/941
f 941/941 930/930 954/954
f 951/951 950/950 934/934
f 934/934 929/929 951/951
f 886/886 955/955 884/884
f 884/884 956/956 886/886
f 957/957 958/958 959/959
f 305/305 306/306 957/957
f 957/957 959/959 305/305
f 960/960 961/961 962/962
f 962/962 963/963 960/960
f 964/964 965/965 966/966
f 966/966 967/967 964/964
f 968/968 969/969 970/970
f 970/970 971/971 968/968
f 966/966 965/965 972/972
f 972/972 969/969 968/968
f 973/973 974/974 960/960
f 975/975 976/976 967/967
f 967/967 966/966 975/975
f 977/977 968/968 971/971
f 971/971 978/978 977/977
f 966/966 972/972 979/979
f 979/979 975/975 966/966
f 980/980 973/973 963/963
f 968/968 977/977 979/979
f 979/979 972/972 968/968
f 965/965 969/969 972/972
f 981/981 965/965 964/964
f 982/982 983/983 984/984
f 984/984 965/965 982/982
f 985/985 986/986 987/987
f 987/987 988/988 985/985
f 989/989 990/990 988/988
f 988/988 987/987 989/989
f 969/969 991/991 992/992
f 992/992 970/970 969/969
f 993/993 994/994 995/995
f 995/995 961/961 993/993
f 996/996 995/995 994/994
f 994/994 997/997 996/996
f 998/998 999/999 991/991
f 991/991 969/969 998/998
f 965/965 1000/1000 1001/1001
f 1001/1001 969/969 965/965
f 1001/1001 1002/1002 998/998
f 998/998 969/969 1001/1001
f 1003/1003 1004/1004 985/985
f 985/985 996/996 1003/1003
f 984/984 1005/1005 1000/1000
f 1000/1000 965/965 984/984
f 973/973 960/960 963/963
f 962/962 961/961 995/995
f 995/995 988/988 962/962
f 996/996 985/985 988/988
f 988/988 995/995 996/996
f 1006/1006 908/908 1007/1007
f 1007/1007 1008/1008 1006/1006
f 877/877 1009/1009 356/356
f 356/356 208/208 877/877
f 356/356 1009/1009 358/358
f 1010/1010 1011/1011 1012/1012
f 1013/1013 1009/1009 877/877
f 877/877 1014/1014 1013/1013
f 1015/1015 1014/1014 877/877
f 877/877 901/901 1015/1015
f 877/877 876/876 900/900
f 1016/1016 1017/1017 1018/1018
f 1018/1018 1019/1019 1016/1016
f 1020/1020 1019/1019 1018/1018
f 1018/1018 1021/1021 1020/1020
f 1022/1022 1023/1023 1020/1020
f 1020/1020 1021/1021 1022/1022
f 1017/1017 1016/1016 1024/1024
f 1024/1024 1025/1025 1017/1017
f 1026/1026 1027/1027 1028/1028
f 1028/1028 1029/1029 1026/1026
f 1030/1030 1028/1028 1031/1031
f 1031/1031 1032/1032 1030/1030
f 1033/1033 1034/1034 1035/1035
f 1035/1035 1031/1031 1033/1033
f 1036/1036 1037/1037 1038/1038
f 1038/1038 1029/1029 1036/1036
f 1016/1016 1019/1019 1027/1027
f 1027/1027 1026/1026 1016/1016
f 1019/1019 1020/1020 1033/1033
f 1033/1033 1027/1027 1019/1019
f 1023/1023 1034/1034 1033/1033
f 1033/1033 1020/1020 1023/1023
f 1016/1016 1026/1026 1039/1039
f 1039/1039 1024/1024 1016/1016
f 1040/1040 1041/1041 1042/1042
f 1042/1042 1043/1043 1044/1044
f 1044/1044 887/887 1042/1042
f 394/394 1045/1045 1046/1046
f 1047/1047 1048/1048 1049/1049
f 1049/1049 1050/1050 1047/1047
f 1048/1048 1047/1047 1051/1051
f 1051/1051 1052/1052 1048/1048
f 1053/1053 1054/1054 1055/1055
f 1055/1055 1056/1056 1053/1053
f 1050/1050 1049/1049 1053/1053
f 1053/1053 1056/1056 1050/1050
f 1057/1057 1058/1058 1059/1059
f 1049/1049 1048/1048 1036/1036
f 1036/1036 1060/1060 1049/1049
f 1061/1061 1058/1058 1057/1057
f 1036/1036 1048/1048 1052/1052
f 1052/1052 1037/1037 1036/1036
f 1057/1057 1062/1062 1063/1063
f 1054/1054 1053/1053 1032/1032
f 1032/1032 1064/1064 1054/1054
f 1057/1057 1059/1059 1062/1062
f 1032/1032 1053/1053 1049/1049
f 1049/1049 1060/1060 1032/1032
f 1065/1065 1066/1066 1067/1067
f 1067/1067 1068/1068 1065/1065
f 1065/1065 1068/1068 1069/1069
f 1069/1069 1070/1070 1065/1065
f 1071/1071 1070/1070 1069/1069
f 1069/1069 1072/1072 1071/1071
f 1071/1071 1072/1072 1073/1073
f 1073/1073 1074/1074 1071/1071
f 1068/1068 1075/1075 1076/1076
f 1069/1069 1068/1068 1076/1076
f 1072/1072 1069/1069 1076/1076
f 1072/1072 1076/1076 1077/1077
f 1067/1067 1078/1078 1068/1068
f 1068/1068 1078/1078 1075/1075
f 1077/1077 1079/1079 1072/1072
f 1072/1072 1079/1079 1073/1073
f 1080/1080 432/432 431/431
f 1081/1081 886/886 1082/1082
f 1082/1082 1083/1083 1081/1081
f 1040/1040 1084/1084 1041/1041
f 956/956 1085/1085 1082/1082
f 1082/1082 886/886 956/956
f 1086/1086 1087/1087 1045/1045
f 1045/1045 1087/1087 1088/1088
f 1088/1088 1089/1089 1045/1045
f 957/957 888/888 1090/1090
f 1090/1090 1091/1091 957/957
f 883/883 881/881 1092/1092
f 1093/1093 1094/1094 1095/1095
f 882/882 881/881 883/883
f 1096/1096 1097/1097 891/891
f 891/891 893/893 1096/1096
f 1098/1098 1099/1099 982/982
f 982/982 1099/1099 983/983
f 986/986 1100/1100 987/987
f 987/987 1100/1100 989/989
f 993/993 1101/1101 994/994
f 994/994 1101/1101 997/997
f 999/999 1102/1102 991/991
f 991/991 1102/1102 992/992
f 1000/1000 1103/1103 1001/1001
f 1001/1001 1103/1103 1002/1002
f 1003/1003 1104/1104 1004/1004
f 1005/1005 1103/1103 1000/1000
f 901/901 900/900 879/879
f 1084/1084 1040/1040 1105/1105
f 458/458 1106/1106 1107/1107
f 1107/1107 459/459 458/458
f 1108/1108 1109/1109 464/464
f 464/464 463/463 1108/1108
f 1110/1110 1111/1111 1112/1112
f 1113/1113 1114/1114 1115/1115
f 1113/1113 1116/1116 1114/1114
f 473/473 475/475 1117/1117
f 1117/1117 1115/1115 473/473
f 1118/1118 475/475 477/477
f 1119/1119 1120/1120 475/475
f 475/475 1118/1118 1119/1119
f 1120/1120 1121/1121 1117/1117
f 1117/1117 475/475 1120/1120
f 1116/1116 1122/1122 463/463
f 463/463 473/473 1116/1116
f 1114/1114 473/473 1115/1115
f 1116/1116 473/473 1114/1114
f 1108/1108 463/463 1123/1123
f 1123/1123 463/463 1122/1122
f 953/953 935/935 938/938
f 938/938 952/952 953/953
f 940/940 949/949 952/952
f 952/952 938/938 940/940
f 944/944 943/943 1124/1124
f 1124/1124 1125/1125 944/944
f 948/948 947/947 1126/1126
f 1126/1126 1127/1127 948/948
f 1128/1128 1129/1129 958/958
f 225/225 888/888 957/957
f 1090/1090 888/888 1080/1080
f 1080/1080 1130/1130 1090/1090
f 1080/1080 888/888 224/224
f 490/490 1130/1130 1080/1080
f 1080/1080 431/431 490/490
f 1080/1080 224/224 432/432
f 894/894 491/491 236/236
f 235/235 491/491 894/894
f 949/949 940/940 947/947
f 947/947 946/946 949/949
f 940/940 939/939 1126/1126
f 1126/1126 947/947 940/940
f 933/933 934/934 1131/1131
f 1131/1131 1132/1132 933/933
f 1131/1131 934/934 950/950
f 950/950 945/945 1131/1131
f 950/950 946/946 945/945
f 857/857 494/494 203/203
f 203/203 860/860 857/857
f 855/855 857/857 860/860
f 1133/1133 954/954 930/930
f 930/930 932/932 1133/1133
f 859/859 864/864 922/922
f 922/922 863/863 859/859
f 1134/1134 913/913 1135/1135
f 217/217 882/882 498/498
f 243/243 191/191 869/869
f 869/869 899/899 243/243
f 1136/1136 1093/1093 1095/1095
f 1083/1083 1082/1082 1137/1137
f 1082/1082 1085/1085 1137/1137
f 1123/1123 1122/1122 1112/1112
f 1112/1112 1111/1111 1123/1123
f 1111/1111 1108/1108 1123/1123
f 501/501 228/228 891/891
f 891/891 1097/1097 501/501
f 893/893 1138/1138 1139/1139
f 1139/1139 1096/1096 893/893
f 1106/1106 458/458 505/505
f 505/505 1140/1140 1106/1106
f 899/899 869/869 866/866
f 866/866 896/896 899/899
f 880/880 896/896 866/866
f 866/866 865/865 880/880
f 1056/1056 1055/1055 1063/1063
f 1063/1063 1062/1062 1056/1056
f 1056/1056 1062/1062 1059/1059
f 1059/1059 1050/1050 1056/1056
f 1050/1050 1059/1059 1058/1058
f 1058/1058 1047/1047 1050/1050
f 1061/1061 1051/1051 1047/1047
f 1047/1047 1058/1058 1061/1061
f 902/902 1141/1141 1142/1142
f 1143/1143 920/920 919/919
f 919/919 1144/1144 1143/1143
f 865/865 867/867 1145/1145
f 880/880 879/879 897/897
f 897/897 896/896 880/880
f 879/879 900/900 897/897
f 1146/1146 901/901 1147/1147
f 901/901 879/879 878/878
f 1141/1141 918/918 1148/1148
f 1147/1147 1149/1149 1146/1146
f 1150/1150 1135/1135 1151/1151
f 1151/1151 1151/1151 1150/1150
f 1150/1150 1152/1152 1153/1153
f 1153/1153 909/909 1150/1150
f 914/914 913/913 1154/1154
f 914/914 1154/1154 1155/1155
f 914/914 1155/1155 915/915
f 914/914 917/917 1156/1156
f 1156/1156 911/911 914/914
f 1157/1157 1158/1158 1159/1159
f 1135/1135 1150/1150 1134/1134
f 1158/1158 1135/1135 913/913
f 1151/1151 1151/1151 1157/1157
f 1157/1157 1159/1159 1151/1151
f 1142/1142 1141/1141 1160/1160
f 902/902 1142/1142 903/903
f 1141/1141 1148/1148 1160/1160
f 1148/1148 918/918 921/921
f 1150/1150 1151/1151 1152/1152
f 1158/1158 913/913 912/912
f 1161/1161 527/527 501/501
f 501/501 1097/1097 1161/1161
f 1097/1097 1096/1096 1162/1162
f 1162/1162 1161/1161 1097/1097
f 1096/1096 1139/1139 1163/1163
f 1163/1163 1162/1162 1096/1096
f 1164/1164 1165/1165 1166/1166
f 1166/1166 1007/1007 1164/1164
f 1008/1008 1167/1167 1168/1168
f 1168/1168 1169/1169 1008/1008
f 536/536 1138/1138 1170/1170
f 1170/1170 537/537 536/536
f 1171/1171 1172/1172 1149/1149
f 541/541 543/543 1170/1170
f 1170/1170 1173/1173 541/541
f 892/892 890/890 1010/1010
f 889/889 227/227 544/544
f 544/544 890/890 889/889
f 249/249 545/545 1173/1173
f 1173/1173 906/906 249/249
f 1174/1174 1146/1146 1149/1149
f 1171/1171 1145/1145 1172/1172
f 1144/1144 905/905 904/904
f 904/904 1143/1143 1144/1144
f 916/916 915/915 1175/1175
f 1175/1175 1176/1176 916/916
f 915/915 1155/1155 1169/1169
f 1169/1169 1175/1175 915/915
f 910/910 909/909 1153/1153
f 1153/1153 1177/1177 910/910
f 1150/1150 909/909 908/908
f 901/901 1146/1146 1178/1178
f 1178/1178 1015/1015 901/901
f 1012/1012 1174/1174 1010/1010
f 1178/1178 1146/1146 1012/1012
f 890/890 1011/1011 1010/1010
f 1149/1149 1147/1147 1179/1179
f 1147/1147 901/901 1179/1179
f 1149/1149 1179/1179 1180/1180
f 1180/1180 1171/1171 1149/1149
f 1179/1179 901/901 1180/1180
f 1174/1174 1012/1012 1146/1146
f 1178/1178 1012/1012 1181/1181
f 1181/1181 1013/1013 1178/1178
f 1009/1009 1011/1011 358/358
f 1011/1011 890/890 544/544
f 544/544 358/358 1011/1011
f 1012/1012 1011/1011 1181/1181
f 892/892 1010/1010 1174/1174
f 866/866 869/869 868/868
f 868/868 867/867 866/866
f 867/867 868/868 1182/1182
f 1182/1182 1172/1172 867/867
f 1172/1172 1182/1182 906/906
f 906/906 1149/1149 1172/1172
f 1149/1149 906/906 1173/1173
f 1173/1173 1174/1174 1149/1149
f 1173/1173 1170/1170 892/892
f 892/892 1174/1174 1173/1173
f 892/892 1170/1170 1138/1138
f 1138/1138 893/893 892/892
f 555/555 1163/1163 1139/1139
f 1139/1139 556/556 555/555
f 1139/1139 1138/1138 536/536
f 536/536 556/556 1139/1139
f 1043/1043 1183/1183 885/885
f 885/885 1044/1044 1043/1043
f 957/957 1091/1091 1184/1184
f 1184/1184 958/958 957/957
f 1172/1172 1145/1145 867/867
f 1045/1045 394/394 560/560
f 560/560 1185/1185 1045/1045
f 1046/1046 1045/1045 1089/1089
f 561/561 563/563 1186/1186
f 1186/1186 1185/1185 561/561
f 564/564 1046/1046 1089/1089
f 1089/1089 565/565 564/564
f 1046/1046 564/564 394/394
f 1042/1042 887/887 1040/1040
f 885/885 887/887 1044/1044
f 959/959 958/958 1129/1129
f 1081/1081 1105/1105 1040/1040
f 886/886 1081/1081 1040/1040
f 887/887 886/886 1040/1040
f 1187/1187 1188/1188 1189/1189
f 1189/1189 1190/1190 1187/1187
f 1191/1191 1192/1192 1190/1190
f 1190/1190 1189/1189 1191/1191
f 1192/1192 1191/1191 1193/1193
f 1194/1194 1195/1195 1189/1189
f 1189/1189 1188/1188 1194/1194
f 1191/1191 1189/1189 1195/1195
f 1195/1195 1196/1196 1191/1191
f 1191/1191 1196/1196 1193/1193
f 1197/1197 1198/1198 1195/1195
f 1195/1195 1194/1194 1197/1197
f 1196/1196 1199/1199 1193/1193
f 1200/1200 1192/1192 1193/1193
f 1188/1188 1187/1187 1201/1201
f 1201/1201 1202/1202 1188/1188
f 1195/1195 1198/1198 1199/1199
f 1199/1199 1196/1196 1195/1195
f 1192/1192 1200/1200 1203/1203
f 1203/1203 1190/1190 1192/1192
f 1203/1203 1204/1204 1187/1187
f 1187/1187 1190/1190 1203/1203
f 1205/1205 1201/1201 1187/1187
f 1187/1187 1204/1204 1205/1205
f 721/721 725/725 722/722
f 833/833 832/832 829/829
f 829/829 828/828 833/833
f 833/833 828/828 848/848
f 848/848 1206/1206 833/833
f 831/831 830/830 837/837
f 837/837 836/836 831/831
f 841/841 844/844 837/837
f 837/837 830/830 841/841
f 847/847 831/831 836/836
f 836/836 851/851 847/847
f 840/840 846/846 1207/1207
f 1207/1207 841/841 840/840
f 1207/1207 1208/1208 844/844
f 844/844 841/841 1207/1207
f 1208/1208 838/838 844/844
f 561/561 1185/1185 560/560
f 1045/1045 1042/1042 1041/1041
f 1041/1041 1086/1086 1045/1045
f 958/958 1184/1184 1128/1128
f 854/854 173/173 588/588
f 856/856 861/861 854/854
f 854/854 857/857 856/856
f 928/928 925/925 924/924
f 1185/1185 1186/1186 1043/1043
f 1043/1043 1186/1186 563/563
f 563/563 1183/1183 1043/1043
f 1045/1045 1185/1185 1043/1043
f 1043/1043 1042/1042 1045/1045
f 464/464 1109/1109 1140/1140
f 1140/1140 505/505 464/464
f 957/957 306/306 225/225
f 724/724 721/721 1209/1209
f 1194/1194 1210/1210 1211/1211
f 1211/1211 1197/1197 1194/1194
f 1210/1210 1194/1194 1188/1188
f 1188/1188 1202/1202 1210/1210
f 1119/1119 1121/1121 1120/1120
f 1206/1206 1212/1212 834/834
f 834/834 833/833 1206/1206
f 1213/1213 1214/1214 594/594
f 1215/1215 1213/1213 594/594
f 1215/1215 594/594 498/498
f 882/882 1215/1215 498/498
f 849/849 843/843 842/842
f 1215/1215 955/955 886/886
f 886/886 885/885 1215/1215
f 594/594 1214/1214 563/563
f 842/842 835/835 169/169
f 835/835 834/834 852/852
f 1216/1216 1217/1217 600/600
f 1216/1216 600/600 599/599
f 1216/1216 599/599 1218/1218
f 599/599 602/602 1218/1218
f 603/603 1219/1219 1220/1220
f 1220/1220 604/604 603/603
f 1220/1220 1221/1221 607/607
f 607/607 604/604 1220/1220
f 1219/1219 610/610 609/609
f 609/609 1220/1220 1219/1219
f 1219/1219 611/611 610/610
f 1220/1220 609/609 612/612
f 612/612 1221/1221 1220/1220
f 615/615 1217/1217 1216/1216
f 613/613 615/615 1216/1216
f 613/613 1216/1216 1218/1218
f 613/613 1218/1218 614/614
f 616/616 614/614 1218/1218
f 1222/1222 618/618 617/617
f 1222/1222 617/617 620/620
f 1223/1223 1222/1222 620/620
f 620/620 622/622 1223/1223
f 623/623 1224/1224 625/625
f 625/625 624/624 623/623
f 627/627 629/629 1225/1225
f 1226/1226 631/631 627/627
f 627/627 1225/1225 1226/1226
f 632/632 633/633 1222/1222
f 1222/1222 1223/1223 632/632
f 1223/1223 622/622 632/632
f 1224/1224 623/623 634/634
f 1225/1225 629/629 635/635
f 1225/1225 635/635 636/636
f 636/636 1226/1226 1225/1225
f 1227/1227 639/639 638/638
f 639/639 1227/1227 640/640
f 1218/1218 602/602 616/616
f 797/797 796/796 1228/1228
f 798/798 797/797 1228/1228
f 800/800 799/799 1229/1229
f 796/796 801/801 1228/1228
f 791/791 790/790 1230/1230
f 792/792 791/791 1230/1230
f 794/794 793/793 1231/1231
f 790/790 795/795 1230/1230
f 786/786 785/785 1232/1232
f 787/787 786/786 1232/1232
f 789/789 788/788 1233/1233
f 784/784 737/737 734/734
f 734/734 1209/1209 784/784
f 734/734 724/724 1209/1209
f 803/803 802/802 1234/1234
f 1235/1235 803/803 1234/1234
f 805/805 804/804 1236/1236
f 802/802 806/806 1234/1234
f 1158/1158 1157/1157 1135/1135
f 1157/1157 1151/1151 1135/1135
f 1006/1006 1154/1154 913/913
f 913/913 1134/1134 1006/1006
f 1006/1006 1134/1134 1150/1150
f 1150/1150 908/908 1006/1006
f 1013/1013 1181/1181 1009/1009
f 1181/1181 1011/1011 1009/1009
f 854/854 588/588 650/650
f 650/650 857/857 854/854
f 857/857 650/650 494/494
f 1237/1237 773/773 719/719
f 719/719 731/731 1237/1237
f 1237/1237 731/731 803/803
f 803/803 1235/1235 1237/1237
f 711/711 710/710 703/703
f 696/696 690/690 689/689
f 689/689 714/714 696/696
f 1029/1029 1028/1028 1030/1030
f 1030/1030 1036/1036 1029/1029
f 1033/1033 1031/1031 1028/1028
f 1028/1028 1027/1027 1033/1033
f 1031/1031 1035/1035 1064/1064
f 1064/1064 1032/1032 1031/1031
f 1026/1026 1029/1029 1038/1038
f 1038/1038 1039/1039 1026/1026
f 695/695 694/694 688/688
f 688/688 691/691 695/695
f 1173/1173 545/545 541/541
f 1170/1170 543/543 537/537
f 654/654 1182/1182 868/868
f 868/868 655/655 654/654
f 1182/1182 654/654 656/656
f 250/250 906/906 1182/1182
f 1182/1182 656/656 250/250
f 868/868 194/194 655/655
f 1180/1180 901/901 878/878
f 1008/1008 1007/1007 1166/1166
f 1166/1166 1167/1167 1008/1008
f 907/907 1164/1164 1007/1007
f 1007/1007 908/908 907/907
f 1008/1008 1169/1169 1155/1155
f 1008/1008 1155/1155 1154/1154
f 1008/1008 1154/1154 1006/1006
f 1176/1176 1175/1175 1238/1238
f 1238/1238 1239/1239 1176/1176
f 1175/1175 1169/1169 1168/1168
f 1168/1168 1238/1238 1175/1175
f 982/982 965/965 981/981
f 981/981 1098/1098 982/982
f 988/988 990/990 962/962
f 1240/1240 1241/1241 1242/1242
f 1241/1241 1243/1243 1244/1244
f 1241/1241 1244/1244 1242/1242
f 1245/1245 1246/1246 1247/1247
f 1246/1246 1245/1245 1248/1248
f 1246/1246 1248/1248 1249/1249
f 1241/1241 1250/1250 1243/1243
f 1251/1251 1252/1252 1253/1253
f 1252/1252 1251/1251 1254/1254
f 1252/1252 1254/1254 1255/1255
f 1256/1256 1257/1257 1258/1258
f 1257/1257 1259/1259 1260/1260
f 1257/1257 1260/1260 1258/1258
f 1257/1257 1261/1261 1259/1259
f 1262/1262 1263/1263 1264/1264
f 1263/1263 1262/1262 1265/1265
f 1263/1263 1265/1265 1266/1266
f 936/936 935/935 944/944
f 944/944 1125/1125 936/936
f 935/935 953/953 941/941
f 941/941 944/944 935/935
f 941/941 953/953 924/924
f 924/924 930/930 941/941
f 923/923 931/931 930/930
f 930/930 924/924 923/923
f 693/693 692/692 1267/1267
f 1267/1267 1268/1268 693/693
f 603/603 611/611 1219/1219

g Object_default-grey.jpg

usemtl mat_1-default-grey.jpg

# num_faces: 1668
