mtllib 8VNI8MVZDJVW36VL400C0XPXP.mtl
v 0.038908 0.280785 1.088403
v 0.058033 0.282159 1.052789
v 0.047984 0.273084 1.041535
v 0.035809 0.306156 1.033321
v 0.047984 0.273084 1.041535
v 0.044089 0.313575 1.037562
v 0.049252 0.291674 1.042259
v 0.057543 0.030544 0.838627
v 0.069544 0.022810 0.879496
v 0.058169 0.036807 0.834425
v 0.068356 0.035184 0.860128
v 0.084107 0.034126 0.873144
v 0.068356 0.035184 0.860128
v 0.069544 0.022810 0.879496
v 0.059187 0.076787 0.900531
v 0.069544 0.022810 0.879496
v 0.039988 0.288166 0.981005
v 0.050139 0.255404 0.999671
v 0.046068 0.293190 0.983159
v 0.051463 0.273550 0.994547
v 0.047984 0.273084 1.041535
v 0.060638 0.267676 1.007676
v 0.050139 0.255404 0.999671
v 0.040445 0.255536 0.934608
v 0.050233 0.223946 0.960903
v 0.046154 0.259217 0.935649
v 0.051559 0.241497 0.951661
v 0.050139 0.255404 0.999671
v 0.060752 0.238326 0.966456
v 0.050233 0.223946 0.960903
v 0.040040 0.206550 0.902992
v 0.051701 0.184289 0.938165
v 0.046128 0.212564 0.902486
v 0.053027 0.199321 0.923764
v 0.014746 0.225059 0.888550
v 0.000000 0.219956 0.886547
v 0.050233 0.223946 0.960903
v 0.062214 0.200401 0.939607
v 0.051701 0.184289 0.938165
v 0.043241 0.149885 0.879708
v 0.053705 0.132432 0.922419
v 0.049345 0.154082 0.878799
v 0.055123 0.144958 0.904008
v 0.015775 0.164056 0.861437
v 0.000000 0.158272 0.860476
v 0.051701 0.184289 0.938165
v 0.064952 0.149612 0.920346
v 0.053705 0.132432 0.922419
v 0.047568 0.087364 0.859820
v 0.059187 0.076787 0.900531
v 0.052807 0.095314 0.854673
v 0.060704 0.087320 0.879154
v 0.016882 0.108059 0.837223
v 0.000000 0.104536 0.837555
v 0.053705 0.132432 0.922419
v 0.071222 0.094684 0.895774
v 0.059187 0.076787 0.900531
v 0.108593 -0.172041 0.201065
v 0.124962 -0.164685 0.238640
v 0.147349 -0.154745 0.208445
v 0.032433 0.280487 1.175389
v 0.038013 0.270682 1.174014
v 0.038653 0.269756 1.170862
v 0.038275 0.279902 1.167567
v 0.033591 0.280444 1.169658
v 0.040790 0.270720 1.169961
v 0.019886 0.279664 1.190603
v 0.021330 0.282919 1.197210
v 0.024994 0.273792 1.190464
v 0.023798 0.284361 1.187854
v 0.026210 0.274184 1.193544
v 0.027566 0.275414 1.189030
v 0.018019 0.273815 1.223851
v 0.015118 0.267381 1.226542
v 0.019727 0.260445 1.224116
v 0.017350 0.270360 1.232270
v 0.021644 0.260553 1.226098
v 0.022751 0.262607 1.221641
v 0.012701 0.298155 1.190948
v 0.018969 0.298225 1.182571
v 0.014475 0.296766 1.191046
v 0.030211 0.307807 1.176008
v 0.032551 0.309060 1.162623
v 0.030099 0.306902 1.168362
v 0.024633 0.203145 1.180850
v 0.014633 0.190945 1.195844
v 0.025591 0.193041 1.186345
v 0.014292 0.303161 1.191417
v 0.023646 0.307933 1.185872
v 0.023866 0.303308 1.184006
v 0.028992 0.313110 1.178288
v 0.019620 0.310772 1.187256
v 0.019292 0.299971 1.185591
v 0.006025 0.304877 1.189070
v 0.011696 0.310704 1.183359
v 0.019642 0.296501 1.184744
v 0.017480 0.294927 1.192367
v 0.006771 0.301502 1.190960
v 0.012421 0.295829 1.197536
v 0.019962 0.298127 1.184762
v 0.017179 0.292362 1.194649
v 0.023011 0.289985 1.184929
v 0.029378 0.295463 1.176740
v 0.028728 0.298020 1.177364
v 0.023797 0.296759 1.175502
v 0.010637 0.287184 1.212944
v 0.015215 0.282746 1.212341
v 0.021330 0.282919 1.197210
v 0.034282 0.293503 1.176159
v 0.032433 0.280487 1.175389
v 0.018236 0.299061 1.183683
v 0.018969 0.298225 1.182571
v 0.012701 0.298155 1.190948
v 0.023798 0.284361 1.187854
v 0.023840 0.286401 1.193424
v 0.019051 0.278305 1.211023
v 0.018944 0.300517 1.173753
v 0.021535 0.304327 1.178704
v 0.023942 0.306247 1.175812
v 0.022499 0.303342 1.168756
v 0.026134 0.306990 1.173014
v 0.030099 0.306902 1.168362
v 0.029962 0.305167 1.167982
v 0.026088 0.297383 1.172269
v 0.023797 0.296759 1.175502
v 0.027865 0.299820 1.170212
v 0.000000 0.318184 1.175753
v 0.016401 0.318440 1.175516
v 0.000000 0.308593 1.190652
v 0.022359 0.329442 1.160944
v 0.000000 0.326091 1.165068
v 0.007930 0.282096 1.231461
v 0.000000 0.290241 1.213037
v 0.000000 0.297372 1.198734
v 0.018019 0.273815 1.223851
v 0.029962 0.305167 1.167982
v 0.030099 0.306902 1.168362
v 0.032551 0.309060 1.162623
v 0.034289 0.300184 1.168886
v 0.032490 0.302884 1.170125
v 0.032889 0.305975 1.167078
v 0.034996 0.305396 1.163926
v 0.026088 0.297383 1.172269
v 0.027865 0.299820 1.170212
v 0.026134 0.306990 1.173014
v 0.023942 0.306247 1.175812
v 0.021535 0.304327 1.178704
v 0.018236 0.299061 1.183683
v 0.022726 0.317806 1.180461
v 0.031621 0.323244 1.164331
v 0.034995 0.314576 1.163065
v 0.036229 0.314377 1.155121
v 0.031841 0.324742 1.154521
v 0.043879 0.281417 1.163746
v 0.038275 0.279902 1.167567
v 0.036375 0.306762 1.156697
v 0.041045 0.298252 1.167063
v 0.042097 0.279047 1.173238
v 0.044027 0.299371 1.150986
v 0.046635 0.285798 1.149128
v 0.037909 0.329159 1.122872
v 0.042946 0.316511 1.122358
v 0.007190 0.343354 1.125636
v 0.000000 0.340800 1.129972
v 0.022479 0.349929 1.137240
v 0.036266 0.342195 1.123590
v 0.050393 0.302225 1.122153
v 0.053725 0.282200 1.135877
v 0.005082 0.257135 1.241735
v 0.007479 0.258901 1.238976
v 0.007097 0.263487 1.239948
v 0.003832 0.260658 1.244017
v 0.009511 0.258628 1.238713
v 0.010477 0.262850 1.238932
v 0.020461 0.227259 1.184486
v 0.021876 0.225699 1.187179
v 0.016875 0.221245 1.178240
v 0.019544 0.218918 1.183626
v 0.021834 0.231994 1.189246
v 0.021598 0.225990 1.176256
v 0.022602 0.229811 1.183276
v 0.006714 0.268824 1.245119
v 0.010764 0.263507 1.244494
v 0.007561 0.262269 1.246702
v 0.000000 0.261352 1.250000
v 0.000000 0.266390 1.246723
v 0.005390 0.252212 1.236164
v 0.020468 0.248525 1.151838
v 0.026527 0.248030 1.153725
v 0.023760 0.242084 1.163075
v 0.012598 0.206796 1.199492
v 0.012333 0.212091 1.205048
v 0.007066 0.205856 1.204730
v 0.009511 0.211122 1.207692
v 0.010809 0.215786 1.209169
v 0.016630 0.214654 1.197786
v 0.017418 0.212154 1.199418
v 0.013397 0.208696 1.187821
v 0.016031 0.206956 1.195132
v 0.017451 0.218603 1.202691
v 0.018510 0.215251 1.188153
v 0.019210 0.216863 1.196589
v 0.027009 0.204774 1.187502
v 0.027416 0.217656 1.175570
v 0.024635 0.215296 1.169539
v 0.032301 0.257219 1.166780
v 0.029881 0.250004 1.165178
v 0.029016 0.252337 1.162157
v 0.031491 0.254061 1.160741
v 0.019801 0.243910 1.155754
v 0.026527 0.248030 1.153725
v 0.023760 0.242084 1.163075
v 0.039956 0.265144 1.171661
v 0.027859 0.267491 1.190296
v 0.023418 0.253425 1.220383
v 0.000000 0.191123 1.195114
v 0.014633 0.190945 1.195844
v 0.011816 0.183832 1.190315
v 0.013078 0.276532 1.236427
v 0.008039 0.280085 1.240149
v 0.010396 0.273126 1.241968
v 0.000000 0.275039 1.244805
v 0.000000 0.203614 1.207651
v 0.011675 0.206624 1.206087
v 0.011990 0.273526 1.236237
v 0.003832 0.260658 1.244017
v 0.000000 0.191123 1.195114
v 0.020544 0.185841 1.184324
v 0.015438 0.176764 1.184305
v 0.009064 0.175151 1.188480
v 0.025591 0.193041 1.186345
v 0.017350 0.270360 1.232270
v 0.015118 0.267381 1.226542
v 0.010477 0.262850 1.238932
v 0.038221 0.261606 1.129983
v 0.046921 0.261115 1.128022
v 0.039189 0.243134 1.143439
v 0.035555 0.279183 1.155219
v 0.040057 0.283285 1.146128
v 0.033442 0.267812 1.148372
v 0.039753 0.271934 1.133848
v 0.040310 0.289577 1.110097
v 0.048207 0.239495 1.113477
v 0.032588 0.228490 1.143556
v 0.030914 0.249893 1.145292
v 0.037226 0.239390 1.154901
v 0.051195 0.262220 1.106787
v 0.052030 0.255026 1.119362
v 0.016031 0.206956 1.195132
v 0.024476 0.209338 1.192890
v 0.018510 0.215251 1.188153
v 0.026408 0.222013 1.179904
v 0.019544 0.218918 1.183626
v 0.021598 0.225990 1.176256
v 0.026527 0.248030 1.153725
v 0.032577 0.244472 1.158912
v 0.023760 0.242084 1.163075
v 0.031828 0.246039 1.103925
v 0.052708 0.245316 1.091776
v 0.038821 0.262066 1.094686
v 0.038821 0.262066 1.094686
v 0.061935 0.245451 1.099080
v 0.032433 0.280487 1.175389
v 0.017953 0.284881 1.149196
v 0.000000 0.286786 1.151178
v 0.035555 0.279183 1.155219
v 0.038275 0.279902 1.167567
v 0.000000 0.284361 1.188885
v 0.019886 0.279664 1.190603
v 0.019886 0.279664 1.190603
v 0.016062 0.273150 1.209878
v 0.019659 0.273027 1.228597
v 0.029242 0.260746 1.088285
v 0.017333 0.235883 1.145226
v 0.018286 0.250387 1.097818
v 0.038908 0.280785 1.088403
v 0.029242 0.260746 1.088285
v 0.000000 0.340372 1.112674
v 0.007190 0.343354 1.125636
v 0.000000 0.340800 1.129972
v 0.040310 0.289577 1.110097
v 0.072197 0.305221 1.100542
v 0.066744 0.301262 1.092141
v 0.023957 0.276262 1.119002
v 0.030914 0.249893 1.145292
v 0.020092 0.251942 1.137694
v 0.023957 0.276262 1.119002
v 0.035555 0.279183 1.155219
v 0.030914 0.249893 1.145292
v 0.023957 0.276262 1.119002
v 0.000000 0.278510 1.122231
v 0.005328 0.213883 1.188962
v 0.000000 0.214891 1.190225
v 0.009181 0.226556 1.176414
v 0.000000 0.227429 1.178528
v 0.012392 0.251716 1.157425
v 0.015258 0.239334 1.160139
v 0.013831 0.223452 1.174384
v 0.009280 0.210553 1.186093
v 0.021598 0.225990 1.176256
v 0.019544 0.218918 1.183626
v 0.040996 0.310690 1.102206
v 0.030904 0.314789 1.085235
v 0.038109 0.319291 1.104265
v 0.038109 0.319291 1.104265
v 0.065025 0.311127 1.088496
v 0.040996 0.310690 1.102206
v 0.029492 0.329430 1.111667
v 0.022041 0.336132 1.112890
v 0.060386 0.330501 1.083284
v 0.056455 0.340337 1.086680
v 0.038109 0.319291 1.104265
v 0.029492 0.329430 1.111667
v 0.042946 0.316511 1.122358
v 0.067662 0.330165 1.091888
v 0.053876 0.278617 1.102046
v 0.060189 0.239742 1.100725
v 0.018510 0.215251 1.188153
v 0.016031 0.206956 1.195132
v 0.022041 0.336132 1.112890
v 0.028925 0.356764 1.099951
v 0.007190 0.343354 1.125636
v 0.020020 0.368717 1.104828
v 0.036266 0.342195 1.123590
v 0.039513 0.363882 1.106014
v 0.050393 0.302225 1.122153
v 0.072051 0.343455 1.068856
v 0.069750 0.349540 1.070850
v 0.076610 0.343312 1.074039
v 0.084930 0.349052 1.052184
v 0.083488 0.298302 1.068725
v 0.082560 0.304329 1.066420
v 0.086951 0.300712 1.073794
v 0.099854 0.300519 1.050707
v 0.048969 0.374608 1.069301
v 0.046040 0.382904 1.069450
v 0.030952 0.378968 1.088152
v 0.043381 0.370652 1.097163
v 0.056658 0.378438 1.072949
v 0.060387 0.382681 1.064461
v 0.056059 0.381435 1.059246
v 0.035665 0.368055 1.087695
v 0.051113 0.386322 1.061584
v 0.065851 0.402910 1.041955
v 0.008359 0.347492 1.008066
v 0.000000 0.343245 1.007331
v 0.014095 0.330292 1.036943
v 0.000000 0.351787 0.989337
v 0.047984 0.273084 1.041535
v 0.023748 0.245752 1.049164
v 0.029242 0.260746 1.088285
v 0.018286 0.250387 1.097818
v 0.000000 0.242086 1.103038
v 0.038908 0.280785 1.088403
v 0.072655 0.277562 1.023118
v 0.049252 0.291674 1.042259
v 0.047984 0.273084 1.041535
v 0.000000 0.322001 0.932431
v 0.000000 0.314918 0.952490
v 0.008672 0.318230 0.953079
v 0.000000 0.323993 0.954964
v 0.014727 0.309112 0.977327
v 0.008613 0.279005 0.895740
v 0.000000 0.275530 0.895848
v 0.014755 0.274323 0.926164
v 0.000000 0.285293 0.896161
v 0.009569 0.161983 0.824822
v 0.000000 0.158200 0.825816
v 0.015775 0.164056 0.861437
v 0.000000 0.158272 0.860476
v 0.000000 0.155072 0.803425
v 0.009542 0.099602 0.807969
v 0.000000 0.096239 0.809885
v 0.016882 0.108059 0.837223
v 0.000000 0.104536 0.837555
v 0.069544 0.022810 0.879496
v 0.034794 0.065215 0.951379
v 0.059187 0.076787 0.900531
v 0.042102 0.001548 0.946427
v 0.031622 0.122840 0.955002
v 0.053705 0.132432 0.922419
v 0.075918 0.248201 0.984050
v 0.051463 0.273550 0.994547
v 0.050139 0.255404 0.999671
v 0.050139 0.255404 0.999671
v 0.028376 0.231447 1.015585
v 0.076060 0.220485 0.950813
v 0.051559 0.241497 0.951661
v 0.050233 0.223946 0.960903
v 0.029577 0.202775 0.982518
v 0.050233 0.223946 0.960903
v 0.000000 0.227231 1.024079
v 0.077514 0.181213 0.932910
v 0.053027 0.199321 0.923764
v 0.051701 0.184289 0.938165
v 0.029560 0.169187 0.966092
v 0.051701 0.184289 0.938165
v 0.074813 0.126853 0.915617
v 0.055123 0.144958 0.904008
v 0.053705 0.132432 0.922419
v 0.031622 0.122840 0.955002
v 0.053705 0.132432 0.922419
v 0.000000 0.125474 0.965885
v 0.000000 0.169479 0.976555
v 0.077201 0.068610 0.890410
v 0.060704 0.087320 0.879154
v 0.059187 0.076787 0.900531
v 0.000000 0.125474 0.965885
v 0.027099 0.301961 1.175618
v 0.028120 0.300816 1.172694
v 0.027198 0.299017 1.174011
v 0.028040 0.303286 1.172808
v 0.027007 0.304979 1.174284
v 0.025623 0.304904 1.176259
v 0.024701 0.303105 1.177577
v 0.024780 0.300635 1.177464
v 0.025815 0.298942 1.175986
v 0.025894 0.296862 1.171872
v 0.027491 0.299978 1.169590
v 0.027354 0.304256 1.169786
v 0.025563 0.307189 1.172344
v 0.023166 0.307059 1.175765
v 0.021569 0.303943 1.178047
v 0.021706 0.299664 1.177851
v 0.023498 0.296731 1.175293
v 0.023536 0.296073 1.169771
v 0.025380 0.299671 1.167137
v 0.025222 0.304611 1.167363
v 0.023153 0.307998 1.170318
v 0.020387 0.307848 1.174269
v 0.018543 0.304249 1.176902
v 0.018701 0.299309 1.176676
v 0.020769 0.295923 1.173722
v 0.008054 0.256416 1.241461
v 0.007561 0.262269 1.246702
v 0.010764 0.263507 1.244494
v 0.026408 0.222013 1.179904
v 0.024576 0.227319 1.185159
v 0.011635 0.210649 1.208230
v 0.011675 0.206624 1.206087
v 0.024476 0.209338 1.192890
v 0.021953 0.213522 1.198349
v 0.017418 0.212154 1.199418
v 0.023675 0.262510 1.224209
v 0.019659 0.273027 1.228597
v 0.034626 0.251545 1.163210
v 0.032577 0.244472 1.158912
v 0.028224 0.275646 1.191917
v 0.023840 0.286401 1.193424
v 0.042097 0.279047 1.173238
v 0.042196 0.271060 1.172910
v 0.032433 0.280487 1.175389
v 0.038275 0.279902 1.167567
v 0.042946 0.316511 1.122358
v 0.070499 0.315167 1.096924
v 0.037909 0.329159 1.122872
v 0.063751 0.340058 1.095354
v 0.030976 0.374081 1.111292
v 0.022479 0.349929 1.137240
v 0.074317 0.349415 1.076056
v 0.086030 0.306766 1.071497
v 0.037901 0.381591 1.096529
v 0.054075 0.386220 1.069201
v 0.072655 0.277562 1.023118
v 0.058033 0.282159 1.052789
v 0.047984 0.273084 1.041535
v 0.075918 0.248201 0.984050
v 0.060638 0.267676 1.007676
v 0.050139 0.255404 0.999671
v 0.076060 0.220485 0.950813
v 0.060752 0.238326 0.966456
v 0.050233 0.223946 0.960903
v 0.077514 0.181213 0.932910
v 0.062214 0.200401 0.939607
v 0.051701 0.184289 0.938165
v 0.074813 0.126853 0.915617
v 0.064952 0.149612 0.920346
v 0.053705 0.132432 0.922419
v 0.077201 0.068610 0.890410
v 0.071222 0.094684 0.895774
v 0.059187 0.076787 0.900531
v 0.038908 0.280785 1.088403
v 0.030904 0.314789 1.085235
v 0.038908 0.280785 1.088403
v 0.047568 0.087364 0.859820
v 0.059187 0.076787 0.900531
v 0.020427 0.045579 0.818741
v 0.058169 0.036807 0.834425
v 0.000000 0.104536 0.837555
v -0.000000 0.054936 0.805779
v 0.035809 0.306156 1.033321
v 0.039988 0.288166 0.981005
v 0.040445 0.255536 0.934608
v 0.040040 0.206550 0.902992
v 0.000000 0.219956 0.886547
v 0.043241 0.149885 0.879708
v 0.000000 0.158272 0.860476
v 0.000000 0.118726 0.827661
v 0.116155 -0.095963 0.149980
v 0.148564 -0.114837 0.195289
v 0.149989 -0.067974 0.199570
v 0.122233 -0.160886 0.405870
v 0.090842 -0.145430 0.419348
v 0.151258 -0.133870 0.447661
v 0.123326 -0.091474 0.455379
v 0.169525 -0.047648 0.434139
v -0.038907 0.280786 1.088403
v -0.058032 0.282159 1.052789
v -0.047983 0.273085 1.041535
v -0.035808 0.306156 1.033321
v -0.047983 0.273085 1.041535
v -0.044088 0.313575 1.037562
v -0.049251 0.291674 1.042259
v -0.014093 0.330293 1.036943
v 0.000000 0.326732 1.032075
v -0.057544 0.030544 0.838627
v -0.069544 0.022811 0.879496
v -0.058169 0.036807 0.834425
v -0.068356 0.035184 0.860128
v -0.020426 0.045579 0.818741
v -0.000000 0.040405 0.818134
v -0.058169 0.036807 0.834425
v -0.084107 0.034127 0.873144
v -0.068356 0.035184 0.860128
v -0.069544 0.022811 0.879496
v -0.059186 0.076788 0.900531
v -0.069544 0.022811 0.879496
v -0.039987 0.288166 0.981005
v -0.050138 0.255404 0.999671
v -0.046067 0.293190 0.983159
v -0.051462 0.273551 0.994547
v -0.014726 0.309112 0.977327
v 0.000000 0.305882 0.973555
v -0.047983 0.273085 1.041535
v -0.060637 0.267677 1.007676
v -0.050138 0.255404 0.999671
v -0.040444 0.255536 0.934608
v -0.050232 0.223946 0.960903
v -0.046154 0.259217 0.935649
v -0.051559 0.241497 0.951661
v -0.014754 0.274323 0.926164
v 0.000000 0.270175 0.922990
v -0.050138 0.255404 0.999671
v -0.060751 0.238326 0.966456
v -0.050232 0.223946 0.960903
v -0.040039 0.206551 0.902992
v -0.051701 0.184289 0.938165
v -0.046127 0.212564 0.902486
v -0.053026 0.199321 0.923764
v -0.050232 0.223946 0.960903
v -0.062214 0.200401 0.939607
v -0.051701 0.184289 0.938165
v -0.043240 0.149885 0.879708
v -0.053705 0.132432 0.922419
v -0.049345 0.154082 0.878799
v -0.055123 0.144958 0.904008
v -0.051701 0.184289 0.938165
v -0.064951 0.149612 0.920346
v -0.053705 0.132432 0.922419
v -0.047567 0.087364 0.859820
v -0.059186 0.076788 0.900531
v -0.052806 0.095314 0.854673
v -0.060704 0.087320 0.879154
v -0.053705 0.132432 0.922419
v -0.071222 0.094685 0.895774
v -0.059186 0.076788 0.900531
v -0.108593 -0.172041 0.201065
v -0.124962 -0.164684 0.238640
v -0.147349 -0.154744 0.208445
v -0.032432 0.280487 1.175389
v -0.038013 0.270682 1.174014
v -0.038652 0.269756 1.170862
v -0.038274 0.279903 1.167567
v -0.033590 0.280444 1.169658
v -0.040790 0.270721 1.169962
v -0.019885 0.279664 1.190603
v -0.021329 0.282919 1.197210
v -0.024994 0.273792 1.190464
v -0.023797 0.284361 1.187854
v -0.026209 0.274184 1.193544
v -0.027565 0.275414 1.189030
v -0.018018 0.273815 1.223851
v -0.015117 0.267381 1.226542
v -0.019726 0.260445 1.224116
v -0.017349 0.270360 1.232270
v -0.021643 0.260553 1.226098
v -0.022751 0.262607 1.221641
v -0.012700 0.298155 1.190948
v -0.018968 0.298226 1.182571
v -0.014475 0.296766 1.191046
v -0.030210 0.307807 1.176008
v -0.032550 0.309060 1.162623
v -0.030098 0.306902 1.168362
v -0.024632 0.203145 1.180850
v 0.000000 0.191137 1.195104
v -0.014633 0.190945 1.195844
v -0.025590 0.193041 1.186345
v 0.000000 0.220397 1.172683
v -0.014291 0.303161 1.191417
v -0.023645 0.307933 1.185872
v -0.023865 0.303308 1.184006
v -0.028991 0.313110 1.178288
v -0.019620 0.310772 1.187256
v -0.019291 0.299972 1.185591
v -0.006023 0.304877 1.189070
v -0.011695 0.310704 1.183359
v -0.019641 0.296501 1.184744
v -0.017480 0.294927 1.192367
v -0.006770 0.301502 1.190960
v -0.012420 0.295830 1.197536
v -0.019961 0.298127 1.184762
v -0.017178 0.292362 1.194649
v -0.023010 0.289985 1.184929
v -0.029377 0.295463 1.176740
v -0.028727 0.298021 1.177364
v -0.023796 0.296759 1.175502
v -0.010636 0.287184 1.212944
v -0.015214 0.282746 1.212341
v -0.021329 0.282919 1.197210
v -0.034281 0.293503 1.176159
v -0.032432 0.280487 1.175389
v -0.018235 0.299062 1.183683
v -0.018968 0.298226 1.182571
v -0.012700 0.298155 1.190948
v -0.023797 0.284361 1.187854
v -0.023839 0.286401 1.193424
v -0.019050 0.278305 1.211023
v -0.018943 0.300517 1.173753
v -0.021535 0.304328 1.178704
v -0.023941 0.306247 1.175812
v -0.022498 0.303342 1.168756
v -0.026134 0.306990 1.173014
v -0.030098 0.306902 1.168362
v -0.029961 0.305167 1.167982
v -0.026087 0.297383 1.172269
v -0.023796 0.296759 1.175502
v -0.027864 0.299820 1.170212
v -0.007929 0.282096 1.231461
v 0.000000 0.283932 1.233988
v -0.018018 0.273815 1.223851
v -0.029961 0.305167 1.167982
v -0.030098 0.306902 1.168362
v -0.032550 0.309060 1.162623
v -0.034288 0.300185 1.168886
v -0.032489 0.302884 1.170125
v -0.032888 0.305975 1.167078
v -0.034995 0.305396 1.163926
v -0.026087 0.297383 1.172269
v -0.027864 0.299820 1.170212
v -0.026134 0.306990 1.173014
v -0.023941 0.306247 1.175812
v -0.021535 0.304328 1.178704
v -0.018235 0.299062 1.183683
v -0.022725 0.317807 1.180461
v -0.016400 0.318440 1.175516
v -0.031620 0.323244 1.164331
v -0.034994 0.314576 1.163065
v -0.036228 0.314378 1.155121
v -0.022358 0.329442 1.160944
v -0.031840 0.324742 1.154521
v -0.043878 0.281417 1.163746
v -0.038274 0.279903 1.167567
v -0.036375 0.306762 1.156697
v -0.041045 0.298252 1.167063
v -0.042096 0.279047 1.173238
v -0.044026 0.299371 1.150986
v -0.046634 0.285798 1.149128
v -0.037907 0.329159 1.122872
v -0.042944 0.316511 1.122358
v -0.022478 0.349929 1.137240
v -0.007189 0.343354 1.125636
v -0.036265 0.342195 1.123590
v -0.050392 0.302225 1.122153
v -0.053725 0.282201 1.135877
v -0.024635 0.215297 1.169539
v -0.005081 0.257135 1.241735
v -0.007478 0.258902 1.238976
v -0.007096 0.263487 1.239948
v -0.003831 0.260658 1.244017
v -0.009510 0.258628 1.238713
v -0.010476 0.262850 1.238933
v -0.020460 0.227259 1.184486
v -0.021875 0.225699 1.187179
v -0.016875 0.221245 1.178240
v -0.019544 0.218918 1.183626
v -0.021833 0.231994 1.189246
v -0.021597 0.225991 1.176256
v -0.022601 0.229811 1.183276
v -0.006713 0.268824 1.245119
v -0.010763 0.263507 1.244494
v -0.007560 0.262269 1.246702
v -0.005389 0.252212 1.236164
v -0.020467 0.248525 1.151838
v -0.026526 0.248030 1.153725
v -0.023760 0.242084 1.163075
v -0.012598 0.206796 1.199492
v -0.012332 0.212091 1.205048
v -0.007065 0.205856 1.204730
v -0.009511 0.211122 1.207692
v -0.010808 0.215786 1.209169
v -0.016629 0.214654 1.197786
v -0.017417 0.212154 1.199418
v -0.013397 0.208696 1.187821
v -0.016031 0.206956 1.195132
v -0.017451 0.218603 1.202691
v -0.018510 0.215251 1.188153
v -0.019209 0.216863 1.196589
v -0.027009 0.204774 1.187502
v -0.027415 0.217657 1.175570
v -0.032300 0.257219 1.166780
v -0.029880 0.250004 1.165178
v -0.029015 0.252337 1.162157
v -0.031490 0.254061 1.160741
v -0.019801 0.243910 1.155754
v -0.026526 0.248030 1.153725
v -0.023760 0.242084 1.163075
v -0.039955 0.265145 1.171661
v -0.027858 0.267491 1.190296
v -0.023417 0.253425 1.220383
v -0.013077 0.276532 1.236427
v -0.008038 0.280085 1.240149
v -0.011674 0.206624 1.206087
v -0.010395 0.273126 1.241968
v -0.011989 0.273527 1.236237
v -0.020543 0.185841 1.184324
v -0.015437 0.176764 1.184305
v -0.011815 0.183833 1.190315
v -0.009063 0.175151 1.188480
v 0.000000 0.182853 1.190827
v -0.025590 0.193041 1.186345
v -0.014633 0.190945 1.195844
v -0.017349 0.270360 1.232270
v -0.015117 0.267381 1.226542
v -0.010476 0.262850 1.238933
v 0.000000 0.270474 1.228260
v -0.003831 0.260658 1.244017
v -0.010476 0.262850 1.238933
v -0.015117 0.267381 1.226542
v -0.038220 0.261607 1.129983
v -0.046920 0.261115 1.128022
v -0.039188 0.243135 1.143439
v -0.035554 0.279183 1.155219
v -0.040056 0.283285 1.146128
v -0.033442 0.267812 1.148372
v -0.039752 0.271934 1.133848
v -0.040309 0.289578 1.110097
v -0.048206 0.239495 1.113477
v -0.032587 0.228491 1.143556
v -0.030914 0.249893 1.145292
v -0.037225 0.239390 1.154901
v -0.051193 0.262220 1.106787
v -0.052029 0.255026 1.119362
v -0.016031 0.206956 1.195132
v -0.024475 0.209338 1.192890
v -0.018510 0.215251 1.188153
v -0.026407 0.222013 1.179904
v -0.019544 0.218918 1.183626
v -0.021597 0.225991 1.176256
v -0.026526 0.248030 1.153725
v -0.032576 0.244472 1.158912
v -0.023760 0.242084 1.163075
v -0.031828 0.246039 1.103925
v -0.052707 0.245316 1.091776
v -0.038820 0.262066 1.094686
v -0.038820 0.262066 1.094686
v -0.061934 0.245451 1.099080
v -0.032432 0.280487 1.175389
v -0.035554 0.279183 1.155219
v -0.017952 0.284881 1.149196
v -0.038274 0.279903 1.167567
v 0.000000 0.260659 1.245091
v -0.019885 0.279664 1.190603
v 0.000000 0.276587 1.211023
v -0.016062 0.273150 1.209878
v -0.016062 0.273150 1.209878
v -0.019885 0.279664 1.190603
v -0.019658 0.273027 1.228597
v -0.029241 0.260746 1.088285
v -0.017332 0.235884 1.145226
v -0.018285 0.250387 1.097819
v 0.000000 0.232565 1.144368
v -0.038907 0.280786 1.088403
v -0.029241 0.260746 1.088285
v 0.000000 0.208719 1.192459
v -0.016031 0.206956 1.195132
v -0.011674 0.206624 1.206087
v -0.009280 0.210554 1.186093
v -0.040309 0.289578 1.110097
v -0.072196 0.305221 1.100542
v -0.066743 0.301262 1.092141
v -0.023956 0.276262 1.119002
v -0.030914 0.249893 1.145292
v -0.020092 0.251942 1.137694
v -0.023956 0.276262 1.119002
v -0.035554 0.279183 1.155219
v -0.030914 0.249893 1.145292
v -0.023956 0.276262 1.119002
v 0.000000 0.262047 1.133992
v -0.012391 0.251716 1.157425
v -0.005327 0.213883 1.188962
v 0.000000 0.252714 1.160251
v -0.009180 0.226556 1.176414
v -0.015258 0.239334 1.160139
v -0.013830 0.223452 1.174384
v -0.021597 0.225991 1.176256
v -0.019544 0.218918 1.183626
v -0.040995 0.310690 1.102206
v -0.030902 0.314789 1.085235
v -0.038108 0.319291 1.104265
v -0.038108 0.319291 1.104265
v -0.065024 0.311127 1.088496
v -0.040995 0.310690 1.102206
v -0.029491 0.329430 1.111667
v 0.000000 0.331779 1.089072
v -0.022040 0.336132 1.112890
v -0.060385 0.330501 1.083284
v -0.056454 0.340338 1.086680
v -0.038108 0.319291 1.104265
v -0.029491 0.329430 1.111667
v -0.042944 0.316511 1.122358
v -0.067661 0.330165 1.091888
v -0.053876 0.278617 1.102046
v -0.060188 0.239743 1.100725
v -0.018510 0.215251 1.188153
v -0.022040 0.336132 1.112890
v -0.028925 0.356765 1.099951
v -0.007189 0.343354 1.125636
v -0.020019 0.368717 1.104828
v -0.036265 0.342195 1.123590
v -0.039512 0.363882 1.106014
v -0.050392 0.302225 1.122153
v -0.072050 0.343455 1.068856
v -0.069749 0.349540 1.070850
v -0.076610 0.343312 1.074039
v -0.084928 0.349052 1.052184
v -0.083487 0.298302 1.068726
v -0.082559 0.304329 1.066420
v -0.086950 0.300713 1.073794
v -0.099853 0.300519 1.050707
v -0.048968 0.374608 1.069301
v -0.046039 0.382904 1.069450
v -0.030951 0.378968 1.088152
v -0.043380 0.370652 1.097163
v -0.056657 0.378438 1.072949
v -0.060386 0.382682 1.064461
v -0.056058 0.381435 1.059246
v -0.035664 0.368056 1.087695
v -0.051112 0.386322 1.061584
v -0.065849 0.402910 1.041955
v 0.000000 0.340952 1.040778
v 0.000000 0.351903 1.007640
v -0.014093 0.330293 1.036943
v -0.008358 0.347492 1.008066
v -0.047983 0.273085 1.041535
v -0.023747 0.245753 1.049164
v -0.029241 0.260746 1.088285
v -0.018285 0.250387 1.097819
v -0.038907 0.280786 1.088403
v -0.072654 0.277563 1.023118
v -0.049251 0.291674 1.042259
v -0.047983 0.273085 1.041535
v -0.009397 0.225248 0.852102
v 0.000000 0.221457 0.852763
v -0.014746 0.225059 0.888550
v 0.000000 0.232523 0.851223
v 0.000000 0.177440 0.853224
v 0.000000 0.169290 0.823206
v -0.015774 0.164056 0.861437
v -0.009568 0.161983 0.824822
v -0.000000 0.087757 0.788879
v -0.009541 0.099602 0.807969
v 0.000000 0.106284 0.804353
v -0.016881 0.108059 0.837223
v -0.069544 0.022811 0.879496
v -0.034794 0.065215 0.951379
v -0.059186 0.076788 0.900531
v -0.042102 0.001548 0.946427
v -0.000000 0.069056 0.963487
v -0.000000 0.005190 0.958523
v -0.031621 0.122840 0.955002
v -0.053705 0.132432 0.922419
v -0.075917 0.248201 0.984050
v -0.051462 0.273551 0.994547
v -0.050138 0.255404 0.999671
v -0.050138 0.255404 0.999671
v -0.028376 0.231447 1.015585
v 0.000000 0.239207 1.055848
v -0.076059 0.220485 0.950813
v -0.051559 0.241497 0.951661
v -0.050232 0.223946 0.960903
v -0.029576 0.202775 0.982518
v -0.050232 0.223946 0.960903
v -0.077513 0.181213 0.932911
v -0.053026 0.199321 0.923764
v -0.051701 0.184289 0.938165
v -0.029560 0.169187 0.966092
v -0.051701 0.184289 0.938165
v 0.000000 0.200296 0.992179
v -0.074812 0.126854 0.915617
v -0.055123 0.144958 0.904008
v -0.053705 0.132432 0.922419
v -0.031621 0.122840 0.955002
v -0.053705 0.132432 0.922419
v -0.077200 0.068610 0.890410
v -0.060704 0.087320 0.879154
v -0.059186 0.076788 0.900531
v -0.027098 0.301961 1.175618
v -0.028119 0.300816 1.172694
v -0.027197 0.299017 1.174011
v -0.028040 0.303286 1.172808
v -0.027005 0.304979 1.174284
v -0.025622 0.304904 1.176259
v -0.024700 0.303105 1.177577
v -0.024779 0.300635 1.177464
v -0.025814 0.298942 1.175986
v -0.025893 0.296862 1.171872
v -0.027490 0.299979 1.169590
v -0.027353 0.304256 1.169786
v -0.025561 0.307189 1.172344
v -0.023165 0.307059 1.175765
v -0.021568 0.303943 1.178047
v -0.021706 0.299665 1.177851
v -0.023497 0.296731 1.175293
v -0.023535 0.296073 1.169771
v -0.025379 0.299671 1.167137
v -0.025221 0.304611 1.167363
v -0.023152 0.307998 1.170318
v -0.020386 0.307848 1.174269
v -0.018541 0.304249 1.176902
v -0.018700 0.299309 1.176676
v -0.020768 0.295923 1.173722
v -0.008053 0.256416 1.241461
v -0.007560 0.262269 1.246702
v -0.010763 0.263507 1.244494
v -0.026407 0.222013 1.179904
v -0.024576 0.227319 1.185159
v -0.011634 0.210650 1.208230
v -0.011674 0.206624 1.206087
v -0.024475 0.209338 1.192890
v -0.021952 0.213522 1.198350
v -0.017417 0.212154 1.199418
v -0.023674 0.262510 1.224209
v -0.019658 0.273027 1.228597
v -0.034625 0.251546 1.163210
v -0.032576 0.244472 1.158912
v -0.028223 0.275646 1.191917
v -0.023839 0.286401 1.193424
v -0.042096 0.279047 1.173238
v -0.042195 0.271060 1.172910
v -0.032432 0.280487 1.175389
v -0.038274 0.279903 1.167567
v -0.042944 0.316511 1.122358
v -0.070498 0.315167 1.096924
v -0.037907 0.329159 1.122872
v -0.063750 0.340058 1.095354
v -0.030975 0.374081 1.111292
v -0.022478 0.349929 1.137240
v -0.074316 0.349415 1.076056
v -0.086030 0.306767 1.071497
v -0.037899 0.381591 1.096529
v -0.054074 0.386220 1.069201
v -0.072654 0.277563 1.023118
v -0.058032 0.282159 1.052789
v -0.047983 0.273085 1.041535
v -0.075917 0.248201 0.984050
v -0.060637 0.267677 1.007676
v -0.050138 0.255404 0.999671
v -0.076059 0.220485 0.950813
v -0.060751 0.238326 0.966456
v -0.050232 0.223946 0.960903
v -0.077513 0.181213 0.932911
v -0.062214 0.200401 0.939607
v -0.051701 0.184289 0.938165
v -0.074812 0.126854 0.915617
v -0.064951 0.149612 0.920346
v -0.053705 0.132432 0.922419
v -0.077200 0.068610 0.890410
v -0.071222 0.094685 0.895774
v -0.059186 0.076788 0.900531
v 0.000000 0.331779 1.089072
v 0.000000 0.340952 1.040778
v -0.030902 0.314789 1.085235
v -0.047567 0.087364 0.859820
v -0.059186 0.076788 0.900531
v 0.000000 0.326732 1.032075
v 0.000000 0.320218 0.976692
v 0.000000 0.305882 0.973555
v 0.000000 0.286256 0.923016
v -0.035808 0.306156 1.033321
v -0.039987 0.288166 0.981005
v -0.040444 0.255536 0.934608
v -0.014746 0.225059 0.888550
v 0.000000 0.270175 0.922990
v -0.040039 0.206551 0.902992
v -0.043240 0.149885 0.879708
v -0.116155 -0.095963 0.149980
v -0.148564 -0.114836 0.195289
v -0.149988 -0.067974 0.199570
v -0.122233 -0.160885 0.405870
v -0.090842 -0.145430 0.419348
v -0.151258 -0.133870 0.447661
v -0.123326 -0.091474 0.455379
v -0.169525 -0.047647 0.434139
v 0.014095 0.330292 1.036943
v 0.014727 0.309112 0.977327
v 0.014755 0.274323 0.926164
v 0.000000 0.173998 1.189317
v 0.003832 0.260658 1.244017
v 0.010477 0.262850 1.238932
v 0.015118 0.267381 1.226542
v 0.000000 0.260659 1.245091
v 0.016062 0.273150 1.209878
v 0.000000 0.242086 1.103038
v 0.011675 0.206624 1.206087
v 0.000000 0.203614 1.207651
v 0.000000 0.278510 1.122231
v 0.000000 0.326732 1.032075
v 0.000000 0.277766 0.877150
v 0.000000 0.220350 0.830644
v 0.009397 0.225248 0.852102
v 0.000000 0.305882 0.973555
v 0.000000 0.320218 0.976692
v 0.000000 0.270175 0.922990
v 0.000000 0.286256 0.923016
v 0.014746 0.225059 0.888550
v 0.000000 0.219956 0.886547
v 0.000000 0.238034 0.882171
v 0.000000 0.118726 0.827661
v 0.000000 0.238034 0.882171
v 0.000000 0.177440 0.853224
v -0.015774 0.164056 0.861437
v -0.016881 0.108059 0.837223
v -0.003831 0.260658 1.244017
v -0.007189 0.343354 1.125636
v -0.008671 0.318230 0.953079
v -0.008612 0.279005 0.895740
v -0.014726 0.309112 0.977327
v -0.014754 0.274323 0.926164
v 0.115358 -0.029855 0.773245
v 0.100461 -0.055375 0.687762
v 0.108827 -0.046521 0.782843
v 0.092604 -0.013544 0.578802
v 0.086978 -0.036841 0.622314
v 0.098840 -0.021803 0.622245
v 0.099332 -0.000955 0.805022
v 0.098378 -0.020484 0.834968
v 0.099332 -0.000955 0.805022
v 0.108827 -0.046521 0.782843
v 0.079433 0.004294 0.852079
v 0.105693 -0.058096 0.865472
v 0.067920 0.023239 0.815947
v 0.120245 -0.068023 0.801481
v 0.069544 0.022810 0.879496
v 0.083370 -0.037957 0.891162
v 0.057543 0.030544 0.838627
v 0.058834 -0.214463 0.837465
v 0.019944 -0.204177 0.841622
v 0.033055 -0.183412 0.872662
v -0.000000 -0.224824 0.795596
v 0.082188 -0.203878 0.761159
v 0.034545 -0.233411 0.737875
v 0.034719 -0.231662 0.790291
v 0.074571 -0.189234 0.688582
v 0.034375 -0.223131 0.683316
v -0.000000 -0.216459 0.682140
v -0.000000 -0.226304 0.735142
v 0.047593 -0.206345 0.624889
v -0.000000 -0.216926 0.630638
v 0.101127 -0.172689 0.741057
v 0.107205 -0.157423 0.686723
v 0.172941 -0.160376 0.757228
v 0.147909 -0.157258 0.705968
v 0.168918 -0.183024 0.743378
v 0.142442 -0.152466 0.809202
v 0.100583 -0.153472 0.824440
v 0.112121 -0.164002 0.804462
v 0.103464 -0.176983 0.735898
v 0.114427 -0.167206 0.694295
v 0.073943 -0.190007 0.861034
v 0.093039 -0.176165 0.845786
v 0.100453 -0.103623 0.563752
v 0.101157 -0.054986 0.610393
v 0.104286 -0.044764 0.562100
v 0.108266 -0.096352 0.611212
v 0.135563 -0.116165 0.685993
v 0.044219 -0.181031 0.552222
v 0.067104 -0.155135 0.547734
v 0.092604 -0.013544 0.578802
v 0.081069 -0.001428 0.556206
v 0.090863 -0.141311 0.630612
v 0.084305 -0.136171 0.553099
v 0.112684 -0.070063 0.655933
v 0.098698 -0.122041 0.883153
v 0.121936 -0.108354 0.826703
v 0.100461 -0.055375 0.687762
v 0.129319 -0.065893 0.726855
v 0.159061 -0.100393 0.752477
v 0.086978 -0.036841 0.622314
v 0.079476 -0.176142 0.623685
v 0.066744 -0.128406 0.889950
v 0.032793 -0.256651 -0.469667
v 0.041963 -0.283200 -0.470375
v 0.040904 -0.247051 -0.464555
v 0.048316 -0.275310 -0.466951
v 0.048316 -0.275310 -0.466951
v 0.041963 -0.283200 -0.470375
v 0.045708 -0.281849 -0.399910
v 0.037464 -0.244716 -0.402686
v 0.045708 -0.281849 -0.399910
v 0.043057 -0.238909 -0.400329
v 0.052451 -0.262202 -0.398095
v 0.058180 -0.274884 -0.387725
v 0.045708 -0.281849 -0.399910
v 0.048873 -0.272403 -0.331147
v 0.040573 -0.213894 -0.201371
v 0.054366 -0.252557 -0.191457
v 0.044202 -0.205088 -0.200091
v 0.055746 -0.228937 -0.193036
v 0.038622 -0.228075 -0.270266
v 0.051445 -0.263997 -0.260794
v 0.044388 -0.221342 -0.265498
v 0.054073 -0.244982 -0.260696
v 0.063877 -0.257941 -0.253510
v 0.051445 -0.263997 -0.260794
v 0.054366 -0.252557 -0.191457
v 0.038622 -0.236024 -0.334471
v 0.048873 -0.272403 -0.331147
v 0.044388 -0.229662 -0.330485
v 0.054073 -0.253712 -0.328600
v 0.063877 -0.267450 -0.323045
v 0.048873 -0.272403 -0.331147
v 0.051445 -0.263997 -0.260794
v 0.011173 -0.224609 -0.400043
v -0.000000 -0.229461 -0.404035
v 0.011518 -0.206650 -0.266746
v -0.000000 -0.212055 -0.270315
v 0.082434 -0.148518 0.479997
v 0.107254 -0.099329 0.473162
v 0.050252 -0.098537 -0.013105
v 0.073474 -0.124573 0.007743
v 0.060954 -0.087714 -0.013171
v 0.081983 -0.103134 0.000555
v 0.050530 -0.210312 0.363733
v 0.084301 -0.192719 0.339460
v 0.041967 -0.224722 0.286742
v 0.084623 -0.198881 0.256230
v 0.047401 -0.191447 -0.143052
v 0.060018 -0.225604 -0.124016
v 0.055646 -0.182009 -0.142560
v 0.068164 -0.200765 -0.128099
v 0.058726 0.041907 0.103335
v 0.051806 0.027126 0.105550
v 0.070538 0.011251 0.110546
v 0.071544 0.069075 0.434286
v 0.083908 0.023140 0.486583
v 0.087126 0.074667 0.441427
v 0.052741 -0.181704 0.427207
v 0.050518 -0.178129 0.486545
v 0.104262 -0.106829 0.000551
v 0.073474 -0.124573 0.007743
v 0.084940 -0.064098 0.075615
v 0.052741 -0.181704 0.427207
v 0.090842 -0.145430 0.419348
v 0.092437 -0.128692 0.138626
v 0.062035 -0.178084 0.078838
v 0.076214 -0.186892 0.125687
v 0.094545 -0.123396 0.069512
v 0.105990 -0.106822 0.115153
v 0.084940 -0.064098 0.075615
v 0.036993 -0.204230 0.086709
v 0.044248 -0.217052 0.141572
v 0.042845 -0.226915 0.223850
v 0.108593 -0.172041 0.201065
v 0.073474 -0.124573 0.007743
v 0.081626 -0.148395 0.017485
v 0.050253 -0.036974 0.044432
v 0.084940 -0.064098 0.075615
v 0.062840 -0.025964 0.044606
v 0.084519 -0.038743 0.061874
v 0.107487 -0.051719 0.061963
v 0.084940 -0.064098 0.075615
v 0.070538 0.011251 0.110546
v 0.049275 0.047187 0.505561
v 0.083908 0.023140 0.486583
v 0.055856 0.049946 0.517033
v 0.082442 0.034416 0.512653
v 0.106067 0.033836 0.499761
v 0.083908 0.023140 0.486583
v 0.097504 0.016044 0.517901
v 0.081069 -0.001428 0.556206
v 0.062418 0.082731 0.368494
v 0.071544 0.069075 0.434286
v 0.085962 0.083009 0.382038
v 0.033620 -0.212527 0.027396
v 0.053190 -0.194765 0.025697
v 0.090842 -0.145430 0.419348
v 0.107226 -0.030754 0.486869
v 0.083908 0.023140 0.486583
v 0.087398 -0.213031 -0.123729
v 0.060018 -0.225604 -0.124016
v 0.070449 -0.187390 -0.061633
v 0.048858 -0.153841 -0.083298
v 0.070449 -0.187390 -0.061633
v 0.060954 -0.141664 -0.081061
v 0.078958 -0.162577 -0.064943
v 0.101237 -0.169686 -0.063012
v 0.070449 -0.187390 -0.061633
v 0.073474 -0.124573 0.007743
v 0.065853 -0.241598 -0.184491
v 0.054366 -0.252557 -0.191457
v 0.060018 -0.225604 -0.124016
v 0.108491 -0.177931 0.321275
v 0.108491 -0.177931 0.321275
v 0.124962 -0.164685 0.238640
v 0.123326 -0.091474 0.455379
v -0.000000 -0.221467 0.090709
v -0.000000 -0.196415 0.494893
v 0.016375 -0.070514 -0.025149
v -0.000000 -0.079706 -0.025702
v 0.016881 -0.008232 0.032257
v -0.000000 -0.018464 0.030175
v 0.027189 0.109872 0.403871
v 0.000000 0.109193 0.393867
v 0.064705 0.093934 0.393416
v 0.062418 0.082731 0.368494
v 0.027189 0.089431 0.204126
v -0.000000 0.083137 0.196323
v 0.064705 0.075709 0.202495
v 0.071491 0.056041 0.193346
v -0.000000 -0.226742 0.384602
v 0.014136 -0.165334 -0.149589
v -0.000000 -0.172997 -0.151705
v 0.016375 -0.122802 -0.090201
v -0.000000 -0.131794 -0.092185
v 0.143069 -0.377015 0.950483
v 0.149474 -0.374733 0.965221
v 0.148248 -0.394882 0.974191
v 0.223743 -0.379784 0.914494
v 0.224945 -0.399353 0.923078
v 0.228365 -0.396778 0.935329
v 0.151737 -0.373458 0.987922
v 0.149923 -0.387198 0.986504
v 0.179933 -0.369577 0.969781
v 0.188054 -0.367512 0.993091
v 0.185867 -0.384440 0.989038
v 0.205973 -0.374754 0.940628
v 0.215726 -0.371610 0.956997
v 0.215823 -0.387495 0.958965
v 0.168824 -0.374175 0.964396
v 0.169095 -0.386811 0.985513
v 0.166748 -0.372618 0.987519
v 0.196633 -0.357950 0.993463
v 0.189955 -0.360256 0.961375
v 0.202170 -0.369837 0.963462
v 0.204655 -0.367512 0.988881
v 0.206989 -0.384995 1.004813
v 0.205183 -0.383033 0.983413
v 0.192980 -0.386402 1.008528
v 0.185867 -0.384440 0.989038
v 0.203189 -0.400611 1.018385
v 0.205183 -0.383033 0.983413
v 0.169095 -0.386811 0.985513
v 0.149923 -0.387198 0.986504
v 0.166537 -0.389341 1.002974
v 0.153143 -0.389706 1.003352
v 0.160743 -0.401669 1.019345
v 0.158038 -0.366621 0.960628
v 0.158920 -0.364734 0.988473
v 0.236547 -0.387687 0.964628
v 0.232845 -0.387898 0.950427
v 0.222716 -0.387308 0.969619
v 0.215823 -0.387495 0.958965
v 0.236650 -0.400816 0.982396
v 0.223595 -0.362703 0.952547
v 0.213931 -0.365704 0.930544
v 0.225701 -0.378854 0.931489
v 0.230980 -0.373599 0.949905
v 0.232845 -0.387898 0.950427
v 0.106907 -0.394526 0.935129
v 0.105577 -0.393557 0.942706
v 0.122980 -0.394509 0.943689
v 0.119420 -0.393577 0.948965
v 0.106629 -0.401117 0.958702
v 0.123862 -0.363597 0.920798
v 0.119017 -0.372261 0.931577
v 0.109659 -0.379026 0.929584
v 0.126088 -0.379763 0.937105
v 0.191791 -0.374153 0.852483
v 0.206709 -0.371862 0.874549
v 0.198461 -0.342750 0.882808
v 0.148248 -0.394882 0.974191
v 0.169969 -0.393560 0.973555
v 0.159785 -0.400931 0.960436
v 0.172427 -0.395094 0.961801
v 0.189462 -0.401010 0.957983
v 0.180849 -0.393999 0.976153
v 0.204430 -0.393247 0.969158
v 0.175225 -0.394733 0.961366
v 0.123872 -0.391239 0.882929
v 0.120920 -0.398940 0.897646
v 0.131356 -0.401435 0.904065
v 0.140679 -0.399325 0.909799
v 0.145458 -0.396034 0.906567
v 0.122980 -0.394509 0.943689
v 0.131338 -0.398542 0.935441
v 0.119364 -0.400869 0.929966
v 0.107502 -0.398614 0.924543
v 0.106907 -0.394526 0.935129
v 0.171998 -0.401321 0.926087
v 0.171998 -0.401321 0.926087
v 0.152271 -0.401448 0.926893
v 0.145857 -0.397382 0.958917
v 0.190944 -0.401179 0.920468
v 0.173220 -0.372296 0.951275
v 0.175225 -0.394733 0.961366
v 0.172427 -0.395094 0.961801
v 0.157292 -0.361906 0.949671
v 0.173017 -0.370216 0.942365
v 0.187091 -0.355521 0.946562
v 0.217644 -0.401434 0.940280
v 0.228365 -0.396778 0.935329
v 0.224945 -0.399353 0.923078
v 0.212895 -0.401191 0.906639
v 0.206984 -0.396934 0.945759
v 0.149923 -0.387198 0.986504
v 0.185867 -0.384440 0.989038
v 0.232845 -0.387898 0.950427
v 0.202616 -0.396934 0.953603
v 0.172427 -0.395094 0.961801
v 0.180849 -0.393999 0.976153
v 0.206984 -0.396934 0.945759
v 0.195822 -0.368761 0.933965
v 0.205973 -0.374754 0.940628
v 0.200722 -0.371944 0.948193
v 0.206984 -0.396934 0.945759
v 0.120920 -0.398940 0.897646
v 0.119806 -0.371119 0.902009
v 0.111318 -0.373398 0.916608
v 0.140679 -0.399325 0.909799
v 0.131338 -0.398542 0.935441
v 0.135387 -0.373797 0.927526
v 0.123872 -0.391239 0.882929
v 0.122830 -0.363738 0.892042
v 0.206984 -0.396934 0.945759
v 0.195822 -0.368761 0.933965
v 0.208304 -0.360274 0.918397
v 0.197554 -0.399222 0.864238
v 0.172415 -0.390845 0.861988
v 0.175603 -0.394809 0.899311
v 0.155459 -0.355145 0.847854
v 0.156017 -0.382174 0.850068
v 0.145458 -0.396034 0.906567
v 0.146485 -0.400207 0.861776
v 0.128931 -0.365769 0.869266
v 0.123872 -0.391239 0.882929
v 0.146485 -0.400207 0.861776
v 0.190944 -0.401179 0.920468
v 0.209729 -0.401763 0.887707
v 0.172415 -0.390845 0.861988
v 0.123872 -0.391239 0.882929
v 0.152271 -0.401448 0.926893
v 0.171998 -0.401321 0.926087
v 0.171998 -0.401321 0.926087
v 0.212895 -0.401191 0.906639
v 0.145857 -0.397382 0.958917
v 0.200719 -0.359668 0.901775
v 0.212958 -0.374106 0.896271
v 0.212895 -0.401191 0.906639
v 0.122980 -0.394509 0.943689
v 0.107502 -0.398614 0.924543
v 0.122830 -0.363738 0.892042
v 0.137789 -0.336088 0.857526
v 0.189071 -0.329428 0.861876
v 0.184331 -0.348014 0.846382
v 0.197554 -0.399222 0.864238
v 0.176406 -0.339852 0.899230
v 0.176221 -0.320003 0.898332
v 0.197827 -0.319650 0.882432
v 0.159101 -0.363756 0.915179
v 0.150715 -0.350600 0.899673
v 0.137056 -0.343667 0.888322
v 0.145848 -0.329032 0.895288
v 0.166366 -0.287951 0.828894
v 0.148492 -0.321245 0.870445
v 0.139666 -0.298559 0.831854
v 0.172497 -0.310291 0.867978
v 0.147786 -0.328874 0.798590
v 0.178434 -0.323862 0.800284
v 0.129600 -0.310959 0.814680
v 0.185143 -0.303713 0.808398
v 0.209729 -0.401763 0.887707
v 0.146126 -0.367135 0.904542
v 0.139177 -0.370649 0.911220
v 0.145458 -0.396034 0.906567
v 0.146126 -0.367135 0.904542
v 0.137056 -0.343667 0.888322
v 0.130412 -0.362339 0.906900
v 0.147189 -0.374106 0.920569
v 0.180063 -0.358922 0.916805
v 0.152271 -0.401448 0.926893
v 0.145458 -0.396034 0.906567
v 0.173017 -0.370216 0.942365
v 0.180063 -0.358922 0.916805
v 0.180063 -0.358922 0.916805
v 0.173017 -0.370216 0.942365
v 0.159101 -0.363756 0.915179
v 0.200719 -0.359668 0.901775
v 0.195822 -0.368761 0.933965
v 0.008939 -0.258934 -0.899226
v -0.000000 -0.252953 -0.899155
v 0.010861 -0.259925 -0.970947
v 0.021319 -0.256798 -1.045198
v 0.016667 -0.256800 -0.994811
v -0.000000 -0.247319 -1.024515
v 0.007464 -0.269939 -0.899642
v 0.009063 -0.272065 -0.970733
v 0.016135 -0.276601 -0.994462
v 0.021822 -0.283479 -1.041850
v 0.022067 -0.267391 -1.109934
v 0.023708 -0.295117 -1.102943
v 0.023715 -0.257110 -1.070943
v 0.022964 -0.286033 -1.068936
v 0.021078 -0.273359 -1.131818
v 0.022785 -0.286961 -1.168658
v 0.020417 -0.298369 -1.125595
v 0.022069 -0.315738 -1.162331
v 0.013481 -0.296975 -1.175306
v 0.014720 -0.313871 -1.171588
v 0.016667 -0.256800 -0.994811
v -0.000000 -0.246336 -0.973348
v 0.163377 -0.236821 0.746054
v 0.160026 -0.224644 0.757162
v 0.177807 -0.207683 0.728069
v 0.121173 -0.271531 0.685835
v 0.121385 -0.273696 0.709602
v 0.138211 -0.299674 0.699137
v 0.118115 -0.289876 0.724581
v 0.177187 -0.240946 0.710971
v 0.168349 -0.254754 0.683124
v 0.183896 -0.273846 0.690454
v 0.172066 -0.295664 0.705819
v 0.188597 -0.276792 0.732512
v 0.183630 -0.266168 0.717201
v 0.163029 -0.245879 0.752033
v 0.163377 -0.236821 0.746054
v 0.134903 -0.248697 0.745099
v 0.136089 -0.258960 0.751675
v 0.122448 -0.251329 0.703185
v 0.142381 -0.294322 0.672740
v 0.142404 -0.278790 0.657777
v 0.163157 -0.275454 0.665541
v 0.165292 -0.291352 0.679345
v 0.134757 -0.253294 0.675638
v 0.122448 -0.251329 0.703185
v 0.134903 -0.248697 0.745099
v 0.128300 -0.232515 0.751414
v 0.168918 -0.183024 0.743378
v 0.118915 -0.217017 0.681547
v 0.109544 -0.221023 0.707569
v 0.148493 -0.187438 0.786273
v 0.100952 -0.199659 0.718405
v 0.111327 -0.191330 0.684146
v 0.142781 -0.326578 0.748928
v 0.180575 -0.319718 0.745652
v 0.168154 -0.262363 0.797566
v 0.189952 -0.283095 0.774848
v 0.119983 -0.293613 0.780064
v 0.135063 -0.273325 0.798791
v 0.164231 -0.205787 0.694553
v 0.153883 -0.184234 0.696659
v 0.119013 -0.191832 0.786100
v 0.103464 -0.176983 0.735898
v 0.112121 -0.164002 0.804462
v 0.114427 -0.167206 0.694295
v 0.147909 -0.157258 0.705968
v 0.142442 -0.152466 0.809202
v 0.013545 -0.257133 -0.824815
v 0.008939 -0.258934 -0.899226
v 0.011253 -0.273689 -0.824849
v 0.007464 -0.269939 -0.899642
v 0.018243 -0.258164 -0.752258
v 0.013545 -0.257133 -0.824815
v 0.015233 -0.280583 -0.753587
v 0.011253 -0.273689 -0.824849
v -0.000000 -0.252953 -0.899155
v 0.030284 -0.276916 -0.671441
v 0.015233 -0.280583 -0.753587
v 0.019600 -0.300070 -0.672300
v 0.035158 -0.280781 -0.601840
v 0.030284 -0.276916 -0.671441
v 0.022942 -0.308796 -0.604062
v 0.019600 -0.300070 -0.672300
v 0.041963 -0.283200 -0.470375
v 0.040131 -0.283478 -0.533774
v 0.027383 -0.316730 -0.471271
v 0.026154 -0.314640 -0.532196
v 0.040131 -0.283478 -0.533774
v 0.026154 -0.314640 -0.532196
v 0.045708 -0.281849 -0.399910
v 0.029769 -0.318150 -0.394668
v 0.048873 -0.272403 -0.331147
v 0.045708 -0.281849 -0.399910
v 0.031848 -0.311851 -0.328248
v 0.029769 -0.318150 -0.394668
v 0.033525 -0.304693 -0.251994
v 0.051445 -0.263997 -0.260794
v 0.054366 -0.252557 -0.191457
v 0.035498 -0.294396 -0.180300
v -0.000000 -0.312352 -0.175512
v -0.000000 -0.321602 -0.248337
v 0.043899 -0.234527 -0.037705
v 0.053190 -0.194765 0.025697
v 0.070449 -0.187390 -0.061633
v 0.081626 -0.148395 0.017485
v 0.033620 -0.212527 0.027396
v 0.073474 -0.124573 0.007743
v 0.039343 -0.264248 -0.104693
v 0.060018 -0.225604 -0.124016
v -0.000000 -0.255308 -0.026931
v 0.039632 -0.300476 -1.112706
v 0.051418 -0.306249 -1.128312
v 0.031629 -0.300364 -1.126099
v 0.030651 -0.282687 -1.130012
v 0.020417 -0.298369 -1.125595
v 0.021078 -0.273359 -1.131818
v 0.031697 -0.276379 -0.977139
v 0.048394 -0.281054 -0.992883
v 0.029215 -0.277395 -0.992194
v 0.009063 -0.272065 -0.970733
v 0.016135 -0.276601 -0.994462
v 0.029215 -0.263738 -0.991857
v 0.016667 -0.256800 -0.994811
v 0.037598 -0.282759 -1.066071
v 0.052740 -0.282568 -1.066036
v 0.037287 -0.260330 -1.067850
v 0.057214 -0.268849 -1.067429
v 0.022964 -0.286033 -1.068936
v 0.023715 -0.257110 -1.070943
v 0.023708 -0.295117 -1.102943
v 0.039502 -0.280773 -1.045871
v 0.053395 -0.281778 -1.051898
v 0.021822 -0.283479 -1.041850
v 0.007737 -0.160745 -1.092116
v -0.000000 -0.163822 -1.095187
v 0.015818 -0.196138 -1.078769
v 0.075615 -0.287059 -1.069910
v 0.033055 -0.183412 0.872662
v 0.019944 -0.204177 0.841622
v -0.000000 -0.189392 0.878836
v 0.040155 -0.056735 0.936060
v 0.066744 -0.128406 0.889950
v 0.031711 -0.135826 0.912161
v 0.083370 -0.037957 0.891162
v -0.000000 -0.133299 0.927400
v -0.000000 -0.061093 0.948792
v -0.000000 -0.152763 -0.191556
v 0.008577 -0.154481 -0.170764
v -0.000000 -0.149515 -0.168985
v 0.011518 -0.206650 -0.266746
v -0.000000 -0.193321 -0.282306
v -0.000000 -0.212055 -0.270315
v 0.010212 0.121820 0.147558
v 0.000000 0.116419 0.147647
v 0.020393 0.109883 0.175641
v 0.010785 0.158253 0.260274
v 0.000000 0.154317 0.258348
v 0.019360 0.137128 0.282187
v 0.011930 0.162783 0.373143
v 0.000000 0.159938 0.370018
v 0.020520 0.141209 0.389982
v 0.013490 0.129290 0.466072
v 0.025894 0.089213 0.470245
v 0.000000 0.132065 0.473763
v 0.000000 0.164250 0.262963
v 0.000000 0.146431 0.291684
v 0.000000 0.121066 0.321740
v 0.027189 0.107650 0.303903
v 0.000000 0.167697 0.377384
v 0.000000 0.147831 0.400077
v 0.027189 0.109872 0.403871
v -0.000000 0.073905 0.017002
v -0.000000 0.063348 0.051422
v 0.013062 0.070070 0.053805
v -0.000000 0.079216 0.055166
v 0.000000 0.170376 0.240606
v 0.010458 -0.062366 -0.066874
v -0.000000 -0.069498 -0.067333
v 0.016375 -0.070514 -0.025149
v -0.000000 -0.079706 -0.025702
v 0.014136 -0.165334 -0.149589
v 0.027189 0.056400 0.094856
v -0.000000 0.073434 0.098490
v 0.010782 -0.001896 -0.009619
v -0.000000 -0.010019 -0.003657
v 0.016881 -0.008232 0.032257
v -0.000000 -0.018464 0.030175
v -0.000000 0.003547 0.023776
v -0.000000 0.004843 -0.009781
v 0.012132 0.090832 0.525337
v -0.000000 0.090315 0.518734
v 0.021464 0.057611 0.527847
v 0.009944 -0.309802 -1.201478
v -0.000000 -0.304179 -1.204615
v 0.006199 -0.326501 -1.231410
v 0.012609 -0.322314 -1.194573
v 0.014720 -0.313871 -1.171588
v 0.013481 -0.296975 -1.175306
v 0.004723 -0.352333 -1.244411
v 0.006583 -0.356366 -1.239325
v 0.010122 -0.336560 -1.220448
v 0.206989 -0.384995 1.004813
v 0.205677 -0.384620 1.012132
v 0.205699 -0.373715 1.005092
v 0.193802 -0.373715 1.008357
v 0.198106 -0.384656 1.014762
v 0.192980 -0.386402 1.008528
v 0.185867 -0.384440 0.989038
v 0.188054 -0.367512 0.993091
v 0.205183 -0.383033 0.983413
v 0.202613 -0.383449 1.019235
v 0.200996 -0.366488 1.012025
v 0.196633 -0.357950 0.993463
v 0.204655 -0.367512 0.988881
v 0.203189 -0.400611 1.018385
v 0.118520 -0.380240 0.948902
v 0.112669 -0.386887 0.955248
v 0.111899 -0.374331 0.947406
v 0.108392 -0.383317 0.955043
v 0.166537 -0.389341 1.002974
v 0.164338 -0.386383 1.010223
v 0.165080 -0.375180 1.002093
v 0.169095 -0.386811 0.985513
v 0.149923 -0.387198 0.986504
v 0.151737 -0.373458 0.987922
v 0.153966 -0.376244 1.003578
v 0.155605 -0.385734 1.010569
v 0.153143 -0.389706 1.003352
v 0.159232 -0.370784 1.006675
v 0.160001 -0.383900 1.015366
v 0.166748 -0.372618 0.987519
v 0.158920 -0.364734 0.988473
v 0.160743 -0.401669 1.019345
v 0.234758 -0.374022 0.962334
v 0.237658 -0.384530 0.972691
v 0.231127 -0.366532 0.968640
v 0.235759 -0.381421 0.979836
v 0.215823 -0.387495 0.958965
v 0.215726 -0.371610 0.956997
v 0.222506 -0.372910 0.967791
v 0.232845 -0.387898 0.950427
v 0.236547 -0.387687 0.964628
v 0.229539 -0.384172 0.977738
v 0.222716 -0.387308 0.969619
v 0.223595 -0.362703 0.952547
v 0.230980 -0.373599 0.949905
v 0.236650 -0.400816 0.982396
v 0.119420 -0.393577 0.948965
v 0.106284 -0.379799 0.942758
v 0.104988 -0.386803 0.950827
v 0.105577 -0.393557 0.942706
v 0.106907 -0.394526 0.935129
v 0.109659 -0.379026 0.929584
v 0.122980 -0.394509 0.943689
v 0.126088 -0.379763 0.937105
v 0.119017 -0.372261 0.931577
v 0.106629 -0.401117 0.958702
v 0.021319 -0.256798 -1.045198
v 0.039206 -0.260339 -1.048304
v 0.010861 -0.259925 -0.970947
v 0.031969 -0.267210 -0.977239
v 0.037741 -0.282462 -1.116515
v 0.022067 -0.267391 -1.109934
v 0.057734 -0.268384 -1.054987
v 0.030692 -0.008117 0.751323
v 0.086771 0.023293 0.772180
v 0.067920 0.023239 0.815947
v 0.099332 -0.000955 0.805022
v 0.035332 0.014099 0.807336
v 0.057543 0.030544 0.838627
v 0.085613 0.000042 0.621747
v 0.033323 -0.009750 0.677789
v 0.048338 -0.001472 0.613658
v 0.089528 0.014658 0.690794
v 0.081069 -0.001428 0.556206
v 0.092604 -0.013544 0.578802
v 0.050948 0.017924 0.561182
v 0.081069 -0.001428 0.556206
v 0.048338 -0.001472 0.613658
v 0.033323 -0.009750 0.677789
v -0.000000 0.004185 0.677715
v 0.048338 -0.001472 0.613658
v 0.037464 -0.244716 -0.402686
v 0.045708 -0.281849 -0.399910
v 0.052451 -0.262202 -0.398095
v 0.045708 -0.281849 -0.399910
v 0.038622 -0.236024 -0.334471
v 0.048873 -0.272403 -0.331147
v 0.030284 -0.276916 -0.671441
v 0.018243 -0.258164 -0.752258
v 0.015233 -0.280583 -0.753587
v 0.023846 -0.258325 -0.670765
v 0.027475 -0.258599 -0.600087
v 0.023846 -0.258325 -0.670765
v 0.035158 -0.280781 -0.601840
v 0.030284 -0.276916 -0.671441
v 0.032793 -0.256651 -0.469667
v 0.031399 -0.258784 -0.535024
v 0.041963 -0.283200 -0.470375
v 0.040131 -0.283478 -0.533774
v 0.031399 -0.258784 -0.535024
v 0.027475 -0.258599 -0.600087
v 0.040131 -0.283478 -0.533774
v 0.035158 -0.280781 -0.601840
v 0.055746 -0.228937 -0.193036
v 0.054366 -0.252557 -0.191457
v 0.054073 -0.244982 -0.260696
v 0.051445 -0.263997 -0.260794
v 0.040573 -0.213894 -0.201371
v 0.054366 -0.252557 -0.191457
v 0.054073 -0.253712 -0.328600
v 0.048873 -0.272403 -0.331147
v 0.038622 -0.228075 -0.270266
v 0.051445 -0.263997 -0.260794
v 0.010614 -0.233570 -0.462865
v -0.000000 -0.229461 -0.404035
v 0.011518 -0.214928 -0.329932
v -0.000000 -0.212055 -0.270315
v 0.104354 -0.033572 0.143615
v 0.106443 0.044993 0.202986
v 0.085955 0.006018 0.118940
v 0.048858 -0.153841 -0.083298
v 0.070449 -0.187390 -0.061633
v 0.071544 0.069075 0.434286
v 0.062418 0.082731 0.368494
v 0.103323 0.053589 0.428890
v 0.118212 0.061834 0.353373
v 0.144582 0.020236 0.272189
v 0.131104 0.057089 0.278951
v 0.123791 0.008265 0.205817
v 0.071491 0.056041 0.193346
v 0.051094 0.097052 0.296631
v 0.056368 0.080903 0.282695
v 0.062418 0.082731 0.368494
v 0.064361 0.076940 0.457199
v 0.071544 0.069075 0.434286
v 0.049275 0.047187 0.505561
v 0.064361 0.076940 0.457199
v 0.083908 0.023140 0.486583
v 0.081983 -0.103134 0.000555
v 0.073474 -0.124573 0.007743
v 0.050253 -0.036974 0.044432
v 0.084940 -0.064098 0.075615
v 0.105990 -0.106822 0.115153
v 0.092437 -0.128692 0.138626
v 0.084940 -0.064098 0.075615
v 0.084940 -0.064098 0.075615
v 0.084519 -0.038743 0.061874
v 0.070538 0.011251 0.110546
v 0.071491 0.056041 0.193346
v 0.051806 0.027126 0.105550
v 0.070538 0.011251 0.110546
v 0.056368 0.080903 0.282695
v 0.083908 0.023140 0.486583
v 0.082442 0.034416 0.512653
v 0.050948 0.017924 0.561182
v 0.081069 -0.001428 0.556206
v 0.083908 0.023140 0.486583
v 0.064705 0.093934 0.393416
v 0.062418 0.082731 0.368494
v 0.056368 0.080903 0.282695
v 0.136094 0.019928 0.351794
v 0.126531 -0.004574 0.428981
v 0.107226 -0.030754 0.486869
v 0.068164 -0.200765 -0.128099
v 0.060018 -0.225604 -0.124016
v 0.078958 -0.162577 -0.064943
v 0.070449 -0.187390 -0.061633
v 0.050252 -0.098537 -0.013105
v 0.073474 -0.124573 0.007743
v 0.047401 -0.191447 -0.143052
v 0.060018 -0.225604 -0.124016
v 0.191082 -0.025115 0.374353
v 0.176364 -0.037265 0.231694
v 0.193799 -0.022255 0.304487
v 0.027189 0.056400 0.094856
v -0.000000 0.083137 0.196323
v -0.000000 0.073434 0.098490
v 0.027189 0.107650 0.303903
v 0.000000 0.109193 0.393867
v 0.000000 0.121066 0.321740
v -0.000000 -0.018464 0.030175
v -0.000000 -0.131794 -0.092185
v -0.000000 -0.079706 -0.025702
v 0.011874 -0.190112 -0.202692
v -0.000000 -0.172997 -0.151705
v -0.115358 -0.029855 0.773245
v -0.100461 -0.055375 0.687762
v -0.108827 -0.046521 0.782843
v -0.092603 -0.013544 0.578802
v -0.086978 -0.036841 0.622314
v -0.098840 -0.021803 0.622245
v -0.099332 -0.000954 0.805023
v -0.098378 -0.020484 0.834968
v -0.099332 -0.000954 0.805023
v -0.108827 -0.046521 0.782843
v -0.079433 0.004294 0.852079
v -0.105693 -0.058096 0.865472
v -0.067920 0.023239 0.815947
v -0.120245 -0.068022 0.801481
v -0.069544 0.022811 0.879496
v -0.083370 -0.037957 0.891162
v -0.057544 0.030544 0.838627
v -0.058834 -0.214463 0.837465
v -0.019944 -0.204177 0.841622
v -0.033055 -0.183412 0.872662
v -0.082189 -0.203878 0.761159
v -0.034545 -0.233410 0.737875
v -0.034719 -0.231662 0.790291
v -0.074571 -0.189233 0.688582
v -0.034375 -0.223131 0.683316
v -0.101127 -0.172689 0.741057
v -0.107205 -0.157423 0.686723
v -0.172941 -0.160376 0.757229
v -0.147909 -0.157258 0.705968
v -0.168918 -0.183024 0.743378
v -0.142442 -0.152466 0.809202
v -0.100583 -0.153472 0.824440
v -0.112121 -0.164002 0.804462
v -0.103464 -0.176983 0.735898
v -0.114427 -0.167205 0.694295
v -0.073944 -0.190007 0.861034
v -0.093039 -0.176164 0.845786
v -0.100453 -0.103623 0.563752
v -0.101157 -0.054985 0.610393
v -0.104285 -0.044763 0.562100
v -0.108266 -0.096352 0.611212
v -0.135563 -0.116164 0.685993
v -0.044220 -0.181031 0.552222
v -0.047594 -0.206345 0.624889
v -0.067104 -0.155135 0.547734
v -0.092603 -0.013544 0.578802
v -0.081069 -0.001427 0.556206
v -0.090863 -0.141311 0.630612
v -0.084305 -0.136171 0.553099
v -0.112684 -0.070063 0.655933
v -0.098697 -0.122041 0.883153
v -0.121936 -0.108353 0.826703
v -0.100461 -0.055375 0.687762
v -0.129319 -0.065892 0.726855
v -0.159061 -0.100393 0.752477
v -0.086978 -0.036841 0.622314
v -0.079477 -0.176142 0.623685
v -0.066744 -0.128406 0.889950
v -0.000000 -0.197385 0.563328
v -0.032794 -0.256651 -0.469667
v -0.041964 -0.283200 -0.470375
v -0.040904 -0.247051 -0.464555
v -0.048317 -0.275309 -0.466951
v -0.048317 -0.275309 -0.466951
v -0.041964 -0.283200 -0.470375
v -0.045708 -0.281849 -0.399910
v -0.037464 -0.244716 -0.402686
v -0.045708 -0.281849 -0.399910
v -0.043058 -0.238908 -0.400329
v -0.052452 -0.262202 -0.398095
v -0.058180 -0.274885 -0.387725
v -0.045708 -0.281849 -0.399910
v -0.048874 -0.272403 -0.331147
v -0.040574 -0.213894 -0.201371
v -0.054366 -0.252557 -0.191457
v -0.044203 -0.205087 -0.200091
v -0.055746 -0.228937 -0.193036
v -0.038623 -0.228075 -0.270266
v -0.051446 -0.263997 -0.260794
v -0.044389 -0.221342 -0.265498
v -0.054074 -0.244982 -0.260697
v -0.063878 -0.257941 -0.253510
v -0.051446 -0.263997 -0.260794
v -0.054366 -0.252557 -0.191457
v -0.038623 -0.236024 -0.334471
v -0.048874 -0.272403 -0.331147
v -0.044389 -0.229662 -0.330485
v -0.054074 -0.253712 -0.328600
v -0.063878 -0.267450 -0.323045
v -0.048874 -0.272403 -0.331147
v -0.051446 -0.263997 -0.260794
v -0.010614 -0.233570 -0.462865
v -0.000000 -0.225839 -0.468127
v -0.000000 -0.239232 -0.467849
v -0.011875 -0.190112 -0.202692
v -0.000000 -0.197115 -0.206466
v -0.011519 -0.214928 -0.329932
v -0.000000 -0.219858 -0.334134
v -0.082434 -0.148518 0.479997
v -0.107254 -0.099328 0.473162
v -0.050252 -0.098536 -0.013105
v -0.073474 -0.124572 0.007743
v -0.060955 -0.087714 -0.013171
v -0.081983 -0.103134 0.000555
v -0.050530 -0.210312 0.363733
v -0.084301 -0.192719 0.339460
v -0.041967 -0.224722 0.286742
v -0.084623 -0.198881 0.256230
v -0.047402 -0.191447 -0.143052
v -0.060019 -0.225604 -0.124016
v -0.055647 -0.182009 -0.142560
v -0.068165 -0.200765 -0.128099
v -0.058726 0.041907 0.103335
v -0.051807 0.027126 0.105550
v -0.070538 0.011251 0.110546
v -0.071544 0.069075 0.434286
v -0.083909 0.023141 0.486583
v -0.087126 0.074667 0.441427
v -0.052741 -0.181704 0.427207
v -0.050519 -0.178129 0.486545
v -0.104262 -0.106829 0.000551
v -0.073474 -0.124572 0.007743
v -0.084940 -0.064098 0.075615
v -0.052741 -0.181704 0.427207
v -0.090842 -0.145430 0.419348
v -0.092438 -0.128692 0.138626
v -0.062035 -0.178084 0.078838
v -0.076214 -0.186892 0.125687
v -0.094546 -0.123396 0.069512
v -0.105990 -0.106822 0.115153
v -0.084940 -0.064098 0.075615
v -0.036994 -0.204230 0.086709
v -0.044249 -0.217052 0.141572
v -0.042845 -0.226915 0.223850
v -0.108593 -0.172041 0.201065
v -0.073474 -0.124572 0.007743
v -0.081626 -0.148395 0.017485
v -0.050252 -0.036974 0.044432
v -0.084940 -0.064098 0.075615
v -0.062840 -0.025963 0.044606
v -0.084518 -0.038743 0.061874
v -0.107486 -0.051719 0.061963
v -0.084940 -0.064098 0.075615
v -0.070538 0.011251 0.110546
v -0.049274 0.047188 0.505561
v -0.083909 0.023141 0.486583
v -0.055856 0.049946 0.517033
v -0.082442 0.034417 0.512653
v -0.106066 0.033836 0.499761
v -0.083909 0.023141 0.486583
v -0.097504 0.016044 0.517901
v -0.081069 -0.001427 0.556206
v -0.062417 0.082731 0.368494
v -0.071544 0.069075 0.434286
v -0.085962 0.083009 0.382038
v -0.033621 -0.212527 0.027396
v -0.053191 -0.194765 0.025697
v -0.090842 -0.145430 0.419348
v -0.107227 -0.030754 0.486869
v -0.083909 0.023141 0.486583
v -0.087398 -0.213031 -0.123729
v -0.060019 -0.225604 -0.124016
v -0.070449 -0.187390 -0.061633
v -0.048858 -0.153841 -0.083298
v -0.070449 -0.187390 -0.061633
v -0.060955 -0.141664 -0.081061
v -0.078959 -0.162576 -0.064943
v -0.101237 -0.169686 -0.063012
v -0.070449 -0.187390 -0.061633
v -0.073474 -0.124572 0.007743
v -0.065853 -0.241599 -0.184491
v -0.054366 -0.252557 -0.191457
v -0.060019 -0.225604 -0.124016
v -0.108491 -0.177931 0.321275
v -0.108491 -0.177931 0.321275
v -0.124962 -0.164684 0.238640
v -0.123326 -0.091474 0.455379
v -0.027189 0.056400 0.094856
v -0.000000 0.046768 0.092074
v -0.027189 0.107650 0.303903
v 0.000000 0.104570 0.294362
v -0.051093 0.097052 0.296631
v -0.056368 0.080904 0.282695
v -0.025894 0.089213 0.470245
v -0.000000 0.091053 0.460876
v -0.064360 0.076940 0.457199
v -0.071544 0.069075 0.434286
v -0.000000 -0.202744 0.437258
v -0.021464 0.057611 0.527847
v -0.000000 0.059137 0.520081
v -0.000000 -0.238068 0.230706
v -0.000000 -0.229160 0.148997
v -0.000000 -0.239040 0.298937
v -0.143070 -0.377015 0.950483
v -0.149474 -0.374733 0.965221
v -0.148249 -0.394882 0.974191
v -0.223744 -0.379784 0.914494
v -0.224946 -0.399352 0.923078
v -0.228366 -0.396777 0.935329
v -0.151737 -0.373458 0.987922
v -0.149924 -0.387197 0.986504
v -0.179934 -0.369576 0.969781
v -0.188055 -0.367512 0.993091
v -0.185867 -0.384440 0.989038
v -0.205973 -0.374754 0.940628
v -0.215727 -0.371610 0.956997
v -0.215824 -0.387495 0.958965
v -0.168824 -0.374175 0.964396
v -0.169096 -0.386811 0.985513
v -0.166748 -0.372618 0.987519
v -0.196633 -0.357950 0.993463
v -0.189955 -0.360255 0.961375
v -0.202171 -0.369837 0.963463
v -0.204656 -0.367512 0.988881
v -0.206990 -0.384994 1.004813
v -0.205184 -0.383033 0.983413
v -0.192980 -0.386401 1.008528
v -0.185867 -0.384440 0.989038
v -0.203189 -0.400611 1.018385
v -0.205184 -0.383033 0.983413
v -0.169096 -0.386811 0.985513
v -0.149924 -0.387197 0.986504
v -0.166538 -0.389341 1.002974
v -0.153144 -0.389706 1.003352
v -0.160744 -0.401669 1.019345
v -0.158039 -0.366621 0.960628
v -0.158921 -0.364733 0.988473
v -0.236547 -0.387686 0.964628
v -0.232845 -0.387897 0.950427
v -0.222717 -0.387307 0.969619
v -0.215824 -0.387495 0.958965
v -0.236651 -0.400815 0.982397
v -0.223595 -0.362703 0.952547
v -0.213931 -0.365704 0.930544
v -0.225702 -0.378854 0.931489
v -0.230980 -0.373599 0.949905
v -0.232845 -0.387897 0.950427
v -0.106908 -0.394526 0.935130
v -0.105578 -0.393557 0.942706
v -0.122980 -0.394509 0.943689
v -0.119421 -0.393577 0.948965
v -0.106630 -0.401116 0.958702
v -0.123862 -0.363597 0.920798
v -0.119018 -0.372261 0.931577
v -0.109660 -0.379026 0.929584
v -0.126089 -0.379763 0.937105
v -0.191792 -0.374153 0.852483
v -0.206710 -0.371862 0.874549
v -0.198461 -0.342750 0.882808
v -0.148249 -0.394882 0.974191
v -0.169970 -0.393560 0.973555
v -0.159786 -0.400931 0.960436
v -0.172427 -0.395094 0.961801
v -0.189463 -0.401009 0.957983
v -0.180849 -0.393999 0.976153
v -0.204431 -0.393247 0.969158
v -0.175225 -0.394733 0.961366
v -0.123873 -0.391239 0.882929
v -0.120920 -0.398940 0.897646
v -0.131356 -0.401434 0.904065
v -0.140680 -0.399325 0.909800
v -0.145459 -0.396034 0.906568
v -0.122980 -0.394509 0.943689
v -0.131338 -0.398541 0.935441
v -0.119365 -0.400869 0.929966
v -0.107503 -0.398614 0.924543
v -0.106908 -0.394526 0.935130
v -0.171999 -0.401321 0.926087
v -0.171999 -0.401321 0.926087
v -0.152271 -0.401448 0.926893
v -0.145858 -0.397382 0.958917
v -0.190945 -0.401178 0.920468
v -0.173220 -0.372295 0.951275
v -0.175225 -0.394733 0.961366
v -0.172427 -0.395094 0.961801
v -0.157293 -0.361906 0.949671
v -0.173018 -0.370216 0.942365
v -0.187091 -0.355520 0.946562
v -0.217645 -0.401434 0.940280
v -0.228366 -0.396777 0.935329
v -0.224946 -0.399352 0.923078
v -0.212896 -0.401191 0.906640
v -0.206985 -0.396933 0.945759
v -0.149924 -0.387197 0.986504
v -0.185867 -0.384440 0.989038
v -0.232845 -0.387897 0.950427
v -0.202617 -0.396933 0.953603
v -0.172427 -0.395094 0.961801
v -0.180849 -0.393999 0.976153
v -0.206985 -0.396933 0.945759
v -0.195823 -0.368761 0.933965
v -0.205973 -0.374754 0.940628
v -0.200723 -0.371943 0.948193
v -0.206985 -0.396933 0.945759
v -0.120920 -0.398940 0.897646
v -0.119807 -0.371119 0.902009
v -0.111319 -0.373398 0.916608
v -0.140680 -0.399325 0.909800
v -0.131338 -0.398541 0.935441
v -0.135387 -0.373797 0.927526
v -0.123873 -0.391239 0.882929
v -0.122830 -0.363738 0.892042
v -0.206985 -0.396933 0.945759
v -0.195823 -0.368761 0.933965
v -0.208305 -0.360274 0.918397
v -0.197555 -0.399221 0.864238
v -0.172416 -0.390845 0.861988
v -0.175603 -0.394808 0.899311
v -0.155460 -0.355145 0.847854
v -0.156018 -0.382173 0.850068
v -0.145459 -0.396034 0.906568
v -0.146486 -0.400207 0.861777
v -0.128931 -0.365769 0.869266
v -0.123873 -0.391239 0.882929
v -0.146486 -0.400207 0.861777
v -0.190945 -0.401178 0.920468
v -0.209730 -0.401763 0.887707
v -0.172416 -0.390845 0.861988
v -0.123873 -0.391239 0.882929
v -0.152271 -0.401448 0.926893
v -0.171999 -0.401321 0.926087
v -0.171999 -0.401321 0.926087
v -0.212896 -0.401191 0.906640
v -0.145858 -0.397382 0.958917
v -0.200719 -0.359668 0.901775
v -0.212958 -0.374105 0.896271
v -0.212896 -0.401191 0.906640
v -0.122980 -0.394509 0.943689
v -0.107503 -0.398614 0.924543
v -0.122830 -0.363738 0.892042
v -0.137790 -0.336088 0.857526
v -0.189072 -0.329428 0.861876
v -0.184331 -0.348014 0.846382
v -0.197555 -0.399221 0.864238
v -0.176406 -0.339852 0.899230
v -0.176222 -0.320003 0.898332
v -0.197827 -0.319650 0.882432
v -0.159102 -0.363756 0.915179
v -0.150715 -0.350600 0.899673
v -0.137056 -0.343667 0.888322
v -0.145848 -0.329032 0.895288
v -0.166366 -0.287951 0.828894
v -0.148493 -0.321245 0.870445
v -0.139666 -0.298560 0.831854
v -0.172497 -0.310290 0.867978
v -0.147787 -0.328873 0.798590
v -0.178434 -0.323862 0.800284
v -0.129600 -0.310958 0.814680
v -0.185143 -0.303712 0.808398
v -0.209730 -0.401763 0.887707
v -0.146127 -0.367135 0.904542
v -0.139177 -0.370648 0.911220
v -0.145459 -0.396034 0.906568
v -0.146127 -0.367135 0.904542
v -0.137056 -0.343667 0.888322
v -0.130413 -0.362339 0.906900
v -0.147189 -0.374105 0.920569
v -0.180064 -0.358921 0.916805
v -0.152271 -0.401448 0.926893
v -0.145459 -0.396034 0.906568
v -0.173018 -0.370216 0.942365
v -0.180064 -0.358921 0.916805
v -0.180064 -0.358921 0.916805
v -0.173018 -0.370216 0.942365
v -0.159102 -0.363756 0.915179
v -0.200719 -0.359668 0.901775
v -0.195823 -0.368761 0.933965
v -0.021079 -0.273359 -1.131819
v -0.000000 -0.260389 -1.148667
v -0.000000 -0.269382 -1.153791
v -0.000000 -0.251407 -1.097784
v -0.000000 -0.249554 -1.115725
v -0.022067 -0.267391 -1.109934
v -0.021079 -0.273359 -1.131819
v -0.022785 -0.286960 -1.168658
v -0.000000 -0.275304 -1.173580
v -0.023716 -0.257111 -1.070943
v -0.008940 -0.258934 -0.899226
v -0.010862 -0.259924 -0.970947
v -0.007465 -0.269939 -0.899642
v -0.009064 -0.272065 -0.970733
v -0.016136 -0.276601 -0.994462
v -0.016667 -0.256800 -0.994811
v -0.021823 -0.283479 -1.041851
v -0.021319 -0.256799 -1.045198
v -0.023709 -0.295117 -1.102943
v -0.022964 -0.286033 -1.068936
v -0.020417 -0.298369 -1.125595
v -0.022070 -0.315738 -1.162332
v -0.013482 -0.296975 -1.175306
v -0.014721 -0.313871 -1.171588
v -0.000000 -0.277683 -0.970644
v -0.000000 -0.275735 -0.899690
v -0.009064 -0.272065 -0.970733
v -0.007465 -0.269939 -0.899642
v -0.000000 -0.239046 -1.045765
v -0.023716 -0.257111 -1.070943
v -0.000000 -0.277683 -0.970644
v -0.009064 -0.272065 -0.970733
v -0.000000 -0.284818 -0.994328
v -0.000000 -0.294304 -1.041098
v -0.000000 -0.294304 -1.041098
v -0.021823 -0.283479 -1.041851
v -0.000000 -0.297412 -1.068138
v -0.000000 -0.308155 -1.123158
v -0.023709 -0.295117 -1.102943
v -0.022070 -0.315738 -1.162332
v -0.000000 -0.327318 -1.162622
v -0.000000 -0.289096 -1.177343
v -0.163377 -0.236821 0.746054
v -0.160026 -0.224643 0.757162
v -0.177807 -0.207683 0.728069
v -0.121173 -0.271531 0.685835
v -0.121385 -0.273695 0.709602
v -0.138211 -0.299673 0.699137
v -0.118116 -0.289876 0.724581
v -0.177188 -0.240945 0.710971
v -0.168350 -0.254753 0.683124
v -0.183897 -0.273845 0.690454
v -0.172066 -0.295664 0.705819
v -0.188598 -0.276792 0.732512
v -0.183630 -0.266168 0.717201
v -0.163029 -0.245879 0.752033
v -0.163377 -0.236821 0.746054
v -0.134904 -0.248698 0.745099
v -0.136089 -0.258959 0.751675
v -0.122449 -0.251329 0.703185
v -0.142382 -0.294321 0.672740
v -0.142405 -0.278790 0.657777
v -0.163157 -0.275454 0.665541
v -0.165292 -0.291351 0.679345
v -0.134758 -0.253294 0.675638
v -0.122449 -0.251329 0.703185
v -0.134904 -0.248698 0.745099
v -0.128301 -0.232514 0.751414
v -0.168918 -0.183024 0.743378
v -0.118916 -0.217017 0.681547
v -0.109544 -0.221023 0.707569
v -0.148493 -0.187437 0.786273
v -0.100952 -0.199658 0.718405
v -0.111327 -0.191330 0.684146
v -0.142781 -0.326578 0.748928
v -0.180576 -0.319718 0.745652
v -0.168154 -0.262363 0.797566
v -0.189953 -0.283096 0.774848
v -0.119983 -0.293612 0.780064
v -0.135064 -0.273324 0.798791
v -0.164231 -0.205786 0.694553
v -0.153883 -0.184234 0.696659
v -0.119014 -0.191832 0.786100
v -0.103464 -0.176983 0.735898
v -0.112121 -0.164002 0.804462
v -0.114427 -0.167205 0.694295
v -0.147909 -0.157258 0.705968
v -0.142442 -0.152466 0.809202
v -0.013546 -0.257133 -0.824815
v -0.008940 -0.258934 -0.899226
v -0.011254 -0.273690 -0.824850
v -0.007465 -0.269939 -0.899642
v -0.018244 -0.258165 -0.752258
v -0.013546 -0.257133 -0.824815
v -0.015235 -0.280584 -0.753587
v -0.011254 -0.273690 -0.824850
v -0.015235 -0.280584 -0.753587
v -0.011254 -0.273690 -0.824850
v -0.000000 -0.294048 -0.754332
v -0.000000 -0.283091 -0.824758
v -0.000000 -0.247618 -0.751663
v -0.000000 -0.248800 -0.824861
v -0.030285 -0.276916 -0.671441
v -0.019601 -0.300070 -0.672300
v -0.035159 -0.280782 -0.601840
v -0.030285 -0.276916 -0.671441
v -0.022943 -0.308796 -0.604062
v -0.019601 -0.300070 -0.672300
v -0.041964 -0.283200 -0.470375
v -0.040132 -0.283478 -0.533774
v -0.027383 -0.316729 -0.471271
v -0.026155 -0.314640 -0.532196
v -0.040132 -0.283478 -0.533774
v -0.026155 -0.314640 -0.532196
v -0.045708 -0.281849 -0.399910
v -0.029770 -0.318150 -0.394668
v -0.048874 -0.272403 -0.331147
v -0.045708 -0.281849 -0.399910
v -0.031849 -0.311851 -0.328248
v -0.029770 -0.318150 -0.394668
v -0.033526 -0.304693 -0.251994
v -0.051446 -0.263997 -0.260794
v -0.054366 -0.252557 -0.191457
v -0.035499 -0.294396 -0.180300
v -0.000000 -0.320459 -0.604991
v -0.000000 -0.309621 -0.672655
v -0.000000 -0.309621 -0.672655
v -0.000000 -0.330688 -0.471643
v -0.000000 -0.327607 -0.531539
v -0.000000 -0.327607 -0.531539
v -0.000001 -0.333220 -0.392492
v -0.000000 -0.328242 -0.327044
v -0.000001 -0.333220 -0.392492
v -0.043899 -0.234528 -0.037705
v -0.053191 -0.194765 0.025697
v -0.070449 -0.187390 -0.061633
v -0.081626 -0.148395 0.017485
v -0.033621 -0.212527 0.027396
v -0.073474 -0.124572 0.007743
v -0.039344 -0.264248 -0.104693
v -0.060019 -0.225604 -0.124016
v -0.000000 -0.230659 0.028600
v -0.000000 -0.283901 -0.094867
v -0.006200 -0.326501 -1.231410
v -0.000000 -0.312608 -1.227567
v -0.000000 -0.299456 -1.231962
v -0.000001 -0.380341 -1.250000
v -0.000001 -0.358097 -1.236714
v -0.006584 -0.356367 -1.239325
v -0.012610 -0.322314 -1.194574
v -0.000000 -0.325943 -1.191425
v -0.014721 -0.313871 -1.171588
v -0.010123 -0.336560 -1.220448
v -0.000001 -0.339227 -1.216634
v -0.039633 -0.300477 -1.112706
v -0.051419 -0.306249 -1.128313
v -0.031629 -0.300365 -1.126099
v -0.030652 -0.282687 -1.130012
v -0.020417 -0.298369 -1.125595
v -0.021079 -0.273359 -1.131819
v -0.031697 -0.276379 -0.977139
v -0.048394 -0.281054 -0.992883
v -0.029215 -0.277395 -0.992194
v -0.009064 -0.272065 -0.970733
v -0.016136 -0.276601 -0.994462
v -0.029215 -0.263738 -0.991857
v -0.016667 -0.256800 -0.994811
v -0.037598 -0.282760 -1.066071
v -0.052741 -0.282568 -1.066036
v -0.037287 -0.260330 -1.067850
v -0.057214 -0.268849 -1.067430
v -0.022964 -0.286033 -1.068936
v -0.023716 -0.257111 -1.070943
v -0.023709 -0.295117 -1.102943
v -0.039503 -0.280773 -1.045871
v -0.053395 -0.281778 -1.051898
v -0.021823 -0.283479 -1.041851
v -0.005645 -0.205024 -1.172548
v -0.000000 -0.208558 -1.174668
v -0.011563 -0.228385 -1.151830
v -0.000000 -0.234315 -1.157480
v -0.000000 -0.188080 -1.192018
v -0.006205 -0.193163 -1.003920
v -0.000000 -0.195692 -1.007816
v -0.010647 -0.214369 -0.998118
v -0.000000 -0.217448 -1.005498
v -0.016667 -0.256800 -0.994811
v -0.000000 -0.243461 -1.007065
v -0.021079 -0.273359 -1.131819
v -0.000000 -0.260389 -1.148667
v -0.015818 -0.196139 -1.078769
v -0.000000 -0.200551 -1.086642
v -0.023716 -0.257111 -1.070943
v -0.075616 -0.287059 -1.069910
v -0.000000 -0.171921 -1.012895
v -0.040155 -0.056735 0.936060
v -0.066744 -0.128406 0.889950
v -0.031711 -0.135826 0.912161
v -0.083370 -0.037957 0.891162
v -0.033055 -0.183412 0.872662
v -0.011173 -0.224609 -0.400043
v -0.000000 -0.216024 -0.393261
v -0.000000 -0.211636 -0.409683
v -0.011875 -0.190112 -0.202692
v -0.000000 -0.174917 -0.227105
v -0.000000 -0.197115 -0.206466
v -0.000000 -0.179778 -0.197357
v -0.011519 -0.214928 -0.329932
v -0.000000 -0.199803 -0.343751
v -0.000000 -0.219858 -0.334134
v -0.000000 -0.206200 -0.322785
v -0.013489 0.129290 0.466072
v 0.000000 0.127521 0.459252
v -0.025894 0.089213 0.470245
v -0.000000 0.091053 0.460876
v -0.020393 0.109883 0.175641
v 0.000000 0.102326 0.173115
v -0.027189 0.089431 0.204126
v 0.000000 0.127860 0.148188
v -0.010211 0.121820 0.147558
v 0.000000 0.122324 0.178218
v -0.019360 0.137128 0.282187
v 0.000000 0.131001 0.278184
v -0.027189 0.107650 0.303903
v 0.000000 0.104570 0.294362
v -0.020519 0.141209 0.389982
v 0.000000 0.136347 0.383983
v -0.027189 0.109872 0.403871
v 0.000000 0.156997 0.456711
v -0.000000 -0.059090 -0.030352
v -0.000000 -0.055919 -0.066706
v -0.016375 -0.070514 -0.025150
v -0.010458 -0.062366 -0.066874
v -0.000000 -0.066467 -0.091980
v 0.000000 0.113798 0.517578
v -0.012131 0.090832 0.525337
v -0.000000 0.093133 0.533612
v 0.000000 0.125158 0.126155
v -0.008577 -0.154481 -0.170764
v -0.000000 -0.160065 -0.172545
v -0.014137 -0.165334 -0.149589
v -0.009935 -0.108582 -0.126034
v -0.000000 -0.115151 -0.127756
v -0.016375 -0.122802 -0.090201
v -0.000000 -0.110231 -0.090491
v -0.000000 -0.102730 -0.124276
v -0.021464 0.057611 0.527847
v -0.000001 -0.334148 -1.246329
v -0.000001 -0.350095 -1.249176
v -0.004724 -0.352333 -1.244411
v -0.000000 -0.318578 -1.240252
v -0.000000 -0.312244 -1.217095
v -0.009945 -0.309802 -1.201478
v -0.013482 -0.296975 -1.175306
v -0.206990 -0.384994 1.004813
v -0.205678 -0.384620 1.012132
v -0.205700 -0.373715 1.005092
v -0.193803 -0.373715 1.008357
v -0.198107 -0.384655 1.014762
v -0.192980 -0.386401 1.008528
v -0.185867 -0.384440 0.989038
v -0.188055 -0.367512 0.993091
v -0.205184 -0.383033 0.983413
v -0.202613 -0.383448 1.019235
v -0.200997 -0.366487 1.012025
v -0.196633 -0.357950 0.993463
v -0.204656 -0.367512 0.988881
v -0.203189 -0.400611 1.018385
v -0.118521 -0.380240 0.948902
v -0.112670 -0.386887 0.955248
v -0.111900 -0.374331 0.947406
v -0.108393 -0.383317 0.955043
v -0.166538 -0.389341 1.002974
v -0.164339 -0.386382 1.010223
v -0.165081 -0.375180 1.002093
v -0.169096 -0.386811 0.985513
v -0.149924 -0.387197 0.986504
v -0.151737 -0.373458 0.987922
v -0.153967 -0.376244 1.003578
v -0.155607 -0.385734 1.010569
v -0.153144 -0.389706 1.003352
v -0.159233 -0.370784 1.006675
v -0.160001 -0.383900 1.015366
v -0.166748 -0.372618 0.987519
v -0.158921 -0.364733 0.988473
v -0.160744 -0.401669 1.019345
v -0.234759 -0.374021 0.962334
v -0.237659 -0.384529 0.972691
v -0.231127 -0.366531 0.968640
v -0.235759 -0.381421 0.979836
v -0.215824 -0.387495 0.958965
v -0.215727 -0.371610 0.956997
v -0.222507 -0.372909 0.967791
v -0.232845 -0.387897 0.950427
v -0.236547 -0.387686 0.964628
v -0.229539 -0.384171 0.977738
v -0.222717 -0.387307 0.969619
v -0.223595 -0.362703 0.952547
v -0.230980 -0.373599 0.949905
v -0.236651 -0.400815 0.982397
v -0.119421 -0.393577 0.948965
v -0.106285 -0.379798 0.942758
v -0.104988 -0.386803 0.950827
v -0.105578 -0.393557 0.942706
v -0.106908 -0.394526 0.935130
v -0.109660 -0.379026 0.929584
v -0.122980 -0.394509 0.943689
v -0.126089 -0.379763 0.937105
v -0.119018 -0.372261 0.931577
v -0.106630 -0.401116 0.958702
v -0.021319 -0.256799 -1.045198
v -0.039207 -0.260339 -1.048304
v -0.010862 -0.259924 -0.970947
v -0.031970 -0.267210 -0.977240
v -0.037742 -0.282462 -1.116515
v -0.022067 -0.267391 -1.109934
v -0.057734 -0.268384 -1.054987
v -0.000000 -0.226693 -1.136535
v -0.000000 -0.202853 -1.167345
v -0.000000 -0.216243 -0.982824
v -0.000000 -0.193508 -0.997046
v -0.000000 -0.249554 -1.115725
v -0.000000 -0.196925 -1.061745
v -0.000000 -0.160765 -1.083329
v -0.007737 -0.160746 -1.092116
v -0.000000 -0.239046 -1.045765
v -0.000000 -0.136015 -1.105145
v -0.030691 -0.008117 0.751324
v -0.086771 0.023293 0.772180
v -0.067920 0.023239 0.815947
v -0.099332 -0.000954 0.805023
v -0.035332 0.014099 0.807336
v -0.057544 0.030544 0.838627
v -0.085613 0.000042 0.621747
v -0.033323 -0.009750 0.677789
v -0.048338 -0.001472 0.613658
v -0.089528 0.014658 0.690794
v -0.081069 -0.001427 0.556206
v -0.092603 -0.013544 0.578802
v -0.000000 0.023199 0.795224
v -0.000000 0.002991 0.747943
v -0.030691 -0.008117 0.751324
v -0.035332 0.014099 0.807336
v -0.050948 0.017924 0.561182
v -0.081069 -0.001427 0.556206
v -0.048338 -0.001472 0.613658
v -0.030691 -0.008117 0.751324
v -0.000000 0.002991 0.747943
v -0.033323 -0.009750 0.677789
v -0.000000 0.015905 0.604346
v -0.000000 0.028861 0.568476
v -0.037464 -0.244716 -0.402686
v -0.045708 -0.281849 -0.399910
v -0.052452 -0.262202 -0.398095
v -0.045708 -0.281849 -0.399910
v -0.038623 -0.236024 -0.334471
v -0.048874 -0.272403 -0.331147
v -0.030285 -0.276916 -0.671441
v -0.018244 -0.258165 -0.752258
v -0.015235 -0.280584 -0.753587
v -0.023846 -0.258325 -0.670765
v -0.027476 -0.258600 -0.600087
v -0.023846 -0.258325 -0.670765
v -0.035159 -0.280782 -0.601840
v -0.030285 -0.276916 -0.671441
v -0.032794 -0.256651 -0.469667
v -0.031399 -0.258784 -0.535024
v -0.041964 -0.283200 -0.470375
v -0.040132 -0.283478 -0.533774
v -0.031399 -0.258784 -0.535024
v -0.027476 -0.258600 -0.600087
v -0.040132 -0.283478 -0.533774
v -0.035159 -0.280782 -0.601840
v -0.055746 -0.228937 -0.193036
v -0.054366 -0.252557 -0.191457
v -0.054074 -0.244982 -0.260697
v -0.051446 -0.263997 -0.260794
v -0.040574 -0.213894 -0.201371
v -0.054366 -0.252557 -0.191457
v -0.054074 -0.253712 -0.328600
v -0.048874 -0.272403 -0.331147
v -0.038623 -0.228075 -0.270266
v -0.051446 -0.263997 -0.260794
v -0.011173 -0.224609 -0.400043
v -0.000000 -0.219858 -0.334134
v -0.000000 -0.216024 -0.393261
v -0.011519 -0.206650 -0.266746
v -0.000000 -0.197115 -0.206466
v -0.000000 -0.197116 -0.260716
v -0.000000 -0.244579 -0.598976
v -0.000000 -0.246430 -0.670318
v -0.000000 -0.246430 -0.670318
v -0.000000 -0.247618 -0.751663
v -0.000000 -0.239232 -0.467849
v -0.000000 -0.244579 -0.598976
v -0.104354 -0.033572 0.143615
v -0.106443 0.044993 0.202986
v -0.085954 0.006018 0.118940
v -0.048858 -0.153841 -0.083298
v -0.070449 -0.187390 -0.061633
v -0.071544 0.069075 0.434286
v -0.062417 0.082731 0.368494
v -0.103323 0.053589 0.428890
v -0.118212 0.061834 0.353373
v -0.144582 0.020236 0.272189
v -0.131104 0.057089 0.278951
v -0.123791 0.008266 0.205817
v -0.071491 0.056041 0.193346
v -0.062417 0.082731 0.368494
v -0.064360 0.076940 0.457199
v -0.071544 0.069075 0.434286
v -0.049274 0.047188 0.505561
v -0.083909 0.023141 0.486583
v -0.081983 -0.103134 0.000555
v -0.073474 -0.124572 0.007743
v -0.050252 -0.036974 0.044432
v -0.084940 -0.064098 0.075615
v -0.105990 -0.106822 0.115153
v -0.092438 -0.128692 0.138626
v -0.084940 -0.064098 0.075615
v -0.084940 -0.064098 0.075615
v -0.084518 -0.038743 0.061874
v -0.070538 0.011251 0.110546
v -0.071491 0.056041 0.193346
v -0.051807 0.027126 0.105550
v -0.070538 0.011251 0.110546
v -0.056368 0.080904 0.282695
v -0.083909 0.023141 0.486583
v -0.082442 0.034417 0.512653
v -0.050948 0.017924 0.561182
v -0.081069 -0.001427 0.556206
v -0.083909 0.023141 0.486583
v -0.064704 0.093934 0.393416
v -0.062417 0.082731 0.368494
v -0.064704 0.075709 0.202495
v -0.071491 0.056041 0.193346
v -0.056368 0.080904 0.282695
v -0.136094 0.019929 0.351794
v -0.126530 -0.004574 0.428981
v -0.107227 -0.030754 0.486869
v -0.068165 -0.200765 -0.128099
v -0.060019 -0.225604 -0.124016
v -0.078959 -0.162576 -0.064943
v -0.070449 -0.187390 -0.061633
v -0.050252 -0.098536 -0.013105
v -0.073474 -0.124572 0.007743
v -0.047402 -0.191447 -0.143052
v -0.060019 -0.225604 -0.124016
v -0.191083 -0.025115 0.374353
v -0.176364 -0.037265 0.231694
v -0.193799 -0.022255 0.304487
v -0.000000 0.059137 0.520081
v -0.000000 0.094519 0.488583
v -0.016881 -0.008232 0.032257
v -0.000000 0.046768 0.092074
v -0.000000 0.028861 0.568476
v -0.027189 0.109872 0.403871
v -0.064704 0.093934 0.393416
v -0.000000 0.091053 0.460876
v -0.071544 0.069075 0.434286
v 0.000000 0.118190 0.421501
v -0.027189 0.089431 0.204126
v 0.000000 0.104570 0.294362
v -0.035332 0.014099 0.807336
v -0.057544 0.030544 0.838627
v -0.000000 0.040405 0.818134
v -0.000000 0.023199 0.795224
v 0.025894 0.089213 0.470245
v 0.071544 0.069075 0.434286
v -0.000000 -0.202744 0.437258
v 0.021464 0.057611 0.527847
v -0.000000 -0.230659 0.028600
v -0.000000 -0.243461 -1.007065
v -0.000000 -0.242639 -1.085063
v -0.000000 -0.253161 -0.956440
v 0.021078 -0.273359 -1.131818
v 0.009063 -0.272065 -0.970733
v 0.007464 -0.269939 -0.899642
v 0.023715 -0.257110 -1.070943
v 0.009063 -0.272065 -0.970733
v 0.021822 -0.283479 -1.041850
v -0.000000 -0.306536 -1.100106
v 0.023708 -0.295117 -1.102943
v -0.000000 -0.306536 -1.100106
v 0.022069 -0.315738 -1.162331
v -0.000000 -0.321875 -1.173425
v -0.000000 -0.248800 -0.824861
v 0.011253 -0.273689 -0.824849
v -0.000000 -0.321875 -1.173425
v 0.005644 -0.205024 -1.172548
v 0.011562 -0.228385 -1.151830
v 0.006205 -0.193162 -1.003920
v 0.010646 -0.214369 -0.998118
v 0.016667 -0.256800 -0.994811
v 0.021078 -0.273359 -1.131818
v 0.023715 -0.257110 -1.070943
v -0.000000 -0.242639 -1.085063
v -0.000000 -0.209231 0.844999
v -0.000000 -0.224824 0.795596
v 0.011173 -0.224609 -0.400043
v -0.000000 -0.229461 -0.404035
v 0.011874 -0.190112 -0.202692
v -0.000000 -0.197116 -0.260716
v 0.011518 -0.214928 -0.329932
v -0.000000 0.094519 0.488583
v 0.027189 0.089431 0.204126
v -0.000000 0.083137 0.196323
v 0.000000 0.106544 0.213800
v 0.000000 0.109193 0.393867
v 0.000000 0.118190 0.421501
v -0.000000 -0.007472 -0.035245
v 0.000000 0.177564 0.357091
v -0.000000 -0.172997 -0.151705
v -0.000000 -0.154483 -0.149269
v 0.009935 -0.108582 -0.126034
v 0.016375 -0.122802 -0.090201
v -0.000000 -0.131794 -0.092185
v -0.000000 -0.107856 -0.150189
v -0.000000 0.046768 0.092074
v -0.000000 0.059137 0.520081
v -0.000000 0.063909 0.540198
v -0.000000 -0.289096 -1.177343
v -0.000000 -0.246336 -0.973348
v 0.030692 -0.008117 0.751323
v 0.035332 0.014099 0.807336
v -0.000000 0.015905 0.604346
v 0.030692 -0.008117 0.751323
v 0.033323 -0.009750 0.677789
v -0.000000 0.004185 0.677715
v -0.000000 -0.206200 -0.322785
v -0.000000 -0.243165 -0.535816
v -0.000000 -0.243165 -0.535816
v -0.000000 -0.059090 -0.030352
v -0.000000 -0.154483 -0.149269
v -0.000000 -0.110231 -0.090491
v -0.000000 -0.179778 -0.197357
v -0.000000 0.003547 0.023776
v -0.000000 0.063909 0.540198
v 0.071544 0.069075 0.434286
v 0.000000 0.106544 0.213800
v 0.035332 0.014099 0.807336
v 0.057543 0.030544 0.838627
v -0.016375 -0.070514 -0.025150
v -0.062417 0.082731 0.368494
v -0.014137 -0.165334 -0.149589
v -0.016375 -0.122802 -0.090201
v -0.016667 -0.256800 -0.994811
v -0.019944 -0.204177 0.841622
v -0.011519 -0.206650 -0.266746
v -0.010784 0.158253 0.260274
v -0.011930 0.162783 0.373143
v -0.013062 0.070070 0.053805
v -0.010782 -0.001896 -0.009619
v -0.027189 0.056400 0.094856
v -0.016881 -0.008232 0.032257
v -0.033323 -0.009750 0.677789
v -0.048338 -0.001472 0.613658
v 0.138231 -0.005211 0.611316
v 0.179566 -0.012607 0.668133
v 0.180089 -0.031256 0.698082
v 0.182168 -0.017992 0.728031
v 0.783515 -0.024811 0.907124
v 0.637505 -0.007958 0.913529
v 0.710313 -0.011796 0.927302
v 0.784545 -0.013665 0.933596
v 0.786845 -0.009082 0.952321
v 0.785696 -0.018515 0.942958
v 0.705672 -0.005805 0.951471
v 0.708035 -0.017339 0.939164
v 0.626903 -0.001321 0.939288
v 0.632217 -0.015384 0.926402
v 0.231257 -0.015751 0.606204
v 0.179401 -0.004960 0.617381
v 0.783671 -0.016434 0.877883
v 0.878564 -0.047496 0.940709
v 0.459823 -0.051382 0.600135
v 0.369242 -0.098308 0.483148
v 0.349542 -0.068062 0.541806
v 0.399483 -0.035763 0.636300
v 0.346952 -0.004985 0.687082
v 0.442436 -0.005562 0.782531
v 0.477237 -0.020882 0.761901
v 0.528259 -0.021084 0.755853
v 0.480177 -0.051382 0.592726
v 0.550649 -0.021084 0.749434
v 0.598586 -0.018268 0.745843
v 0.473989 -0.083791 0.497984
v 0.575076 -0.045366 0.570118
v 0.637075 -0.013523 0.754763
v 0.666247 -0.051382 0.584892
v 0.667608 -0.114944 0.432553
v 0.578898 -0.084715 0.476023
v 0.741394 -0.008407 0.813683
v 0.776250 -0.021017 0.853605
v 0.913363 -0.036208 0.792549
v 0.659349 -0.013523 0.761572
v 0.700499 -0.004245 0.779681
v 0.775454 -0.021682 0.645070
v 0.860211 -0.015336 0.718742
v 0.686848 -0.051382 0.591586
v 0.803994 -0.053538 0.566984
v 0.918049 -0.056667 0.592459
v 0.297987 -0.038436 0.566094
v 1.027016 -0.074067 0.679849
v 0.551160 -0.007511 0.864777
v 0.384695 -0.098308 0.472328
v 0.593681 -0.007727 0.862037
v 1.031390 -0.100427 0.586641
v 0.624506 -0.007731 0.873962
v 0.723648 -0.077742 0.509425
v 0.686448 -0.114944 0.433541
v 1.114946 -0.130068 0.540571
v 0.318354 -0.012607 0.693960
v 0.334682 -0.027669 0.710892
v 0.309038 -0.022744 0.707263
v 0.291992 -0.046978 0.571876
v 0.277716 -0.053559 0.550565
v 0.282971 -0.038436 0.568585
v 0.293480 -0.012607 0.675366
v 0.303331 -0.026315 0.668317
v 0.279375 -0.012607 0.727051
v 0.307210 -0.012607 0.723532
v 0.286427 -0.027669 0.701211
v 0.322409 -0.012607 0.734705
v 0.540430 -0.020007 0.880350
v 0.429609 -0.018110 0.794918
v 0.416782 -0.006617 0.807305
v 0.558453 -0.002126 0.927648
v 0.570953 -0.017880 0.860985
v 0.539454 -0.028146 0.752644
v 0.343896 -0.139747 0.429468
v 0.376969 -0.107741 0.477738
v 0.343896 -0.139747 0.429468
v 0.376969 -0.107741 0.477738
v 0.470001 -0.057629 0.596430
v 0.470001 -0.057629 0.596430
v 0.539454 -0.028146 0.752644
v 0.609101 -0.017773 0.867982
v 0.609101 -0.017773 0.867982
v 0.648211 -0.020585 0.758168
v 0.648211 -0.020585 0.758168
v 0.685671 -0.153358 0.373024
v 0.677029 -0.124377 0.433047
v 0.685671 -0.153358 0.373024
v 0.677029 -0.124377 0.433047
v 0.676547 -0.057630 0.588239
v 0.676547 -0.057630 0.588239
v 1.034121 -0.080315 0.688023
v 0.919009 -0.043270 0.802734
v 1.041227 -0.069485 0.696196
v 0.924655 -0.031625 0.812920
v 0.779961 -0.029127 0.865744
v 0.633638 -0.017892 0.892929
v 0.783671 -0.016434 0.877883
v 0.637505 -0.007958 0.913529
v 1.154334 -0.176043 0.479987
v 1.123032 -0.139501 0.545430
v 1.131117 -0.130068 0.550288
v 0.558453 -0.002126 0.927648
v 0.570953 -0.017880 0.860985
v 0.558453 -0.002126 0.927648
v 0.529719 -0.001006 0.895977
v 0.408359 -0.000628 0.821187
v 0.334623 -0.000628 0.784664
v 0.292879 -0.000628 0.770294
v 0.249142 -0.000628 0.758512
v 0.167351 -0.000628 0.769205
v 0.138231 -0.005211 0.611316
v 0.179566 0.011349 0.668133
v 0.179401 -0.004960 0.617381
v 0.167351 -0.000628 0.769205
v 0.180089 0.029998 0.698082
v 0.182168 0.016736 0.728031
v 0.783515 -0.024811 0.907124
v 0.784546 -0.005416 0.933596
v 0.710313 -0.002385 0.927303
v 0.708036 0.005005 0.939161
v 0.785696 0.000352 0.942958
v 0.705672 -0.005805 0.951471
v 0.786845 -0.009082 0.952321
v 0.632193 0.012746 0.926390
v 0.626903 -0.001321 0.939288
v 0.637505 0.003838 0.913529
v 0.231257 -0.015751 0.606204
v 0.318354 0.011349 0.693960
v 0.334682 0.026412 0.710892
v 0.309038 0.021486 0.707263
v 0.277716 -0.053559 0.550565
v 0.291992 -0.029894 0.571876
v 0.282971 -0.038436 0.568585
v 0.297987 -0.038436 0.566094
v 0.293480 0.011349 0.675366
v 0.249142 -0.000628 0.758512
v 0.279375 0.011349 0.727051
v 0.292879 -0.000628 0.770294
v 0.307210 0.011349 0.723532
v 0.334623 -0.000628 0.784664
v 0.322409 0.011349 0.734705
v 0.416782 0.005360 0.807305
v 0.408359 -0.000628 0.821187
v 0.529719 -0.001006 0.895977
v 0.286427 0.026412 0.701211
v 0.429610 0.016852 0.794918
v 0.540474 0.017998 0.880378
v 0.310892 0.014471 0.668317
v 0.558453 -0.002126 0.927648
v 0.558453 -0.002126 0.927648
v 0.878564 -0.047496 0.940709
v 0.783671 -0.016434 0.877883
v 0.459823 -0.043133 0.600135
v 0.349542 -0.068062 0.541806
v 0.369242 -0.098308 0.483148
v 0.399483 -0.027514 0.636300
v 0.346952 0.003264 0.687082
v 0.477237 -0.012633 0.761901
v 0.442436 0.002687 0.782531
v 0.528259 -0.012835 0.755853
v 0.480177 -0.043133 0.592726
v 0.598586 -0.010019 0.745843
v 0.550649 -0.012835 0.749434
v 0.473989 -0.083791 0.497984
v 0.575076 -0.037117 0.570118
v 0.637075 -0.005274 0.754763
v 0.666247 -0.046799 0.584892
v 0.578898 -0.084715 0.476023
v 0.667608 -0.114944 0.432553
v 0.741394 -0.000158 0.813683
v 0.913363 -0.027959 0.792549
v 0.776250 -0.013684 0.853605
v 0.659349 -0.005274 0.761572
v 0.775454 -0.013433 0.645070
v 0.700499 0.004004 0.779681
v 0.860211 -0.007087 0.718742
v 0.686848 -0.043133 0.591586
v 0.803994 -0.053538 0.566984
v 0.918049 -0.056667 0.592459
v 1.027016 -0.065818 0.679849
v 0.551160 0.004285 0.864777
v 0.384695 -0.098308 0.472328
v 0.593681 0.004069 0.862037
v 1.031390 -0.100427 0.586641
v 0.624506 0.004065 0.873962
v 0.723648 -0.077742 0.509425
v 0.686448 -0.114944 0.433541
v 1.114946 -0.130068 0.540571
v 0.570958 0.015581 0.861028
v 0.593681 0.004069 0.862037
v 0.539454 -0.004855 0.752644
v 0.550649 -0.012835 0.749434
v 0.343896 -0.139747 0.429468
v 0.376969 -0.088875 0.477738
v 0.384695 -0.098308 0.472328
v 0.470001 -0.035969 0.596430
v 0.480177 -0.043133 0.592726
v 0.609085 0.015459 0.868022
v 0.558453 -0.002126 0.927648
v 0.624506 0.004065 0.873962
v 0.648212 0.002706 0.758168
v 0.659349 -0.005274 0.761572
v 0.685671 -0.153358 0.373024
v 0.677029 -0.105510 0.433047
v 0.686448 -0.114944 0.433541
v 0.676547 -0.035969 0.588239
v 0.686848 -0.043133 0.591586
v 0.633601 0.015596 0.892937
v 0.558453 -0.002126 0.927648
v 0.779961 -0.003739 0.865744
v 0.637505 0.003838 0.913529
v 0.783671 -0.016434 0.877883
v 1.154334 -0.176043 0.479987
v 1.123032 -0.120634 0.545430
v 1.131117 -0.130068 0.550288
v 1.034121 -0.058654 0.688023
v 1.041227 -0.069485 0.696196
v 0.919009 -0.019979 0.802734
v 0.924655 -0.031625 0.812920
v -0.138232 -0.005210 0.611316
v -0.179566 -0.012606 0.668133
v -0.180088 -0.031256 0.698082
v -0.182168 -0.017992 0.728032
v -0.783514 -0.024809 0.907124
v -0.637504 -0.007957 0.913529
v -0.710313 -0.011794 0.927303
v -0.784546 -0.013663 0.933596
v -0.786845 -0.009080 0.952321
v -0.785696 -0.018513 0.942958
v -0.705673 -0.005804 0.951471
v -0.708035 -0.017337 0.939164
v -0.626903 -0.001320 0.939288
v -0.632216 -0.015383 0.926402
v -0.231258 -0.015751 0.606204
v -0.179401 -0.004960 0.617381
v -0.783671 -0.016432 0.877883
v -0.878563 -0.047494 0.940709
v -0.459823 -0.051381 0.600135
v -0.369243 -0.098307 0.483148
v -0.349542 -0.068061 0.541806
v -0.399483 -0.035763 0.636300
v -0.346952 -0.004985 0.687082
v -0.442437 -0.005561 0.782531
v -0.477237 -0.020881 0.761901
v -0.528259 -0.021083 0.755854
v -0.480178 -0.051381 0.592726
v -0.550648 -0.021083 0.749434
v -0.598586 -0.018266 0.745843
v -0.473989 -0.083790 0.497984
v -0.575076 -0.045364 0.570118
v -0.637075 -0.013521 0.754763
v -0.666247 -0.051381 0.584892
v -0.667608 -0.114942 0.432553
v -0.578898 -0.084713 0.476023
v -0.741394 -0.008405 0.813683
v -0.776250 -0.021015 0.853605
v -0.913363 -0.036205 0.792549
v -0.659349 -0.013521 0.761572
v -0.700499 -0.004243 0.779681
v -0.775453 -0.021681 0.645070
v -0.860211 -0.015333 0.718742
v -0.686848 -0.051381 0.591586
v -0.803994 -0.053537 0.566984
v -0.918049 -0.056665 0.592460
v -0.297987 -0.038435 0.566094
v -1.027016 -0.074065 0.679849
v -0.551159 -0.007509 0.864777
v -0.384696 -0.098307 0.472328
v -0.593681 -0.007726 0.862038
v -1.031390 -0.100425 0.586641
v -0.624506 -0.007729 0.873962
v -0.723647 -0.077741 0.509425
v -0.686448 -0.114942 0.433541
v -1.114946 -0.130065 0.540572
v -0.318354 -0.012606 0.693960
v -0.334681 -0.027668 0.710892
v -0.309038 -0.022743 0.707263
v -0.291992 -0.046978 0.571876
v -0.277716 -0.053559 0.550565
v -0.282971 -0.038435 0.568585
v -0.293480 -0.012606 0.675366
v -0.303331 -0.026314 0.668317
v -0.279374 -0.012606 0.727051
v -0.307210 -0.012606 0.723532
v -0.286427 -0.027668 0.701211
v -0.322409 -0.012606 0.734705
v -0.540430 -0.020006 0.880350
v -0.429609 -0.018109 0.794918
v -0.416782 -0.006616 0.807306
v -0.558453 -0.002125 0.927648
v -0.570952 -0.017878 0.860985
v -0.539454 -0.028145 0.752644
v -0.343896 -0.139746 0.429468
v -0.376969 -0.107740 0.477738
v -0.343896 -0.139746 0.429468
v -0.376969 -0.107740 0.477738
v -0.470000 -0.057628 0.596430
v -0.470000 -0.057628 0.596430
v -0.539454 -0.028145 0.752644
v -0.609101 -0.017771 0.867982
v -0.609101 -0.017771 0.867982
v -0.648211 -0.020583 0.758168
v -0.648211 -0.020583 0.758168
v -0.685671 -0.153356 0.373024
v -0.677029 -0.124375 0.433047
v -0.685671 -0.153356 0.373024
v -0.677029 -0.124375 0.433047
v -0.676547 -0.057628 0.588239
v -0.676547 -0.057628 0.588239
v -1.034122 -0.080312 0.688023
v -0.919009 -0.043268 0.802735
v -1.041227 -0.069482 0.696196
v -0.924655 -0.031623 0.812920
v -0.779960 -0.029125 0.865744
v -0.633638 -0.017891 0.892929
v -0.783671 -0.016432 0.877883
v -0.637504 -0.007957 0.913529
v -1.154334 -0.176041 0.479987
v -1.123032 -0.139498 0.545430
v -1.131117 -0.130065 0.550288
v -0.558453 -0.002125 0.927648
v -0.570952 -0.017878 0.860985
v -0.558453 -0.002125 0.927648
v -0.529719 -0.001004 0.895977
v -0.408359 -0.000627 0.821187
v -0.334623 -0.000628 0.784664
v -0.292878 -0.000628 0.770294
v -0.249141 -0.000628 0.758512
v -0.167350 -0.000628 0.769205
v -0.138232 -0.005210 0.611316
v -0.179566 0.011349 0.668133
v -0.179401 -0.004960 0.617381
v -0.167350 -0.000628 0.769205
v -0.180088 0.029999 0.698082
v -0.182168 0.016736 0.728032
v -0.783514 -0.024809 0.907124
v -0.784546 -0.005414 0.933596
v -0.710313 -0.002383 0.927303
v -0.708036 0.005006 0.939162
v -0.785696 0.000354 0.942958
v -0.705673 -0.005804 0.951471
v -0.786845 -0.009080 0.952321
v -0.632192 0.012748 0.926390
v -0.626903 -0.001320 0.939288
v -0.637504 0.003840 0.913529
v -0.231258 -0.015751 0.606204
v -0.318354 0.011349 0.693960
v -0.334681 0.026413 0.710892
v -0.309038 0.021487 0.707263
v -0.277716 -0.053559 0.550565
v -0.291992 -0.029893 0.571877
v -0.282971 -0.038435 0.568585
v -0.297987 -0.038435 0.566094
v -0.293480 0.011349 0.675366
v -0.249141 -0.000628 0.758512
v -0.279374 0.011349 0.727051
v -0.292878 -0.000628 0.770294
v -0.307210 0.011349 0.723532
v -0.334623 -0.000628 0.784664
v -0.322409 0.011349 0.734705
v -0.416782 0.005361 0.807306
v -0.408359 -0.000627 0.821187
v -0.529719 -0.001004 0.895977
v -0.286427 0.026413 0.701211
v -0.429609 0.016853 0.794918
v -0.540473 0.017999 0.880378
v -0.310892 0.014472 0.668317
v -0.558453 -0.002125 0.927648
v -0.558453 -0.002125 0.927648
v -0.878563 -0.047494 0.940709
v -0.783671 -0.016432 0.877883
v -0.459823 -0.043132 0.600135
v -0.349542 -0.068061 0.541806
v -0.369243 -0.098307 0.483148
v -0.399483 -0.027514 0.636300
v -0.346952 0.003265 0.687082
v -0.477237 -0.012632 0.761901
v -0.442437 0.002688 0.782531
v -0.528259 -0.012834 0.755854
v -0.480178 -0.043132 0.592726
v -0.598586 -0.010017 0.745843
v -0.550648 -0.012834 0.749434
v -0.473989 -0.083790 0.497984
v -0.575076 -0.037115 0.570118
v -0.637075 -0.005272 0.754763
v -0.666247 -0.046798 0.584892
v -0.578898 -0.084713 0.476023
v -0.667608 -0.114942 0.432553
v -0.741394 -0.000156 0.813683
v -0.913363 -0.027956 0.792549
v -0.776250 -0.013682 0.853605
v -0.659349 -0.005272 0.761572
v -0.775453 -0.013432 0.645070
v -0.700499 0.004006 0.779681
v -0.860211 -0.007084 0.718742
v -0.686848 -0.043132 0.591586
v -0.803994 -0.053537 0.566984
v -0.918049 -0.056665 0.592460
v -1.027016 -0.065816 0.679849
v -0.551159 0.004287 0.864777
v -0.384696 -0.098307 0.472328
v -0.593681 0.004070 0.862038
v -1.031390 -0.100425 0.586641
v -0.624506 0.004067 0.873962
v -0.723647 -0.077741 0.509425
v -0.686448 -0.114942 0.433541
v -1.114946 -0.130065 0.540572
v -0.570958 0.015582 0.861029
v -0.593681 0.004070 0.862038
v -0.539454 -0.004854 0.752644
v -0.550648 -0.012834 0.749434
v -0.343896 -0.139746 0.429468
v -0.376969 -0.088874 0.477738
v -0.384696 -0.098307 0.472328
v -0.470000 -0.035968 0.596430
v -0.480178 -0.043132 0.592726
v -0.609085 0.015461 0.868022
v -0.558453 -0.002125 0.927648
v -0.624506 0.004067 0.873962
v -0.648211 0.002708 0.758168
v -0.659349 -0.005272 0.761572
v -0.685671 -0.153356 0.373024
v -0.677029 -0.105509 0.433047
v -0.686448 -0.114942 0.433541
v -0.676547 -0.035968 0.588239
v -0.686848 -0.043132 0.591586
v -0.633601 0.015597 0.892937
v -0.558453 -0.002125 0.927648
v -0.779960 -0.003738 0.865744
v -0.637504 0.003840 0.913529
v -0.783671 -0.016432 0.877883
v -1.154334 -0.176041 0.479987
v -1.123032 -0.120632 0.545430
v -1.131117 -0.130065 0.550288
v -1.034121 -0.058652 0.688023
v -1.041227 -0.069482 0.696196
v -0.919009 -0.019977 0.802735
v -0.924655 -0.031623 0.812920
v 0.126466 -0.200568 0.350194
v 0.142410 -0.199862 0.397094
v 0.135768 -0.216609 0.314480
v 0.126466 -0.200568 0.350194
v 0.135507 -0.242736 0.337551
v 0.140664 -0.194004 0.289432
v 0.169994 -0.189929 0.279571
v 0.158341 -0.175213 0.240491
v 0.135507 -0.242736 0.337551
v 0.152956 -0.255430 0.377705
v 0.108491 -0.177931 0.321275
v 0.235407 -0.373549 0.141276
v 0.245499 -0.370059 0.153872
v 0.244640 -0.388667 0.154820
v 0.244640 -0.388667 0.154820
v 0.270721 -0.389215 0.142905
v 0.238562 -0.397963 0.144511
v 0.267137 -0.395639 0.133943
v 0.232116 -0.357061 0.038070
v 0.248513 -0.347283 0.026729
v 0.224562 -0.348735 0.039713
v 0.243518 -0.337060 0.027172
v 0.247765 -0.375556 0.018667
v 0.193170 -0.386710 0.177792
v 0.166402 -0.387237 0.177009
v 0.189063 -0.386557 0.195498
v 0.169431 -0.387053 0.195523
v 0.194942 -0.397118 0.162744
v 0.165839 -0.396014 0.162373
v 0.193170 -0.386710 0.177792
v 0.166402 -0.387237 0.177009
v 0.180205 -0.400001 0.213116
v 0.192228 -0.374324 0.155289
v 0.190486 -0.372155 0.177254
v 0.179534 -0.361665 0.153353
v 0.178736 -0.360780 0.177234
v 0.194942 -0.397118 0.162744
v 0.193170 -0.386710 0.177792
v 0.168013 -0.372706 0.176708
v 0.167458 -0.374858 0.155305
v 0.166402 -0.387237 0.177009
v 0.165839 -0.396014 0.162373
v 0.236971 -0.380182 0.176358
v 0.235654 -0.390344 0.162812
v 0.209684 -0.381767 0.183774
v 0.204215 -0.391856 0.171788
v 0.238935 -0.379626 0.196673
v 0.236971 -0.380182 0.176358
v 0.217951 -0.381211 0.201167
v 0.209684 -0.381767 0.183774
v 0.234137 -0.399821 0.219313
v 0.224431 -0.350798 0.182986
v 0.211553 -0.364402 0.185036
v 0.215523 -0.354309 0.148503
v 0.202413 -0.369327 0.162362
v 0.209684 -0.381767 0.183774
v 0.204215 -0.391856 0.171788
v 0.231899 -0.370189 0.152760
v 0.235976 -0.364402 0.177878
v 0.235654 -0.390344 0.162812
v 0.236971 -0.380182 0.176358
v 0.275678 -0.385433 0.161296
v 0.270721 -0.389215 0.142905
v 0.256053 -0.384917 0.169961
v 0.244640 -0.388667 0.154820
v 0.272335 -0.397891 0.184813
v 0.259216 -0.358214 0.148697
v 0.247509 -0.360570 0.125647
v 0.238562 -0.397963 0.144511
v 0.262327 -0.376535 0.125200
v 0.269386 -0.370135 0.143978
v 0.267137 -0.395639 0.133943
v 0.270721 -0.389215 0.142905
v 0.255656 -0.377590 0.106256
v 0.240839 -0.356190 0.113940
v 0.233898 -0.358070 0.103097
v 0.245915 -0.327754 0.039968
v 0.242646 -0.332449 0.056409
v 0.237412 -0.322716 0.058702
v 0.238562 -0.397963 0.144511
v 0.178176 -0.360037 0.124823
v 0.178499 -0.355653 0.137014
v 0.165020 -0.372468 0.139609
v 0.224602 -0.372763 0.031921
v 0.183514 -0.374153 0.021730
v 0.188876 -0.397916 0.032293
v 0.192228 -0.374324 0.155289
v 0.193143 -0.368981 0.129400
v 0.242726 -0.397839 0.092201
v 0.238150 -0.369687 0.075378
v 0.170633 -0.397819 0.118487
v 0.196058 -0.401321 0.118371
v 0.203099 -0.394809 0.090450
v 0.221878 -0.401179 0.113899
v 0.242726 -0.397839 0.092201
v 0.196058 -0.401321 0.118371
v 0.170633 -0.397819 0.118487
v 0.163217 -0.401289 0.142935
v 0.221878 -0.401179 0.113899
v 0.261593 -0.401225 0.113108
v 0.152576 -0.369637 0.044129
v 0.166679 -0.350936 0.082426
v 0.165457 -0.369687 0.095312
v 0.199547 -0.402410 0.064607
v 0.233446 -0.402174 0.073943
v 0.170848 -0.402174 0.093464
v 0.225325 -0.402160 0.042718
v 0.188876 -0.397916 0.032293
v 0.156251 -0.402910 0.062963
v 0.166908 -0.373879 0.120050
v 0.165020 -0.372468 0.139609
v 0.163217 -0.401289 0.142935
v 0.178646 -0.339358 0.022059
v 0.156251 -0.402910 0.062963
v 0.225325 -0.402160 0.042718
v 0.221878 -0.401179 0.113899
v 0.242726 -0.397839 0.092201
v 0.238562 -0.397963 0.144511
v 0.221878 -0.401179 0.113899
v 0.196058 -0.401321 0.118371
v 0.261593 -0.401225 0.113108
v 0.211919 -0.353031 0.135350
v 0.193143 -0.368981 0.129400
v 0.225937 -0.353919 0.089795
v 0.209071 -0.360851 0.118092
v 0.224185 -0.367248 0.119297
v 0.235407 -0.373549 0.141276
v 0.206161 -0.352370 0.099496
v 0.193143 -0.368981 0.129400
v 0.227129 -0.341343 0.053495
v 0.224562 -0.348735 0.039713
v 0.238150 -0.369687 0.075378
v 0.150289 -0.331362 0.045905
v 0.165673 -0.321453 0.079840
v 0.180999 -0.353916 0.105007
v 0.165457 -0.369687 0.095312
v 0.165457 -0.369687 0.095312
v 0.170848 -0.402174 0.093464
v 0.170633 -0.397819 0.118487
v 0.180999 -0.353916 0.105007
v 0.225937 -0.353919 0.089795
v 0.233446 -0.402174 0.073943
v 0.231863 -0.336953 0.068417
v 0.214023 -0.297680 0.023162
v 0.200413 -0.276507 0.029211
v 0.162795 -0.274846 0.033550
v 0.151981 -0.288434 0.065769
v 0.224562 -0.348735 0.039713
v 0.243518 -0.337060 0.027172
v 0.214023 -0.297680 0.023162
v 0.227129 -0.341343 0.053495
v 0.231863 -0.336953 0.068417
v 0.211330 -0.290477 0.057652
v 0.214023 -0.297680 0.023162
v 0.241748 -0.314843 0.041320
v 0.211330 -0.290477 0.057652
v 0.243518 -0.337060 0.027172
v 0.200065 -0.319034 0.084103
v 0.196998 -0.303661 0.089729
v 0.165906 -0.299298 0.086731
v 0.202417 -0.333426 0.085897
v 0.225937 -0.353919 0.089795
v 0.206161 -0.352370 0.099496
v 0.180999 -0.353916 0.105007
v 0.170848 -0.402174 0.093464
v 0.233446 -0.402174 0.073943
v 0.225773 -0.193020 0.128432
v 0.219868 -0.214147 0.123806
v 0.204436 -0.241466 0.150694
v 0.205400 -0.237011 0.162094
v 0.165930 -0.173635 0.099095
v 0.145408 -0.188811 0.137746
v 0.148234 -0.211886 0.119037
v 0.209022 -0.178310 0.098005
v 0.200344 -0.202650 0.092334
v 0.223484 -0.234692 0.102995
v 0.202480 -0.269571 0.121970
v 0.202172 -0.239363 0.067996
v 0.170031 -0.202708 0.092948
v 0.205093 -0.158434 0.118697
v 0.164273 -0.154021 0.124287
v 0.213093 -0.259340 0.083127
v 0.195474 -0.285545 0.101697
v 0.163551 -0.268355 0.117638
v 0.170196 -0.238018 0.143362
v 0.151241 -0.264551 0.086878
v 0.167774 -0.236686 0.071779
v 0.163564 -0.286320 0.095854
v 0.140910 -0.232653 0.106844
v 0.204735 -0.170423 0.151953
v 0.221969 -0.196574 0.157856
v 0.172201 -0.167326 0.158846
v 0.157295 -0.185671 0.168750
v 0.224205 -0.215825 0.190544
v 0.208853 -0.188798 0.204790
v 0.171558 -0.233187 0.156171
v 0.208526 -0.245711 0.182199
v 0.168684 -0.240732 0.178327
v 0.168064 -0.181663 0.204966
v 0.151206 -0.196519 0.197460
v 0.208350 -0.274823 0.242462
v 0.232674 -0.237271 0.234153
v 0.162050 -0.271347 0.240947
v 0.134656 -0.216177 0.239987
v 0.148915 -0.268163 0.318980
v 0.152956 -0.255430 0.377705
v 0.171913 -0.285981 0.337212
v 0.135507 -0.242736 0.337551
v 0.139643 -0.224153 0.267934
v 0.135768 -0.216609 0.314480
v 0.204486 -0.289247 0.335077
v 0.205438 -0.235056 0.380713
v 0.219493 -0.229098 0.353275
v 0.183427 -0.253346 0.385329
v 0.231506 -0.251485 0.307505
v 0.223707 -0.208717 0.321557
v 0.207262 -0.193632 0.297984
v 0.229667 -0.226570 0.292545
v 0.204441 -0.200944 0.270401
v 0.229942 -0.251607 0.278265
v 0.170350 -0.289127 0.297385
v 0.165284 -0.193787 0.266250
v 0.169994 -0.189929 0.279571
v 0.202922 -0.292393 0.290714
v 0.162847 -0.186444 0.239883
v 0.207466 -0.195424 0.238852
v 0.227129 -0.341343 0.053495
v 0.242646 -0.332449 0.056409
v 0.252684 -0.351544 0.048306
v 0.245915 -0.327754 0.039968
v 0.255505 -0.352033 0.034753
v 0.254195 -0.366150 0.035122
v 0.243819 -0.362888 0.042025
v 0.232116 -0.357061 0.038070
v 0.224562 -0.348735 0.039713
v 0.243518 -0.337060 0.027172
v 0.248513 -0.347283 0.026729
v 0.247765 -0.375556 0.018667
v 0.244640 -0.388667 0.154820
v 0.245499 -0.370059 0.153872
v 0.254695 -0.370790 0.169002
v 0.262202 -0.377669 0.178314
v 0.256053 -0.384917 0.169961
v 0.274602 -0.370782 0.160322
v 0.270721 -0.389215 0.142905
v 0.275678 -0.385433 0.161296
v 0.271809 -0.376309 0.181072
v 0.267753 -0.362040 0.168455
v 0.259216 -0.358214 0.148697
v 0.276164 -0.378742 0.172169
v 0.269386 -0.370135 0.143978
v 0.189063 -0.386557 0.195498
v 0.185540 -0.381903 0.203562
v 0.187658 -0.374058 0.194400
v 0.170623 -0.374541 0.194091
v 0.172903 -0.382079 0.202476
v 0.169431 -0.387053 0.195523
v 0.193170 -0.386710 0.177792
v 0.166402 -0.387237 0.177009
v 0.168013 -0.372706 0.176708
v 0.178836 -0.364800 0.197812
v 0.179496 -0.379734 0.209060
v 0.190486 -0.372155 0.177254
v 0.178736 -0.360780 0.177234
v 0.237973 -0.367518 0.195960
v 0.238121 -0.376581 0.206571
v 0.230495 -0.357914 0.205404
v 0.233659 -0.375817 0.217176
v 0.209684 -0.381767 0.183774
v 0.211553 -0.364402 0.185036
v 0.218718 -0.367689 0.200828
v 0.236971 -0.380182 0.176358
v 0.238935 -0.379626 0.196673
v 0.224438 -0.377359 0.210458
v 0.217951 -0.381211 0.201167
v 0.224431 -0.350798 0.182986
v 0.235976 -0.364402 0.177878
v 0.180205 -0.400001 0.213116
v 0.234137 -0.399821 0.219313
v 0.272335 -0.397891 0.184813
v 0.205992 -0.188035 0.410887
v 0.168629 -0.194592 0.423999
v 0.194273 -0.105985 0.427294
v 0.205438 -0.235056 0.380713
v 0.183427 -0.253346 0.385329
v 0.223567 -0.169431 0.344889
v 0.205517 -0.101958 0.265561
v 0.201663 -0.174620 0.300072
v 0.183869 -0.123085 0.238005
v 0.207262 -0.193632 0.297984
v 0.223707 -0.208717 0.321557
v 0.222172 -0.177788 0.382174
v 0.219493 -0.229098 0.353275
v 0.221540 -0.090718 0.324781
v 0.215662 -0.095184 0.382694
v -0.126467 -0.200568 0.350194
v -0.142410 -0.199862 0.397094
v -0.135768 -0.216609 0.314480
v -0.126467 -0.200568 0.350194
v -0.135507 -0.242737 0.337551
v -0.140664 -0.194004 0.289432
v -0.169994 -0.189929 0.279571
v -0.158341 -0.175213 0.240491
v -0.135507 -0.242737 0.337551
v -0.152957 -0.255429 0.377705
v -0.108491 -0.177931 0.321275
v -0.235408 -0.373548 0.141276
v -0.245500 -0.370058 0.153872
v -0.244641 -0.388666 0.154820
v -0.244641 -0.388666 0.154820
v -0.270723 -0.389214 0.142905
v -0.238563 -0.397962 0.144511
v -0.267138 -0.395639 0.133943
v -0.232117 -0.357061 0.038070
v -0.248513 -0.347283 0.026729
v -0.224562 -0.348734 0.039713
v -0.243519 -0.337060 0.027172
v -0.247765 -0.375555 0.018667
v -0.193170 -0.386710 0.177792
v -0.166404 -0.387236 0.177009
v -0.189064 -0.386557 0.195498
v -0.169432 -0.387053 0.195523
v -0.194943 -0.397117 0.162744
v -0.165840 -0.396014 0.162373
v -0.193170 -0.386710 0.177792
v -0.166404 -0.387236 0.177009
v -0.180206 -0.400000 0.213116
v -0.192229 -0.374323 0.155289
v -0.190487 -0.372154 0.177254
v -0.179534 -0.361665 0.153353
v -0.178737 -0.360779 0.177234
v -0.194943 -0.397117 0.162744
v -0.193170 -0.386710 0.177792
v -0.168013 -0.372705 0.176708
v -0.167459 -0.374858 0.155305
v -0.166404 -0.387236 0.177009
v -0.165840 -0.396014 0.162373
v -0.236971 -0.380182 0.176358
v -0.235655 -0.390343 0.162812
v -0.209684 -0.381767 0.183774
v -0.204216 -0.391855 0.171788
v -0.238936 -0.379625 0.196673
v -0.236971 -0.380182 0.176358
v -0.217952 -0.381211 0.201167
v -0.209684 -0.381767 0.183774
v -0.234138 -0.399820 0.219313
v -0.224432 -0.350797 0.182986
v -0.211553 -0.364402 0.185036
v -0.215524 -0.354308 0.148503
v -0.202414 -0.369327 0.162362
v -0.209684 -0.381767 0.183774
v -0.204216 -0.391855 0.171788
v -0.231899 -0.370189 0.152760
v -0.235977 -0.364402 0.177878
v -0.235655 -0.390343 0.162812
v -0.236971 -0.380182 0.176358
v -0.275679 -0.385433 0.161296
v -0.270723 -0.389214 0.142905
v -0.256054 -0.384917 0.169961
v -0.244641 -0.388666 0.154820
v -0.272336 -0.397890 0.184813
v -0.259217 -0.358213 0.148697
v -0.247509 -0.360570 0.125647
v -0.238563 -0.397962 0.144511
v -0.262328 -0.376534 0.125200
v -0.269386 -0.370135 0.143978
v -0.267138 -0.395639 0.133943
v -0.270723 -0.389214 0.142905
v -0.255657 -0.377590 0.106256
v -0.240839 -0.356190 0.113940
v -0.233899 -0.358070 0.103097
v -0.245916 -0.327753 0.039968
v -0.242647 -0.332448 0.056409
v -0.237413 -0.322716 0.058702
v -0.238563 -0.397962 0.144511
v -0.178176 -0.360036 0.124823
v -0.178500 -0.355652 0.137014
v -0.165021 -0.372467 0.139609
v -0.224603 -0.372763 0.031921
v -0.183514 -0.374153 0.021730
v -0.188876 -0.397915 0.032293
v -0.192229 -0.374323 0.155289
v -0.193144 -0.368981 0.129400
v -0.242728 -0.397839 0.092201
v -0.238150 -0.369687 0.075378
v -0.170633 -0.397819 0.118487
v -0.196059 -0.401321 0.118371
v -0.203100 -0.394808 0.090450
v -0.221879 -0.401178 0.113899
v -0.242728 -0.397839 0.092201
v -0.196059 -0.401321 0.118371
v -0.170633 -0.397819 0.118487
v -0.163217 -0.401289 0.142935
v -0.221879 -0.401178 0.113899
v -0.261594 -0.401225 0.113108
v -0.152576 -0.369636 0.044129
v -0.166679 -0.350936 0.082426
v -0.165458 -0.369687 0.095312
v -0.199549 -0.402410 0.064607
v -0.233446 -0.402173 0.073943
v -0.170849 -0.402174 0.093464
v -0.225326 -0.402159 0.042718
v -0.188876 -0.397915 0.032293
v -0.156251 -0.402910 0.062963
v -0.166909 -0.373879 0.120050
v -0.165021 -0.372467 0.139609
v -0.163217 -0.401289 0.142935
v -0.178646 -0.339358 0.022059
v -0.156251 -0.402910 0.062963
v -0.225326 -0.402159 0.042718
v -0.221879 -0.401178 0.113899
v -0.242728 -0.397839 0.092201
v -0.238563 -0.397962 0.144511
v -0.221879 -0.401178 0.113899
v -0.196059 -0.401321 0.118371
v -0.261594 -0.401225 0.113108
v -0.211920 -0.353031 0.135350
v -0.193144 -0.368981 0.129400
v -0.225937 -0.353919 0.089795
v -0.209072 -0.360851 0.118092
v -0.224185 -0.367248 0.119297
v -0.235408 -0.373548 0.141276
v -0.206162 -0.352369 0.099496
v -0.193144 -0.368981 0.129400
v -0.227130 -0.341342 0.053495
v -0.224562 -0.348734 0.039713
v -0.238150 -0.369687 0.075378
v -0.150289 -0.331362 0.045905
v -0.165673 -0.321453 0.079840
v -0.180999 -0.353916 0.105007
v -0.165458 -0.369687 0.095312
v -0.165458 -0.369687 0.095312
v -0.170849 -0.402174 0.093464
v -0.170633 -0.397819 0.118487
v -0.180999 -0.353916 0.105007
v -0.225937 -0.353919 0.089795
v -0.233446 -0.402173 0.073943
v -0.231864 -0.336953 0.068417
v -0.214024 -0.297679 0.023162
v -0.200413 -0.276507 0.029211
v -0.162795 -0.274845 0.033550
v -0.151981 -0.288434 0.065769
v -0.224562 -0.348734 0.039713
v -0.243519 -0.337060 0.027172
v -0.214024 -0.297679 0.023162
v -0.227130 -0.341342 0.053495
v -0.231864 -0.336953 0.068417
v -0.211331 -0.290476 0.057652
v -0.214024 -0.297679 0.023162
v -0.241749 -0.314842 0.041320
v -0.211331 -0.290476 0.057652
v -0.243519 -0.337060 0.027172
v -0.200065 -0.319034 0.084103
v -0.196999 -0.303660 0.089729
v -0.165906 -0.299298 0.086731
v -0.202417 -0.333426 0.085897
v -0.225937 -0.353919 0.089795
v -0.206162 -0.352369 0.099496
v -0.180999 -0.353916 0.105007
v -0.170849 -0.402174 0.093464
v -0.233446 -0.402173 0.073943
v -0.225773 -0.193020 0.128432
v -0.219868 -0.214147 0.123806
v -0.204437 -0.241466 0.150694
v -0.205400 -0.237011 0.162094
v -0.165930 -0.173635 0.099095
v -0.145408 -0.188811 0.137746
v -0.148234 -0.211886 0.119037
v -0.209022 -0.178309 0.098005
v -0.200345 -0.202650 0.092334
v -0.223484 -0.234692 0.102995
v -0.202480 -0.269571 0.121970
v -0.202172 -0.239363 0.067996
v -0.170032 -0.202708 0.092948
v -0.205093 -0.158434 0.118697
v -0.164273 -0.154020 0.124287
v -0.213094 -0.259340 0.083127
v -0.195474 -0.285545 0.101697
v -0.163551 -0.268355 0.117638
v -0.170196 -0.238017 0.143362
v -0.151241 -0.264550 0.086878
v -0.167775 -0.236686 0.071779
v -0.163564 -0.286320 0.095854
v -0.140910 -0.232653 0.106844
v -0.204735 -0.170422 0.151953
v -0.221969 -0.196574 0.157856
v -0.172202 -0.167326 0.158846
v -0.157295 -0.185670 0.168750
v -0.224206 -0.215825 0.190544
v -0.208854 -0.188798 0.204790
v -0.171558 -0.233187 0.156171
v -0.208526 -0.245710 0.182199
v -0.168684 -0.240731 0.178327
v -0.168065 -0.181662 0.204966
v -0.151207 -0.196519 0.197460
v -0.208351 -0.274822 0.242462
v -0.232675 -0.237270 0.234153
v -0.162051 -0.271347 0.240947
v -0.134656 -0.216177 0.239987
v -0.148915 -0.268163 0.318980
v -0.152957 -0.255429 0.377705
v -0.171914 -0.285981 0.337212
v -0.135507 -0.242737 0.337551
v -0.139643 -0.224153 0.267934
v -0.135768 -0.216609 0.314480
v -0.204486 -0.289247 0.335077
v -0.205438 -0.235055 0.380713
v -0.219494 -0.229098 0.353275
v -0.183427 -0.253345 0.385329
v -0.231506 -0.251485 0.307505
v -0.223707 -0.208717 0.321557
v -0.207262 -0.193631 0.297984
v -0.229667 -0.226569 0.292545
v -0.204441 -0.200943 0.270401
v -0.229942 -0.251606 0.278265
v -0.170350 -0.289127 0.297385
v -0.165284 -0.193786 0.266250
v -0.169994 -0.189929 0.279571
v -0.202922 -0.292392 0.290714
v -0.162847 -0.186443 0.239883
v -0.207466 -0.195423 0.238852
v -0.227130 -0.341342 0.053495
v -0.242647 -0.332448 0.056409
v -0.252685 -0.351543 0.048306
v -0.245916 -0.327753 0.039968
v -0.255507 -0.352033 0.034753
v -0.254196 -0.366150 0.035122
v -0.243819 -0.362887 0.042025
v -0.232117 -0.357061 0.038070
v -0.224562 -0.348734 0.039713
v -0.243519 -0.337060 0.027172
v -0.248513 -0.347283 0.026729
v -0.247765 -0.375555 0.018667
v -0.244641 -0.388666 0.154820
v -0.245500 -0.370058 0.153872
v -0.254695 -0.370789 0.169002
v -0.262203 -0.377669 0.178314
v -0.256054 -0.384917 0.169961
v -0.274603 -0.370781 0.160322
v -0.270723 -0.389214 0.142905
v -0.275679 -0.385433 0.161296
v -0.271810 -0.376309 0.181072
v -0.267754 -0.362039 0.168455
v -0.259217 -0.358213 0.148697
v -0.276164 -0.378741 0.172169
v -0.269386 -0.370135 0.143978
v -0.189064 -0.386557 0.195498
v -0.185541 -0.381903 0.203562
v -0.187658 -0.374058 0.194400
v -0.170624 -0.374541 0.194091
v -0.172904 -0.382079 0.202476
v -0.169432 -0.387053 0.195523
v -0.193170 -0.386710 0.177792
v -0.166404 -0.387236 0.177009
v -0.168013 -0.372705 0.176708
v -0.178836 -0.364799 0.197812
v -0.179497 -0.379734 0.209060
v -0.190487 -0.372154 0.177254
v -0.178737 -0.360779 0.177234
v -0.237974 -0.367517 0.195960
v -0.238122 -0.376581 0.206571
v -0.230496 -0.357913 0.205404
v -0.233659 -0.375817 0.217176
v -0.209684 -0.381767 0.183774
v -0.211553 -0.364402 0.185036
v -0.218720 -0.367688 0.200828
v -0.236971 -0.380182 0.176358
v -0.238936 -0.379625 0.196673
v -0.224438 -0.377359 0.210458
v -0.217952 -0.381211 0.201167
v -0.224432 -0.350797 0.182986
v -0.235977 -0.364402 0.177878
v -0.180206 -0.400000 0.213116
v -0.234138 -0.399820 0.219313
v -0.272336 -0.397890 0.184813
v -0.205993 -0.188035 0.410887
v -0.168629 -0.194592 0.423999
v -0.194274 -0.105985 0.427294
v -0.205438 -0.235055 0.380713
v -0.183427 -0.253345 0.385329
v -0.223568 -0.169431 0.344889
v -0.205517 -0.101958 0.265561
v -0.201663 -0.174620 0.300072
v -0.183870 -0.123084 0.238005
v -0.207262 -0.193631 0.297984
v -0.223707 -0.208717 0.321557
v -0.222172 -0.177788 0.382174
v -0.219494 -0.229098 0.353275
v -0.221540 -0.090717 0.324781
v -0.215662 -0.095183 0.382694
# num_vertices: 3747

vt 0.761720 0.234370
vt 0.921880 0.281250
vt 0.902340 0.308590
vt 0.996090 0.160160
vt 0.996090 0.273440
vt 0.953130 0.160160
vt 0.964840 0.222660
vt 0.996090 0.160160
vt 0.996090 0.273440
vt 0.953130 0.160160
vt 0.960940 0.234370
vt 0.968750 0.957030
vt 0.937500 0.914060
vt 0.992190 0.890620
vt 0.761720 0.996090
vt 0.996090 0.996090
vt 0.996090 0.160160
vt 0.996090 0.273440
vt 0.953130 0.160160
vt 0.964840 0.222660
vt 0.761720 0.234370
vt 0.921880 0.281250
vt 0.902340 0.308590
vt 0.996090 0.160160
vt 0.996090 0.273440
vt 0.953130 0.160160
vt 0.964840 0.222660
vt 0.761720 0.234370
vt 0.921880 0.281250
vt 0.902340 0.308590
vt 0.996090 0.160160
vt 0.996090 0.273440
vt 0.953130 0.160160
vt 0.964840 0.222660
vt 0.960940 0.054690
vt 0.996090 0.019530
vt 0.761720 0.234370
vt 0.921880 0.281250
vt 0.902340 0.308590
vt 0.996090 0.160160
vt 0.996090 0.253910
vt 0.953130 0.160160
vt 0.964840 0.222660
vt 0.960940 0.054690
vt 0.996090 0.019530
vt 0.761720 0.234370
vt 0.921880 0.281250
vt 0.902340 0.308590
vt 0.996090 0.160160
vt 0.996090 0.273440
vt 0.953130 0.160160
vt 0.964840 0.222660
vt 0.960940 0.054690
vt 0.996090 0.019530
vt 0.761720 0.234370
vt 0.921880 0.281250
vt 0.902340 0.308590
vt 0.875000 0.531250
vt 0.843750 0.492190
vt 0.812500 0.550780
vt 0.625000 0.468750
vt 0.558590 0.460940
vt 0.558590 0.437500
vt 0.625000 0.406250
vt 0.625000 0.437500
vt 0.558590 0.414060
vt 0.625000 0.437500
vt 0.625000 0.468750
vt 0.562500 0.437500
vt 0.625000 0.406250
vt 0.562500 0.460940
vt 0.562500 0.414060
vt 0.625000 0.406250
vt 0.625000 0.437500
vt 0.562500 0.437500
vt 0.625000 0.468750
vt 0.562500 0.460940
vt 0.562500 0.417970
vt 0.460940 0.593750
vt 0.496090 0.593750
vt 0.472660 0.578120
vt 0.550780 0.644530
vt 0.601560 0.640620
vt 0.570310 0.636720
vt 0.492190 0.136720
vt 0.425780 0.085940
vt 0.460940 0.136720
vt 0.468750 0.613280
vt 0.500000 0.648440
vt 0.503910 0.621090
vt 0.546880 0.671870
vt 0.492190 0.664060
vt 0.503910 0.601560
vt 0.445310 0.660160
vt 0.476560 0.687500
vt 0.496090 0.566410
vt 0.460940 0.566410
vt 0.441410 0.613280
vt 0.433590 0.574220
vt 0.496090 0.578120
vt 0.453130 0.546870
vt 0.496090 0.539060
vt 0.531250 0.566410
vt 0.527340 0.582030
vt 0.523440 0.597660
vt 0.359380 0.531250
vt 0.371090 0.500000
vt 0.445310 0.480470
vt 0.546880 0.546870
vt 0.535160 0.476560
vt 0.296880 0.238280
vt 0.304690 0.230470
vt 0.281250 0.234370
vt 0.492190 0.488280
vt 0.472660 0.492190
vt 0.378910 0.460940
vt 0.359380 0.242190
vt 0.332030 0.257810
vt 0.359380 0.265620
vt 0.386720 0.242190
vt 0.398440 0.269530
vt 0.425780 0.261720
vt 0.425780 0.246090
vt 0.375000 0.199220
vt 0.359380 0.199220
vt 0.410160 0.210940
vt 0.460940 0.738280
vt 0.515630 0.718750
vt 0.414060 0.683590
vt 0.605470 0.738280
vt 0.523440 0.785160
vt 0.273440 0.511720
vt 0.343750 0.585940
vt 0.394530 0.621090
vt 0.320310 0.464840
vt 0.574220 0.621090
vt 0.582030 0.632810
vt 0.601560 0.632810
vt 0.578130 0.582030
vt 0.566410 0.597660
vt 0.585940 0.613280
vt 0.605470 0.605470
vt 0.542970 0.605470
vt 0.558590 0.609370
vt 0.554690 0.625000
vt 0.539060 0.621090
vt 0.515630 0.605470
vt 0.503910 0.601560
vt 0.531250 0.699220
vt 0.605470 0.695310
vt 0.605470 0.656250
vt 0.644530 0.656250
vt 0.644530 0.699220
vt 0.609380 0.511720
vt 0.582030 0.476560
vt 0.632810 0.617190
vt 0.597660 0.570310
vt 0.562500 0.476560
vt 0.664060 0.585940
vt 0.675780 0.531250
vt 0.792970 0.710940
vt 0.800780 0.656250
vt 0.699220 0.839840
vt 0.652340 0.839840
vt 0.738280 0.812500
vt 0.789060 0.757810
vt 0.812500 0.589840
vt 0.742190 0.527340
vt 0.578130 0.457030
vt 0.578130 0.437500
vt 0.625000 0.437500
vt 0.625000 0.468750
vt 0.578130 0.417970
vt 0.625000 0.406250
vt 0.570310 0.437500
vt 0.570310 0.414060
vt 0.648440 0.437500
vt 0.628910 0.406250
vt 0.515630 0.437500
vt 0.628910 0.468750
vt 0.570310 0.460940
vt 0.207030 0.457030
vt 0.218750 0.425780
vt 0.195310 0.421870
vt 0.164060 0.441410
vt 0.171880 0.484370
vt 0.515630 0.437500
vt 0.308590 0.308590
vt 0.320310 0.277340
vt 0.367190 0.285160
vt 0.628910 0.468750
vt 0.570310 0.460940
vt 0.628910 0.406250
vt 0.570310 0.414060
vt 0.515630 0.437500
vt 0.570310 0.437500
vt 0.570310 0.414060
vt 0.648440 0.437500
vt 0.628910 0.406250
vt 0.515630 0.437500
vt 0.628910 0.468750
vt 0.570310 0.460940
vt 0.476560 0.191410
vt 0.542970 0.222660
vt 0.574220 0.183590
vt 0.515630 0.437500
vt 0.570310 0.414060
vt 0.570310 0.437500
vt 0.570310 0.460940
vt 0.648440 0.437500
vt 0.628910 0.468750
vt 0.628910 0.406250
vt 0.515630 0.437500
vt 0.515630 0.437500
vt 0.515630 0.437500
vt 0.156250 0.695310
vt 0.238280 0.695310
vt 0.226560 0.636720
vt 0.246090 0.488280
vt 0.238280 0.511720
vt 0.226560 0.476560
vt 0.191410 0.527340
vt 0.316410 0.175780
vt 0.363280 0.191410
vt 0.253910 0.468750
vt 0.187500 0.410160
vt 0.335940 0.082030
vt 0.304690 0.636720
vt 0.281250 0.582030
vt 0.207030 0.574220
vt 0.351560 0.695310
vt 0.277340 0.445310
vt 0.312500 0.410160
vt 0.246090 0.410160
vt 0.750000 0.417970
vt 0.789060 0.410160
vt 0.703130 0.335940
vt 0.632810 0.484370
vt 0.675780 0.507810
vt 0.664060 0.445310
vt 0.738280 0.468750
vt 0.855470 0.546870
vt 0.832030 0.308590
vt 0.699220 0.261720
vt 0.679690 0.367190
vt 0.644530 0.324220
vt 0.875000 0.425780
vt 0.808590 0.375000
vt 0.410160 0.199220
vt 0.437500 0.218750
vt 0.464840 0.238280
vt 0.515630 0.257810
vt 0.488280 0.246090
vt 0.535160 0.273440
vt 0.644530 0.371090
vt 0.625000 0.355470
vt 0.593750 0.343750
vt 0.933590 0.257810
vt 0.960940 0.335940
vt 0.996090 0.265620
vt 0.949220 0.410160
vt 0.910160 0.359370
vt 0.207030 0.128910
vt 0.117190 0.074220
vt 0.121090 0.003910
vt 0.128910 0.160160
vt 0.199220 0.160160
vt 0.261720 0.003910
vt 0.273440 0.085940
vt 0.480470 0.453120
vt 0.386720 0.421870
vt 0.304690 0.441410
vt 0.996090 0.199220
vt 0.710940 0.207030
vt 0.925780 0.203120
vt 0.996090 0.519530
vt 0.996090 0.406250
vt 0.894530 0.832030
vt 0.828130 0.820310
vt 0.824220 0.835940
vt 0.976560 0.003910
vt 0.792970 0.062500
vt 0.792970 0.007810
vt 0.175780 0.300780
vt 0.292970 0.257810
vt 0.265630 0.324220
vt 0.750000 0.523440
vt 0.640630 0.480470
vt 0.679690 0.371090
vt 0.003910 0.097660
vt 0.003910 0.003910
vt 0.511720 0.382810
vt 0.511720 0.402340
vt 0.441410 0.363280
vt 0.441410 0.402340
vt 0.328130 0.347660
vt 0.367190 0.324220
vt 0.445310 0.335940
vt 0.527340 0.359370
vt 0.449220 0.289060
vt 0.496090 0.308590
vt 0.894530 0.636720
vt 0.996090 0.656250
vt 0.886720 0.671870
vt 0.882810 0.679690
vt 0.792970 0.062500
vt 0.976560 0.066410
vt 0.867190 0.726560
vt 0.851560 0.761720
vt 0.808590 0.011720
vt 0.785160 0.058590
vt 0.972660 0.007810
vt 0.976560 0.070310
vt 0.976560 0.070310
vt 0.785160 0.058590
vt 0.910160 0.492190
vt 0.902340 0.332030
vt 0.519530 0.316410
vt 0.566410 0.335940
vt 0.968750 0.003910
vt 0.855470 0.011720
vt 0.964840 0.066410
vt 0.851560 0.062500
vt 0.964840 0.066410
vt 0.851560 0.062500
vt 0.976560 0.066410
vt 0.664060 0.007810
vt 0.656250 0.042970
vt 0.656250 0.042970
vt 0.500000 0.003910
vt 0.648440 0.003910
vt 0.644530 0.042970
vt 0.644530 0.042970
vt 0.503910 0.007810
vt 0.691410 0.003910
vt 0.679690 0.050780
vt 0.769530 0.062500
vt 0.769530 0.062500
vt 0.679690 0.050780
vt 0.632810 0.039060
vt 0.621090 0.003910
vt 0.769530 0.007810
vt 0.632810 0.039060
vt 0.500000 0.003910
vt 0.804690 0.867190
vt 0.804690 0.847660
vt 0.980470 0.871090
vt 0.707030 0.847660
vt 0.148440 0.644530
vt 0.066410 0.644530
vt 0.097660 0.757810
vt 0.062500 0.773440
vt 0.003910 0.773440
vt 0.148440 0.757810
vt 0.687500 0.097660
vt 0.964840 0.003910
vt 0.996090 0.144530
vt 0.707030 0.847660
vt 0.804690 0.847660
vt 0.804690 0.867190
vt 0.800780 0.902340
vt 0.980470 0.871090
vt 0.804690 0.867190
vt 0.804690 0.847660
vt 0.980470 0.871090
vt 0.800780 0.902340
vt 0.804690 0.867190
vt 0.804690 0.847660
vt 0.980470 0.871090
vt 0.945310 0.839840
vt 0.707030 0.847660
vt 0.804690 0.867190
vt 0.804690 0.847660
vt 0.980470 0.871090
vt 0.945310 0.839840
vt 0.277340 0.703120
vt 0.128910 0.906250
vt 0.125000 0.773440
vt 0.281250 0.890620
vt 0.003910 0.906250
vt 0.003910 0.804690
vt 0.687500 0.097660
vt 0.964840 0.003910
vt 0.996090 0.144530
vt 0.148440 0.539060
vt 0.070310 0.542970
vt 0.687500 0.097660
vt 0.964840 0.003910
vt 0.996090 0.144530
vt 0.070310 0.410160
vt 0.156250 0.410160
vt 0.003910 0.542970
vt 0.687500 0.097660
vt 0.964840 0.003910
vt 0.996090 0.144530
vt 0.070310 0.296870
vt 0.167970 0.296870
vt 0.687500 0.097660
vt 0.964840 0.003910
vt 0.996090 0.144530
vt 0.070310 0.167970
vt 0.175780 0.167970
vt 0.003910 0.167970
vt 0.003910 0.296870
vt 0.687500 0.097660
vt 0.964840 0.003910
vt 0.996090 0.144530
vt 0.003910 0.996090
vt 0.261720 0.167970
vt 0.281250 0.148440
vt 0.261720 0.140620
vt 0.289060 0.167970
vt 0.281250 0.187500
vt 0.261720 0.195310
vt 0.242190 0.187500
vt 0.234380 0.167970
vt 0.242190 0.148440
vt 0.261720 0.121090
vt 0.292970 0.132810
vt 0.308590 0.167970
vt 0.292970 0.203120
vt 0.261720 0.218750
vt 0.226560 0.203120
vt 0.214840 0.167970
vt 0.230470 0.132810
vt 0.261720 0.109370
vt 0.300780 0.125000
vt 0.316410 0.167970
vt 0.300780 0.210940
vt 0.261720 0.230470
vt 0.218750 0.210940
vt 0.199220 0.167970
vt 0.222660 0.125000
vt 0.578130 0.437500
vt 0.625000 0.457030
vt 0.625000 0.417970
vt 0.628910 0.437500
vt 0.570310 0.437500
vt 0.570310 0.437500
vt 0.617190 0.437500
vt 0.628910 0.437500
vt 0.570310 0.437500
vt 0.570310 0.410160
vt 0.562500 0.437500
vt 0.625000 0.437500
vt 0.570310 0.437500
vt 0.648440 0.437500
vt 0.562500 0.437500
vt 0.640630 0.437500
vt 0.621090 0.437500
vt 0.558590 0.437500
vt 0.628910 0.468750
vt 0.628910 0.406250
vt 0.984380 0.136720
vt 0.777340 0.121090
vt 0.992190 0.136720
vt 0.773440 0.117190
vt 0.835940 0.125000
vt 0.980470 0.136720
vt 0.656250 0.082030
vt 0.640630 0.074220
vt 0.769530 0.117190
vt 0.664060 0.085940
vt 0.699220 0.101560
vt 0.996090 0.144530
vt 0.964840 0.003910
vt 0.699220 0.101560
vt 0.996090 0.144530
vt 0.964840 0.003910
vt 0.699220 0.101560
vt 0.996090 0.144530
vt 0.964840 0.003910
vt 0.699220 0.101560
vt 0.996090 0.144530
vt 0.964840 0.003910
vt 0.699220 0.101560
vt 0.996090 0.144530
vt 0.964840 0.003910
vt 0.699220 0.101560
vt 0.996090 0.144530
vt 0.964840 0.003910
vt 0.761720 0.234370
vt 0.761720 0.144530
vt 0.761720 0.234370
vt 0.761720 0.144530
vt 0.761720 0.234370
vt 0.960940 0.054690
vt 0.960940 0.160160
vt 0.761720 0.003910
vt 0.949220 0.003910
vt 0.761720 0.144530
vt 0.761720 0.144530
vt 0.761720 0.144530
vt 0.761720 0.144530
vt 0.761720 0.003910
vt 0.761720 0.144530
vt 0.761720 0.003910
vt 0.949220 0.003910
vt 0.902340 0.636720
vt 0.828130 0.609370
vt 0.828130 0.671870
vt 0.300780 0.527340
vt 0.265630 0.574220
vt 0.375000 0.570310
vt 0.332030 0.648440
vt 0.433590 0.722660
vt 0.761720 0.234370
vt 0.921880 0.281250
vt 0.902340 0.308590
vt 0.996090 0.160160
vt 0.996090 0.273440
vt 0.953130 0.160160
vt 0.964840 0.222660
vt 0.960940 0.054690
vt 0.996090 0.019530
vt 0.996090 0.160160
vt 0.996090 0.273440
vt 0.953130 0.160160
vt 0.960940 0.234370
vt 0.960940 0.054690
vt 0.996090 0.019530
vt 0.960940 0.160160
vt 0.968750 0.957030
vt 0.937500 0.914060
vt 0.992190 0.890620
vt 0.761720 0.996090
vt 0.996090 0.996090
vt 0.996090 0.160160
vt 0.996090 0.273440
vt 0.953130 0.160160
vt 0.964840 0.222660
vt 0.960940 0.054690
vt 0.996090 0.019530
vt 0.761720 0.234370
vt 0.921880 0.281250
vt 0.902340 0.308590
vt 0.996090 0.160160
vt 0.996090 0.273440
vt 0.953130 0.160160
vt 0.964840 0.222660
vt 0.960940 0.054690
vt 0.996090 0.019530
vt 0.761720 0.234370
vt 0.921880 0.281250
vt 0.902340 0.308590
vt 0.996090 0.160160
vt 0.996090 0.273440
vt 0.953130 0.160160
vt 0.964840 0.222660
vt 0.761720 0.234370
vt 0.921880 0.281250
vt 0.902340 0.308590
vt 0.996090 0.160160
vt 0.996090 0.253910
vt 0.953130 0.160160
vt 0.964840 0.222660
vt 0.761720 0.234370
vt 0.921880 0.281250
vt 0.902340 0.308590
vt 0.996090 0.160160
vt 0.996090 0.273440
vt 0.953130 0.160160
vt 0.964840 0.222660
vt 0.761720 0.234370
vt 0.921880 0.281250
vt 0.902340 0.308590
vt 0.875000 0.531250
vt 0.843750 0.492190
vt 0.812500 0.550780
vt 0.625000 0.468750
vt 0.558590 0.460940
vt 0.558590 0.437500
vt 0.625000 0.406250
vt 0.625000 0.437500
vt 0.558590 0.414060
vt 0.625000 0.437500
vt 0.625000 0.468750
vt 0.562500 0.437500
vt 0.625000 0.406250
vt 0.562500 0.460940
vt 0.562500 0.414060
vt 0.625000 0.406250
vt 0.625000 0.437500
vt 0.562500 0.437500
vt 0.625000 0.468750
vt 0.562500 0.460940
vt 0.562500 0.417970
vt 0.460940 0.593750
vt 0.496090 0.593750
vt 0.472660 0.578120
vt 0.550780 0.644530
vt 0.601560 0.640620
vt 0.570310 0.636720
vt 0.492190 0.136720
vt 0.492190 0.039060
vt 0.425780 0.085940
vt 0.460940 0.136720
vt 0.605470 0.113280
vt 0.468750 0.613280
vt 0.500000 0.648440
vt 0.503910 0.621090
vt 0.546880 0.671870
vt 0.492190 0.664060
vt 0.503910 0.601560
vt 0.445310 0.660160
vt 0.476560 0.687500
vt 0.496090 0.566410
vt 0.460940 0.566410
vt 0.441410 0.613280
vt 0.433590 0.574220
vt 0.496090 0.578120
vt 0.453130 0.546870
vt 0.496090 0.539060
vt 0.531250 0.566410
vt 0.527340 0.582030
vt 0.523440 0.597660
vt 0.359380 0.531250
vt 0.371090 0.500000
vt 0.445310 0.480470
vt 0.546880 0.546870
vt 0.535160 0.476560
vt 0.296880 0.238280
vt 0.304690 0.230470
vt 0.281250 0.234370
vt 0.492190 0.488280
vt 0.472660 0.492190
vt 0.378910 0.460940
vt 0.359380 0.242190
vt 0.332030 0.257810
vt 0.359380 0.265620
vt 0.386720 0.242190
vt 0.398440 0.269530
vt 0.425780 0.261720
vt 0.425780 0.246090
vt 0.375000 0.199220
vt 0.359380 0.199220
vt 0.410160 0.210940
vt 0.273440 0.511720
vt 0.253910 0.562500
vt 0.320310 0.464840
vt 0.574220 0.621090
vt 0.582030 0.632810
vt 0.601560 0.632810
vt 0.578130 0.582030
vt 0.566410 0.597660
vt 0.585940 0.613280
vt 0.605470 0.605470
vt 0.542970 0.605470
vt 0.558590 0.609370
vt 0.554690 0.625000
vt 0.539060 0.621090
vt 0.515630 0.605470
vt 0.503910 0.601560
vt 0.531250 0.699220
vt 0.515630 0.718750
vt 0.605470 0.695310
vt 0.605470 0.656250
vt 0.644530 0.656250
vt 0.605470 0.738280
vt 0.644530 0.699220
vt 0.609380 0.511720
vt 0.582030 0.476560
vt 0.632810 0.617190
vt 0.597660 0.570310
vt 0.562500 0.476560
vt 0.664060 0.585940
vt 0.675780 0.531250
vt 0.792970 0.710940
vt 0.800780 0.656250
vt 0.738280 0.812500
vt 0.699220 0.839840
vt 0.789060 0.757810
vt 0.812500 0.589840
vt 0.742190 0.527340
vt 0.574220 0.183590
vt 0.578130 0.457030
vt 0.578130 0.437500
vt 0.625000 0.437500
vt 0.625000 0.468750
vt 0.578130 0.417970
vt 0.625000 0.406250
vt 0.570310 0.437500
vt 0.570310 0.414060
vt 0.648440 0.437500
vt 0.628910 0.406250
vt 0.515630 0.437500
vt 0.628910 0.468750
vt 0.570310 0.460940
vt 0.207030 0.457030
vt 0.218750 0.425780
vt 0.195310 0.421870
vt 0.515630 0.437500
vt 0.308590 0.308590
vt 0.320310 0.277340
vt 0.367190 0.285160
vt 0.628910 0.468750
vt 0.570310 0.460940
vt 0.628910 0.406250
vt 0.570310 0.414060
vt 0.515630 0.437500
vt 0.570310 0.437500
vt 0.570310 0.414060
vt 0.648440 0.437500
vt 0.628910 0.406250
vt 0.515630 0.437500
vt 0.628910 0.468750
vt 0.570310 0.460940
vt 0.476560 0.191410
vt 0.542970 0.222660
vt 0.515630 0.437500
vt 0.570310 0.414060
vt 0.570310 0.437500
vt 0.570310 0.460940
vt 0.648440 0.437500
vt 0.628910 0.468750
vt 0.628910 0.406250
vt 0.515630 0.437500
vt 0.515630 0.437500
vt 0.515630 0.437500
vt 0.246090 0.488280
vt 0.238280 0.511720
vt 0.363280 0.191410
vt 0.226560 0.476560
vt 0.253910 0.468750
vt 0.304690 0.636720
vt 0.281250 0.582030
vt 0.226560 0.636720
vt 0.207030 0.574220
vt 0.156250 0.636720
vt 0.351560 0.695310
vt 0.238280 0.695310
vt 0.277340 0.445310
vt 0.312500 0.410160
vt 0.246090 0.410160
vt 0.414060 0.003910
vt 0.472660 0.019530
vt 0.449220 0.046870
vt 0.406250 0.066410
vt 0.750000 0.417970
vt 0.789060 0.410160
vt 0.703130 0.335940
vt 0.632810 0.484370
vt 0.675780 0.507810
vt 0.664060 0.445310
vt 0.738280 0.468750
vt 0.855470 0.546870
vt 0.832030 0.308590
vt 0.699220 0.261720
vt 0.679690 0.367190
vt 0.644530 0.324220
vt 0.875000 0.425780
vt 0.808590 0.375000
vt 0.410160 0.199220
vt 0.437500 0.218750
vt 0.464840 0.238280
vt 0.515630 0.257810
vt 0.488280 0.246090
vt 0.535160 0.273440
vt 0.644530 0.371090
vt 0.625000 0.355470
vt 0.593750 0.343750
vt 0.933590 0.257810
vt 0.960940 0.335940
vt 0.996090 0.265620
vt 0.949220 0.410160
vt 0.910160 0.359370
vt 0.207030 0.128910
vt 0.128910 0.160160
vt 0.117190 0.074220
vt 0.199220 0.160160
vt 0.472660 0.003910
vt 0.480470 0.453120
vt 0.347660 0.003910
vt 0.343750 0.066410
vt 0.386720 0.421870
vt 0.273440 0.085940
vt 0.304690 0.441410
vt 0.996090 0.199220
vt 0.710940 0.207030
vt 0.925780 0.203120
vt 0.726560 0.140620
vt 0.996090 0.519530
vt 0.996090 0.406250
vt 0.550780 0.402340
vt 0.566410 0.335940
vt 0.589840 0.355470
vt 0.527340 0.359370
vt 0.976560 0.003910
vt 0.792970 0.062500
vt 0.792970 0.007810
vt 0.175780 0.300780
vt 0.292970 0.257810
vt 0.265630 0.324220
vt 0.750000 0.523440
vt 0.640630 0.480470
vt 0.679690 0.371090
vt 0.003910 0.097660
vt 0.246090 0.402340
vt 0.328130 0.347660
vt 0.511720 0.382810
vt 0.328130 0.402340
vt 0.441410 0.363280
vt 0.367190 0.324220
vt 0.445310 0.335940
vt 0.449220 0.289060
vt 0.496090 0.308590
vt 0.894530 0.636720
vt 0.996090 0.656250
vt 0.886720 0.671870
vt 0.882810 0.679690
vt 0.792970 0.062500
vt 0.976560 0.066410
vt 0.867190 0.726560
vt 0.984380 0.757810
vt 0.851560 0.761720
vt 0.808590 0.011720
vt 0.785160 0.058590
vt 0.972660 0.007810
vt 0.976560 0.070310
vt 0.976560 0.070310
vt 0.785160 0.058590
vt 0.910160 0.492190
vt 0.902340 0.332030
vt 0.519530 0.316410
vt 0.968750 0.003910
vt 0.855470 0.011720
vt 0.964840 0.066410
vt 0.851560 0.062500
vt 0.964840 0.066410
vt 0.851560 0.062500
vt 0.976560 0.066410
vt 0.664060 0.007810
vt 0.656250 0.042970
vt 0.656250 0.042970
vt 0.500000 0.003910
vt 0.648440 0.003910
vt 0.644530 0.042970
vt 0.644530 0.042970
vt 0.503910 0.007810
vt 0.691410 0.003910
vt 0.679690 0.050780
vt 0.769530 0.062500
vt 0.769530 0.062500
vt 0.679690 0.050780
vt 0.632810 0.039060
vt 0.621090 0.003910
vt 0.769530 0.007810
vt 0.632810 0.039060
vt 0.500000 0.003910
vt 0.996090 0.949220
vt 0.800780 0.902340
vt 0.980470 0.871090
vt 0.804690 0.867190
vt 0.148440 0.644530
vt 0.066410 0.644530
vt 0.097660 0.757810
vt 0.062500 0.773440
vt 0.148440 0.757810
vt 0.687500 0.097660
vt 0.964840 0.003910
vt 0.996090 0.144530
vt 0.804690 0.867190
vt 0.804690 0.847660
vt 0.980470 0.871090
vt 0.800780 0.902340
vt 0.996090 0.949220
vt 0.800780 0.902340
vt 0.980470 0.871090
vt 0.804690 0.867190
vt 0.707030 0.847660
vt 0.804690 0.867190
vt 0.800780 0.902340
vt 0.980470 0.871090
vt 0.277340 0.703120
vt 0.128910 0.906250
vt 0.125000 0.773440
vt 0.281250 0.890620
vt 0.128910 0.996090
vt 0.277340 0.996090
vt 0.003910 0.906250
vt 0.003910 0.804690
vt 0.687500 0.097660
vt 0.964840 0.003910
vt 0.996090 0.144530
vt 0.148440 0.539060
vt 0.070310 0.542970
vt 0.003910 0.644530
vt 0.687500 0.097660
vt 0.964840 0.003910
vt 0.996090 0.144530
vt 0.070310 0.410160
vt 0.156250 0.410160
vt 0.687500 0.097660
vt 0.964840 0.003910
vt 0.996090 0.144530
vt 0.070310 0.296870
vt 0.167970 0.296870
vt 0.003910 0.410160
vt 0.687500 0.097660
vt 0.964840 0.003910
vt 0.996090 0.144530
vt 0.070310 0.167970
vt 0.175780 0.167970
vt 0.687500 0.097660
vt 0.964840 0.003910
vt 0.996090 0.144530
vt 0.261720 0.167970
vt 0.281250 0.148440
vt 0.261720 0.140620
vt 0.289060 0.167970
vt 0.281250 0.187500
vt 0.261720 0.195310
vt 0.242190 0.187500
vt 0.234380 0.167970
vt 0.242190 0.148440
vt 0.261720 0.121090
vt 0.292970 0.132810
vt 0.308590 0.167970
vt 0.292970 0.203120
vt 0.261720 0.218750
vt 0.226560 0.203120
vt 0.214840 0.167970
vt 0.230470 0.132810
vt 0.261720 0.109370
vt 0.300780 0.125000
vt 0.316410 0.167970
vt 0.300780 0.210940
vt 0.261720 0.230470
vt 0.218750 0.210940
vt 0.199220 0.167970
vt 0.222660 0.125000
vt 0.578130 0.437500
vt 0.625000 0.457030
vt 0.625000 0.417970
vt 0.628910 0.437500
vt 0.570310 0.437500
vt 0.570310 0.437500
vt 0.617190 0.437500
vt 0.628910 0.437500
vt 0.570310 0.437500
vt 0.570310 0.410160
vt 0.562500 0.437500
vt 0.625000 0.437500
vt 0.570310 0.437500
vt 0.648440 0.437500
vt 0.562500 0.437500
vt 0.640630 0.437500
vt 0.621090 0.437500
vt 0.558590 0.437500
vt 0.628910 0.468750
vt 0.628910 0.406250
vt 0.984380 0.136720
vt 0.777340 0.121090
vt 0.992190 0.136720
vt 0.773440 0.117190
vt 0.835940 0.125000
vt 0.980470 0.136720
vt 0.656250 0.082030
vt 0.640630 0.074220
vt 0.769530 0.117190
vt 0.664060 0.085940
vt 0.699220 0.101560
vt 0.996090 0.144530
vt 0.964840 0.003910
vt 0.699220 0.101560
vt 0.996090 0.144530
vt 0.964840 0.003910
vt 0.699220 0.101560
vt 0.996090 0.144530
vt 0.964840 0.003910
vt 0.699220 0.101560
vt 0.996090 0.144530
vt 0.964840 0.003910
vt 0.699220 0.101560
vt 0.996090 0.144530
vt 0.964840 0.003910
vt 0.699220 0.101560
vt 0.996090 0.144530
vt 0.964840 0.003910
vt 0.761720 0.003910
vt 0.949220 0.003910
vt 0.761720 0.144530
vt 0.761720 0.144530
vt 0.761720 0.234370
vt 0.761720 0.003910
vt 0.949220 0.003910
vt 0.761720 0.003910
vt 0.949220 0.003910
vt 0.761720 0.144530
vt 0.761720 0.144530
vt 0.761720 0.144530
vt 0.960940 0.054690
vt 0.761720 0.003910
vt 0.761720 0.144530
vt 0.761720 0.144530
vt 0.902340 0.636720
vt 0.828130 0.609370
vt 0.828130 0.671870
vt 0.300780 0.527340
vt 0.265630 0.574220
vt 0.375000 0.570310
vt 0.332030 0.648440
vt 0.433590 0.722660
vt 0.960940 0.054690
vt 0.960940 0.054690
vt 0.960940 0.054690
vt 0.156250 0.570310
vt 0.472660 0.019530
vt 0.449220 0.046870
vt 0.406250 0.066410
vt 0.164060 0.410160
vt 0.343750 0.066410
vt 0.910160 0.148440
vt 0.589840 0.355470
vt 0.609380 0.402340
vt 0.175780 0.402340
vt 0.945310 0.839840
vt 0.707030 0.847660
vt 0.707030 0.847660
vt 0.804690 0.867190
vt 0.945310 0.839840
vt 0.996090 0.949220
vt 0.945310 0.839840
vt 0.996090 0.949220
vt 0.980470 0.871090
vt 0.945310 0.839840
vt 0.996090 0.949220
vt 0.996090 0.949220
vt 0.949220 0.003910
vt 0.949220 0.003910
vt 0.960940 0.054690
vt 0.960940 0.054690
vt 0.187500 0.410160
vt 0.828130 0.820310
vt 0.804690 0.867190
vt 0.804690 0.867190
vt 0.980470 0.871090
vt 0.980470 0.871090
vt 0.214840 0.046870
vt 0.179690 0.140620
vt 0.183590 0.039060
vt 0.136720 0.273440
vt 0.136720 0.207030
vt 0.171880 0.207030
vt 0.210940 0.003910
vt 0.160160 0.406250
vt 0.218750 0.445310
vt 0.246090 0.378910
vt 0.105470 0.429690
vt 0.093750 0.347660
vt 0.175780 0.488280
vt 0.203130 0.347660
vt 0.058590 0.460940
vt 0.031250 0.386720
vt 0.117190 0.484370
vt 0.097660 0.097660
vt 0.042970 0.046870
vt 0.003910 0.128910
vt 0.140630 0.003910
vt 0.234380 0.105470
vt 0.273440 0.046870
vt 0.171880 0.050780
vt 0.359380 0.117190
vt 0.363280 0.054690
vt 0.355470 0.003910
vt 0.265630 0.003910
vt 0.453130 0.074220
vt 0.441410 0.003910
vt 0.281250 0.140620
vt 0.367190 0.175780
vt 0.261720 0.203120
vt 0.328130 0.203120
vt 0.265630 0.167970
vt 0.199220 0.218750
vt 0.144530 0.210940
vt 0.191410 0.191410
vt 0.281250 0.156250
vt 0.339840 0.171870
vt 0.078130 0.152340
vt 0.117190 0.167970
vt 0.542970 0.250000
vt 0.476560 0.332030
vt 0.554690 0.332030
vt 0.472660 0.273440
vt 0.367190 0.257810
vt 0.546880 0.082030
vt 0.554690 0.148440
vt 0.535160 0.390620
vt 0.566410 0.402340
vt 0.449220 0.199220
vt 0.554690 0.191410
vt 0.398440 0.328120
vt 0.070310 0.261720
vt 0.164060 0.281250
vt 0.363280 0.367190
vt 0.304690 0.343750
vt 0.269530 0.285160
vt 0.460940 0.375000
vt 0.453130 0.140620
vt 0.011720 0.250000
vt 0.996090 0.132810
vt 0.996090 0.218750
vt 0.953130 0.156250
vt 0.960940 0.234370
vt 0.960940 0.230470
vt 1.000000 0.234370
vt 0.964840 0.007810
vt 0.996090 0.128910
vt 0.996090 0.226560
vt 0.953130 0.167970
vt 0.957030 0.226560
vt 0.968750 0.957030
vt 0.996090 0.996090
vt 0.761720 0.996090
vt 0.996090 0.128910
vt 0.996090 0.226560
vt 0.953130 0.167970
vt 0.957030 0.226560
vt 0.996090 0.128910
vt 0.996090 0.226560
vt 0.953130 0.167970
vt 0.957030 0.226560
vt 0.968750 0.957030
vt 0.996090 0.996090
vt 0.761720 0.996090
vt 0.996090 0.128910
vt 0.996090 0.226560
vt 0.953130 0.167970
vt 0.957030 0.226560
vt 0.968750 0.957030
vt 0.996090 0.996090
vt 0.761720 0.996090
vt 0.960940 0.054690
vt 0.996090 0.019530
vt 0.960940 0.054690
vt 0.996090 0.019530
vt 0.652340 0.167970
vt 0.671880 0.257810
vt 0.996090 0.128910
vt 0.996090 0.226560
vt 0.953130 0.167970
vt 0.957030 0.226560
vt 0.085940 0.566410
vt 0.136720 0.593750
vt 0.066410 0.652340
vt 0.121090 0.675780
vt 0.996090 0.128910
vt 0.996090 0.226560
vt 0.953130 0.167970
vt 0.957030 0.226560
vt 0.960940 0.164060
vt 0.996090 0.128910
vt 0.957030 0.238280
vt 0.996090 0.996090
vt 0.761720 0.996090
vt 0.968750 0.957030
vt 0.738280 0.097660
vt 0.644530 0.093750
vt 0.968750 0.957030
vt 0.996090 0.996090
vt 0.761720 0.996090
vt 0.109380 0.480470
vt 0.179690 0.503910
vt 0.199220 0.824220
vt 0.140630 0.910160
vt 0.132810 0.839840
vt 0.214840 0.921870
vt 0.253910 0.863280
vt 0.324220 0.917970
vt 0.082030 0.906250
vt 0.070310 0.832030
vt 0.062500 0.734370
vt 0.175780 0.746090
vt 0.226560 0.996090
vt 0.175780 0.996090
vt 0.996090 0.128910
vt 0.996090 0.226560
vt 0.953130 0.167970
vt 0.957030 0.226560
vt 0.968750 0.957030
vt 0.996090 0.996090
vt 0.761720 0.996090
vt 0.996090 0.144530
vt 0.996090 0.242190
vt 0.953130 0.144530
vt 0.953130 0.222660
vt 0.968750 0.957030
vt 0.996090 0.996090
vt 0.906250 0.964840
vt 0.761720 0.996090
vt 0.996090 0.996090
vt 0.761720 0.996090
vt 0.968750 0.957030
vt 0.070310 0.996090
vt 0.109380 0.996090
vt 0.750000 0.179690
vt 0.671880 0.363280
vt 0.675780 0.441410
vt 0.968750 0.957030
vt 0.996090 0.996090
vt 0.761720 0.996090
vt 0.996090 0.128910
vt 0.996090 0.226560
vt 0.953130 0.167970
vt 0.957030 0.226560
vt 0.968750 0.957030
vt 0.996090 0.996090
vt 0.761720 0.996090
vt 0.968750 0.957030
vt 0.996090 0.996090
vt 0.761720 0.996090
vt 0.175780 0.601560
vt 0.210940 0.511720
vt 0.187500 0.691410
vt 0.714840 0.269530
vt 0.003910 0.902340
vt 0.636720 0.003910
vt 0.960940 0.054690
vt 0.996090 0.019530
vt 0.960940 0.054690
vt 0.996090 0.019530
vt 0.960940 0.054690
vt 0.996090 0.019530
vt 0.953130 0.222660
vt 0.996090 0.242190
vt 0.960940 0.054690
vt 0.996090 0.019530
vt 0.960940 0.164060
vt 0.996090 0.246090
vt 0.007810 0.535160
vt 0.960940 0.054690
vt 0.996090 0.019530
vt 0.960940 0.054690
vt 0.996090 0.019530
vt 0.589840 0.332030
vt 0.652340 0.328120
vt 0.667970 0.257810
vt 0.589840 0.332030
vt 0.617190 0.273440
vt 0.667970 0.257810
vt 0.734380 0.339840
vt 0.714840 0.253910
vt 0.652340 0.328120
vt 0.734380 0.339840
vt 0.714840 0.253910
vt 0.652340 0.328120
vt 0.734380 0.339840
vt 0.714840 0.253910
vt 0.652340 0.328120
vt 0.714840 0.253910
vt 0.734380 0.339840
vt 0.742190 0.386720
vt 0.648440 0.394530
vt 0.652340 0.328120
vt 0.734380 0.339840
vt 0.988280 0.917970
vt 0.996090 0.996090
vt 0.937500 0.917970
vt 0.929690 0.996090
vt 0.964840 0.832030
vt 0.714840 0.253910
vt 0.929690 0.996090
vt 0.996090 0.996090
vt 0.937500 0.917970
vt 0.988280 0.917970
vt 0.964840 0.832030
vt 0.648440 0.394530
vt 0.742190 0.386720
vt 0.988280 0.917970
vt 0.996090 0.996090
vt 0.937500 0.917970
vt 0.929690 0.996090
vt 0.964840 0.832030
vt 0.742190 0.386720
vt 0.648440 0.394530
vt 0.652340 0.328120
vt 0.734380 0.339840
vt 0.714840 0.253910
vt 0.996090 0.996090
vt 0.988280 0.917970
vt 0.929690 0.996090
vt 0.937500 0.917970
vt 0.964840 0.832030
vt 0.667970 0.398440
vt 0.742190 0.386720
vt 0.726560 0.324220
vt 0.726560 0.324220
vt 0.378910 0.382810
vt 0.433590 0.371090
vt 0.445310 0.445310
vt 0.667970 0.195310
vt 0.667970 0.257810
vt 0.617190 0.238280
vt 0.617190 0.273440
vt 0.617190 0.238280
vt 0.667970 0.195310
vt 0.667970 0.257810
vt 0.617190 0.195310
vt 0.523440 0.273440
vt 0.554690 0.273440
vt 0.554690 0.234370
vt 0.554690 0.195310
vt 0.535160 0.195310
vt 0.714840 0.195310
vt 0.632810 0.195310
vt 0.632810 0.226560
vt 0.632810 0.257810
vt 0.714840 0.253910
vt 0.539060 0.195310
vt 0.539060 0.273440
vt 0.539060 0.195310
vt 0.617190 0.195310
vt 0.539060 0.273440
vt 0.617190 0.335940
vt 0.617190 0.273440
vt 0.601560 0.273440
vt 0.609380 0.417970
vt 0.589840 0.332030
vt 0.609380 0.417970
vt 0.628910 0.226560
vt 0.628910 0.195310
vt 0.597660 0.195310
vt 0.539060 0.195310
vt 0.628910 0.257810
vt 0.714840 0.195310
vt 0.714840 0.195310
vt 0.714840 0.195310
vt 0.617190 0.273440
vt 0.617190 0.210940
vt 0.667970 0.257810
vt 0.667970 0.257810
vt 0.589840 0.371090
vt 0.578130 0.332030
vt 0.617190 0.335940
vt 0.585940 0.273440
vt 0.585940 0.261720
vt 0.566410 0.343750
vt 0.656250 0.339840
vt 0.589840 0.273440
vt 0.667970 0.257810
vt 0.667970 0.335940
vt 0.500000 0.273440
vt 0.523440 0.343750
vt 0.605470 0.253910
vt 0.589840 0.332030
vt 0.609380 0.417970
vt 0.605470 0.472660
vt 0.671880 0.472660
vt 0.671880 0.562500
vt 0.332030 0.417970
vt 0.324220 0.363280
vt 0.597660 0.546870
vt 0.636720 0.468750
vt 0.378910 0.382810
vt 0.398440 0.304690
vt 0.316410 0.308590
vt 0.636720 0.640620
vt 0.593750 0.562500
vt 0.359380 0.308590
vt 0.585940 0.507810
vt 0.593750 0.632810
vt 0.636720 0.640620
vt 0.707030 0.640620
vt 0.593750 0.640620
vt 0.617190 0.273440
vt 0.542970 0.433590
vt 0.496090 0.359370
vt 0.539060 0.273440
vt 0.714840 0.253910
vt 0.667970 0.257810
vt 0.433590 0.371090
vt 0.371090 0.476560
vt 0.402340 0.535160
vt 0.371090 0.492190
vt 0.398440 0.304690
vt 0.507810 0.523440
vt 0.484380 0.566410
vt 0.433590 0.515620
vt 0.542970 0.433590
vt 0.468750 0.453120
vt 0.433590 0.441410
vt 0.437500 0.500000
vt 0.359380 0.617190
vt 0.398440 0.531250
vt 0.324220 0.574220
vt 0.429690 0.578120
vt 0.246090 0.468750
vt 0.296880 0.531250
vt 0.289060 0.550780
vt 0.316410 0.578120
vt 0.476560 0.273440
vt 0.457030 0.386720
vt 0.582030 0.355470
vt 0.539060 0.273440
vt 0.531250 0.355470
vt 0.550780 0.429690
vt 0.609380 0.417970
vt 0.496090 0.359370
vt 0.562500 0.492190
vt 0.476560 0.273440
vt 0.410160 0.289060
vt 0.589840 0.371090
vt 0.539060 0.433590
vt 0.542970 0.433590
vt 0.617190 0.429690
vt 0.562500 0.492190
vt 0.562500 0.492190
vt 0.613280 0.429690
vt 0.761720 0.062500
vt 0.761720 0.125000
vt 0.996090 0.062500
vt 0.968750 0.062500
vt 0.761720 0.062500
vt 0.867190 0.125000
vt 0.761720 0.003910
vt 0.996090 0.003910
vt 0.761720 0.003910
vt 0.968750 0.003910
vt 0.968750 0.062500
vt 0.968750 0.003910
vt 0.761720 0.062500
vt 0.761720 0.003910
vt 0.761720 0.062500
vt 0.945310 0.062500
vt 0.761720 0.003910
vt 0.945310 0.003910
vt 0.996090 0.062500
vt 0.996090 0.003910
vt 0.996090 0.125000
vt 0.964840 0.125000
vt 0.218750 0.730470
vt 0.230470 0.765620
vt 0.175780 0.796870
vt 0.066410 0.652340
vt 0.121090 0.648440
vt 0.062500 0.542970
vt 0.156250 0.617190
vt 0.160160 0.714840
vt 0.082030 0.707030
vt 0.097660 0.648440
vt 0.113280 0.597660
vt 0.187500 0.628910
vt 0.160160 0.656250
vt 0.250000 0.707030
vt 0.234380 0.726560
vt 0.199220 0.730470
vt 0.207030 0.683590
vt 0.105470 0.722660
vt 0.007810 0.589840
vt 0.003910 0.648440
vt 0.046880 0.656250
vt 0.058590 0.609370
vt 0.011720 0.722660
vt 0.121090 0.722660
vt 0.261720 0.722660
vt 0.281250 0.765620
vt 0.203130 0.863280
vt 0.011720 0.820310
vt 0.136720 0.789060
vt 0.261720 0.843750
vt 0.160160 0.847660
vt 0.023440 0.875000
vt 0.152340 0.480470
vt 0.187500 0.542970
vt 0.312500 0.667970
vt 0.257810 0.609370
vt 0.226560 0.585940
vt 0.261720 0.632810
vt 0.105470 0.808590
vt 0.113280 0.867190
vt 0.328130 0.843750
vt 0.175780 0.894530
vt 0.363280 0.886720
vt 0.054690 0.921870
vt 0.132810 0.925780
vt 0.296880 0.906250
vt 0.761720 0.062500
vt 0.996090 0.062500
vt 0.761720 0.003910
vt 0.996090 0.003910
vt 0.761720 0.062500
vt 0.996090 0.062500
vt 0.761720 0.003910
vt 0.996090 0.003910
vt 0.996090 0.125000
vt 0.566410 0.187500
vt 0.753910 0.187500
vt 0.566410 0.089840
vt 0.753910 0.187500
vt 0.562500 0.187500
vt 0.753910 0.089840
vt 0.562500 0.089840
vt 0.753910 0.187500
vt 0.562500 0.187500
vt 0.753910 0.089840
vt 0.562500 0.089840
vt 0.566410 0.187500
vt 0.566410 0.089840
vt 0.566410 0.187500
vt 0.566410 0.089840
vt 0.753910 0.187500
vt 0.562500 0.187500
vt 0.753910 0.089840
vt 0.562500 0.089840
vt 0.558590 0.089840
vt 0.558590 0.187500
vt 0.406250 0.187500
vt 0.406250 0.089840
vt 0.406250 0.003910
vt 0.558590 0.003910
vt 0.156250 0.089840
vt 0.003910 0.125000
vt 0.156250 0.222660
vt 0.003910 0.230470
vt 0.003910 0.085940
vt 0.003910 0.300780
vt 0.285160 0.089840
vt 0.285160 0.187500
vt 0.156250 0.003910
vt 0.785160 0.062500
vt 0.523440 0.003910
vt 0.792970 0.019530
vt 0.785160 0.062500
vt 0.957030 0.000000
vt 0.996090 0.066410
vt 0.785160 0.062500
vt 0.523440 0.003910
vt 0.792970 0.019530
vt 0.996090 0.066410
vt 0.953130 0.003910
vt 0.785160 0.062500
vt 0.992190 0.062500
vt 0.847660 0.007810
vt 0.710940 0.007810
vt 0.824220 0.062500
vt 0.691410 0.039060
vt 0.957030 0.000000
vt 0.992190 0.066410
vt 0.996090 0.066410
vt 0.824220 0.062500
vt 0.691410 0.039060
vt 0.992190 0.066410
vt 0.640630 0.031250
vt 0.652340 0.007810
vt 0.761720 0.058590
vt 0.523440 0.003910
vt 0.789060 0.914060
vt 0.882810 0.941410
vt 0.792970 0.996090
vt 0.449220 0.890620
vt 0.628910 0.843750
vt 0.632810 0.914060
vt 0.429690 0.761720
vt 0.640630 0.996090
vt 0.457030 0.996090
vt 0.707030 0.847660
vt 0.804690 0.867190
vt 0.800780 0.902340
vt 0.980470 0.871090
vt 0.761720 0.875000
vt 0.945310 0.839840
vt 0.804690 0.867190
vt 0.804690 0.847660
vt 0.871090 0.867190
vt 0.804690 0.867190
vt 0.804690 0.847660
vt 0.871090 0.867190
vt 0.804690 0.867190
vt 0.804690 0.847660
vt 0.871090 0.867190
vt 0.804690 0.867190
vt 0.980470 0.871090
vt 0.800780 0.902340
vt 0.800780 0.902340
vt 0.863280 0.921870
vt 0.996090 0.949220
vt 0.980470 0.871090
vt 0.800780 0.902340
vt 0.863280 0.921870
vt 0.980470 0.871090
vt 0.707030 0.847660
vt 0.804690 0.847660
vt 0.804690 0.867190
vt 0.800780 0.902340
vt 0.707030 0.847660
vt 0.804690 0.867190
vt 0.804690 0.847660
vt 0.980470 0.871090
vt 0.945310 0.839840
vt 0.980470 0.871090
vt 0.980470 0.871090
vt 0.996090 0.949220
vt 0.804690 0.867190
vt 0.804690 0.847660
vt 0.980470 0.871090
vt 0.945310 0.839840
vt 0.996090 0.949220
vt 0.800780 0.902340
vt 0.804690 0.867190
vt 0.804690 0.847660
vt 0.980470 0.871090
vt 0.867190 0.097660
vt 0.871090 0.125000
vt 0.722660 0.070310
vt 0.859380 0.039060
vt 0.980470 0.027340
vt 0.996090 0.085940
vt 0.613280 0.027340
vt 0.621090 0.015620
vt 0.730470 0.039060
vt 0.796880 0.015620
vt 0.757810 0.066410
vt 0.847660 0.078120
vt 0.847660 0.078120
vt 0.757810 0.066410
vt 0.796880 0.015620
vt 0.917970 0.007810
vt 0.976560 0.062500
vt 0.917970 0.007810
vt 0.742190 0.109370
vt 0.835940 0.125000
vt 0.984380 0.132810
vt 0.976560 0.062500
vt 0.593750 0.031250
vt 0.847660 0.078120
vt 0.757810 0.066410
vt 0.835940 0.125000
vt 0.742190 0.109370
vt 0.796880 0.015620
vt 0.757810 0.066410
vt 0.847660 0.078120
vt 0.917970 0.007810
vt 0.917970 0.007810
vt 0.976560 0.062500
vt 0.847660 0.078120
vt 0.757810 0.066410
vt 0.796880 0.015620
vt 0.835940 0.125000
vt 0.742190 0.109370
vt 0.976560 0.062500
vt 0.984380 0.132810
vt 0.593750 0.031250
vt 0.847660 0.078120
vt 0.757810 0.066410
vt 0.835940 0.125000
vt 0.742190 0.109370
vt 0.917970 0.007810
vt 0.976560 0.062500
vt 0.847660 0.078120
vt 0.917970 0.007810
vt 0.796880 0.015620
vt 0.757810 0.066410
vt 0.796880 0.015620
vt 0.984380 0.132810
vt 0.976560 0.062500
vt 0.593750 0.031250
vt 0.796880 0.015620
vt 0.847660 0.078120
vt 0.757810 0.066410
vt 0.796880 0.015620
vt 0.917970 0.007810
vt 0.976560 0.062500
vt 0.917970 0.007810
vt 0.976560 0.062500
vt 0.984380 0.132810
vt 0.593750 0.031250
vt 0.976560 0.136720
vt 0.796880 0.121090
vt 0.980470 0.136720
vt 0.765630 0.117190
vt 0.769530 0.117190
vt 0.992190 0.140620
vt 0.671880 0.085940
vt 0.875000 0.894530
vt 0.800780 0.914060
vt 0.820310 0.972660
vt 0.773440 0.968750
vt 0.871090 0.960940
vt 0.839840 0.996090
vt 0.812500 0.750000
vt 0.882810 0.820310
vt 0.863280 0.738280
vt 0.792970 0.820310
vt 0.816410 0.664060
vt 0.796880 0.687500
vt 0.996090 0.156250
vt 0.996090 0.246090
vt 0.761720 0.199220
vt 0.203130 0.800780
vt 0.289060 0.800780
vt 0.203130 0.609370
vt 0.761720 0.144530
vt 0.761720 0.253910
vt 0.937500 0.914060
vt 0.992190 0.890620
vt 0.761720 0.144530
vt 0.761720 0.253910
vt 0.859380 0.496090
vt 0.917970 0.316410
vt 0.859380 0.316410
vt 0.917970 0.496090
vt 0.917970 0.496090
vt 0.917970 0.316410
vt 0.859380 0.496090
vt 0.859380 0.316410
vt 0.917970 0.496090
vt 0.917970 0.316410
vt 0.859380 0.496090
vt 0.859380 0.316410
vt 0.917970 0.496090
vt 0.917970 0.316410
vt 0.859380 0.496090
vt 0.859380 0.316410
vt 0.937500 0.914060
vt 0.992190 0.890620
vt 0.937500 0.914060
vt 0.992190 0.890620
vt 0.761720 0.144530
vt 0.761720 0.253910
vt 0.937500 0.914060
vt 0.992190 0.890620
vt 0.761720 0.144530
vt 0.761720 0.253910
vt 0.960940 0.054690
vt 0.761720 0.003910
vt 0.960940 0.054690
vt 0.761720 0.003910
vt 0.906250 0.746090
vt 0.816410 0.867190
vt 0.945310 0.800780
vt 0.761720 0.144530
vt 0.761720 0.253910
vt 0.371090 0.929690
vt 0.492190 0.980470
vt 0.398440 0.875000
vt 0.539060 0.898440
vt 0.699220 0.828120
vt 0.695310 0.875000
vt 0.800780 0.804690
vt 0.761720 0.195310
vt 0.960940 0.164060
vt 0.996090 0.246090
vt 0.761720 0.187500
vt 0.937500 0.914060
vt 0.992190 0.890620
vt 0.761720 0.144530
vt 0.953130 0.222660
vt 0.761720 0.234370
vt 0.937500 0.914060
vt 0.992190 0.890620
vt 0.761720 0.144530
vt 0.761720 0.253910
vt 0.964840 0.628910
vt 0.953130 0.589840
vt 0.996090 0.722660
vt 0.992190 0.890620
vt 0.937500 0.914060
vt 0.976560 0.824220
vt 0.855470 0.925780
vt 0.761720 0.144530
vt 0.761720 0.253910
vt 0.687500 0.996090
vt 0.289060 0.847660
vt 0.937500 0.914060
vt 0.761720 0.144530
vt 0.761720 0.234370
vt 0.906250 0.964840
vt 0.937500 0.914060
vt 0.992190 0.890620
vt 0.761720 0.187500
vt 0.550780 0.843750
vt 0.410160 0.800780
vt 0.316410 0.753910
vt 0.937500 0.914060
vt 0.992190 0.890620
vt 0.937500 0.914060
vt 0.992190 0.890620
vt 0.761720 0.144530
vt 0.761720 0.253910
vt 0.761720 0.144530
vt 0.761720 0.253910
vt 0.539060 0.750000
vt 0.765630 0.730470
vt 0.652340 0.750000
vt 0.960940 0.054690
vt 0.761720 0.003910
vt 0.949220 0.003910
vt 0.960940 0.054690
vt 0.761720 0.003910
vt 0.949220 0.003910
vt 0.761720 0.003910
vt 0.761720 0.003910
vt 0.761720 0.003910
vt 0.960940 0.054690
vt 0.761720 0.003910
vt 0.214840 0.046870
vt 0.179690 0.140620
vt 0.183590 0.039060
vt 0.136720 0.273440
vt 0.136720 0.207030
vt 0.171880 0.207030
vt 0.210940 0.003910
vt 0.160160 0.406250
vt 0.218750 0.445310
vt 0.246090 0.378910
vt 0.105470 0.429690
vt 0.093750 0.347660
vt 0.175780 0.488280
vt 0.203130 0.347660
vt 0.058590 0.460940
vt 0.031250 0.386720
vt 0.117190 0.484370
vt 0.097660 0.097660
vt 0.042970 0.046870
vt 0.003910 0.128910
vt 0.234380 0.105470
vt 0.273440 0.046870
vt 0.171880 0.050780
vt 0.359380 0.117190
vt 0.363280 0.054690
vt 0.281250 0.140620
vt 0.367190 0.175780
vt 0.261720 0.203120
vt 0.328130 0.203120
vt 0.265630 0.167970
vt 0.199220 0.218750
vt 0.144530 0.210940
vt 0.191410 0.191410
vt 0.281250 0.156250
vt 0.339840 0.171870
vt 0.078130 0.152340
vt 0.117190 0.167970
vt 0.542970 0.250000
vt 0.476560 0.332030
vt 0.554690 0.332030
vt 0.472660 0.273440
vt 0.367190 0.257810
vt 0.546880 0.082030
vt 0.453130 0.074220
vt 0.554690 0.148440
vt 0.535160 0.390620
vt 0.566410 0.402340
vt 0.449220 0.199220
vt 0.554690 0.191410
vt 0.398440 0.328120
vt 0.070310 0.261720
vt 0.164060 0.281250
vt 0.363280 0.367190
vt 0.304690 0.343750
vt 0.269530 0.285160
vt 0.460940 0.375000
vt 0.453130 0.140620
vt 0.011720 0.250000
vt 0.539060 0.007810
vt 0.996090 0.132810
vt 0.996090 0.218750
vt 0.953130 0.156250
vt 0.960940 0.234370
vt 0.960940 0.230470
vt 1.000000 0.234370
vt 0.964840 0.007810
vt 0.996090 0.128910
vt 0.996090 0.226560
vt 0.953130 0.167970
vt 0.957030 0.226560
vt 0.968750 0.957030
vt 0.996090 0.996090
vt 0.761720 0.996090
vt 0.996090 0.128910
vt 0.996090 0.226560
vt 0.953130 0.167970
vt 0.957030 0.226560
vt 0.996090 0.128910
vt 0.996090 0.226560
vt 0.953130 0.167970
vt 0.957030 0.226560
vt 0.968750 0.957030
vt 0.996090 0.996090
vt 0.761720 0.996090
vt 0.996090 0.128910
vt 0.996090 0.226560
vt 0.953130 0.167970
vt 0.957030 0.226560
vt 0.968750 0.957030
vt 0.996090 0.996090
vt 0.761720 0.996090
vt 0.960940 0.054690
vt 0.949220 0.003910
vt 0.996090 0.019530
vt 0.960940 0.054690
vt 0.996090 0.019530
vt 0.960940 0.054690
vt 0.996090 0.019530
vt 0.652340 0.167970
vt 0.671880 0.257810
vt 0.996090 0.128910
vt 0.996090 0.226560
vt 0.953130 0.167970
vt 0.957030 0.226560
vt 0.085940 0.566410
vt 0.136720 0.593750
vt 0.066410 0.652340
vt 0.121090 0.675780
vt 0.996090 0.128910
vt 0.996090 0.226560
vt 0.953130 0.167970
vt 0.957030 0.226560
vt 0.960940 0.164060
vt 0.996090 0.128910
vt 0.957030 0.238280
vt 0.996090 0.996090
vt 0.761720 0.996090
vt 0.968750 0.957030
vt 0.738280 0.097660
vt 0.644530 0.093750
vt 0.968750 0.957030
vt 0.996090 0.996090
vt 0.761720 0.996090
vt 0.109380 0.480470
vt 0.179690 0.503910
vt 0.199220 0.824220
vt 0.140630 0.910160
vt 0.132810 0.839840
vt 0.214840 0.921870
vt 0.253910 0.863280
vt 0.324220 0.917970
vt 0.082030 0.906250
vt 0.070310 0.832030
vt 0.062500 0.734370
vt 0.175780 0.746090
vt 0.226560 0.996090
vt 0.175780 0.996090
vt 0.996090 0.128910
vt 0.996090 0.226560
vt 0.953130 0.167970
vt 0.957030 0.226560
vt 0.968750 0.957030
vt 0.996090 0.996090
vt 0.761720 0.996090
vt 0.996090 0.144530
vt 0.996090 0.242190
vt 0.953130 0.144530
vt 0.953130 0.222660
vt 0.968750 0.957030
vt 0.996090 0.996090
vt 0.906250 0.964840
vt 0.761720 0.996090
vt 0.996090 0.996090
vt 0.761720 0.996090
vt 0.968750 0.957030
vt 0.070310 0.996090
vt 0.109380 0.996090
vt 0.750000 0.179690
vt 0.671880 0.363280
vt 0.675780 0.441410
vt 0.968750 0.957030
vt 0.996090 0.996090
vt 0.761720 0.996090
vt 0.996090 0.128910
vt 0.996090 0.226560
vt 0.953130 0.167970
vt 0.957030 0.226560
vt 0.968750 0.957030
vt 0.996090 0.996090
vt 0.761720 0.996090
vt 0.968750 0.957030
vt 0.996090 0.996090
vt 0.761720 0.996090
vt 0.175780 0.601560
vt 0.210940 0.511720
vt 0.187500 0.691410
vt 0.714840 0.269530
vt 0.960940 0.054690
vt 0.996090 0.019530
vt 0.960940 0.054690
vt 0.996090 0.019530
vt 0.960940 0.164060
vt 0.996090 0.246090
vt 0.960940 0.054690
vt 0.996090 0.019530
vt 0.953130 0.222660
vt 0.996090 0.242190
vt 0.722660 0.003910
vt 0.960940 0.054690
vt 0.996090 0.019530
vt 0.007810 0.726560
vt 0.007810 0.824220
vt 0.007810 0.640620
vt 0.589840 0.332030
vt 0.652340 0.328120
vt 0.667970 0.257810
vt 0.589840 0.332030
vt 0.617190 0.273440
vt 0.667970 0.257810
vt 0.734380 0.339840
vt 0.714840 0.253910
vt 0.652340 0.328120
vt 0.734380 0.339840
vt 0.714840 0.253910
vt 0.652340 0.328120
vt 0.734380 0.339840
vt 0.714840 0.253910
vt 0.652340 0.328120
vt 0.714840 0.253910
vt 0.734380 0.339840
vt 0.742190 0.386720
vt 0.648440 0.394530
vt 0.652340 0.328120
vt 0.734380 0.339840
vt 0.988280 0.917970
vt 0.996090 0.996090
vt 0.937500 0.917970
vt 0.929690 0.996090
vt 0.964840 0.832030
vt 0.714840 0.253910
vt 0.929690 0.996090
vt 0.996090 0.996090
vt 0.937500 0.917970
vt 0.988280 0.917970
vt 0.964840 0.832030
vt 0.648440 0.394530
vt 0.742190 0.386720
vt 0.988280 0.917970
vt 0.996090 0.996090
vt 0.937500 0.917970
vt 0.929690 0.996090
vt 0.964840 0.832030
vt 0.742190 0.386720
vt 0.648440 0.394530
vt 0.652340 0.328120
vt 0.734380 0.339840
vt 0.714840 0.253910
vt 0.996090 0.996090
vt 0.988280 0.917970
vt 0.929690 0.996090
vt 0.937500 0.917970
vt 0.964840 0.832030
vt 0.667970 0.398440
vt 0.742190 0.386720
vt 0.726560 0.324220
vt 0.726560 0.324220
vt 0.378910 0.382810
vt 0.433590 0.371090
vt 0.445310 0.445310
vt 0.667970 0.195310
vt 0.667970 0.257810
vt 0.617190 0.238280
vt 0.617190 0.273440
vt 0.617190 0.238280
vt 0.667970 0.195310
vt 0.667970 0.257810
vt 0.617190 0.195310
vt 0.523440 0.273440
vt 0.554690 0.273440
vt 0.554690 0.234370
vt 0.554690 0.195310
vt 0.535160 0.195310
vt 0.714840 0.195310
vt 0.632810 0.195310
vt 0.632810 0.226560
vt 0.632810 0.257810
vt 0.714840 0.253910
vt 0.539060 0.195310
vt 0.539060 0.273440
vt 0.539060 0.195310
vt 0.617190 0.195310
vt 0.539060 0.273440
vt 0.617190 0.335940
vt 0.617190 0.273440
vt 0.601560 0.273440
vt 0.609380 0.417970
vt 0.589840 0.332030
vt 0.609380 0.417970
vt 0.628910 0.226560
vt 0.628910 0.195310
vt 0.597660 0.195310
vt 0.539060 0.195310
vt 0.628910 0.257810
vt 0.714840 0.195310
vt 0.714840 0.195310
vt 0.714840 0.195310
vt 0.617190 0.273440
vt 0.617190 0.210940
vt 0.667970 0.257810
vt 0.667970 0.257810
vt 0.589840 0.371090
vt 0.578130 0.332030
vt 0.617190 0.335940
vt 0.585940 0.273440
vt 0.585940 0.261720
vt 0.566410 0.343750
vt 0.656250 0.339840
vt 0.589840 0.273440
vt 0.667970 0.257810
vt 0.667970 0.335940
vt 0.500000 0.273440
vt 0.523440 0.343750
vt 0.605470 0.253910
vt 0.589840 0.332030
vt 0.609380 0.417970
vt 0.605470 0.472660
vt 0.671880 0.472660
vt 0.671880 0.562500
vt 0.332030 0.417970
vt 0.324220 0.363280
vt 0.597660 0.546870
vt 0.636720 0.468750
vt 0.378910 0.382810
vt 0.398440 0.304690
vt 0.316410 0.308590
vt 0.636720 0.640620
vt 0.593750 0.562500
vt 0.359380 0.308590
vt 0.585940 0.507810
vt 0.593750 0.632810
vt 0.636720 0.640620
vt 0.707030 0.640620
vt 0.593750 0.640620
vt 0.617190 0.273440
vt 0.542970 0.433590
vt 0.496090 0.359370
vt 0.539060 0.273440
vt 0.714840 0.253910
vt 0.667970 0.257810
vt 0.433590 0.371090
vt 0.371090 0.476560
vt 0.402340 0.535160
vt 0.371090 0.492190
vt 0.398440 0.304690
vt 0.507810 0.523440
vt 0.484380 0.566410
vt 0.433590 0.515620
vt 0.542970 0.433590
vt 0.468750 0.453120
vt 0.433590 0.441410
vt 0.437500 0.500000
vt 0.359380 0.617190
vt 0.398440 0.531250
vt 0.324220 0.574220
vt 0.429690 0.578120
vt 0.246090 0.468750
vt 0.296880 0.531250
vt 0.289060 0.550780
vt 0.316410 0.578120
vt 0.476560 0.273440
vt 0.457030 0.386720
vt 0.582030 0.355470
vt 0.539060 0.273440
vt 0.531250 0.355470
vt 0.550780 0.429690
vt 0.609380 0.417970
vt 0.496090 0.359370
vt 0.562500 0.492190
vt 0.476560 0.273440
vt 0.410160 0.289060
vt 0.589840 0.371090
vt 0.539060 0.433590
vt 0.542970 0.433590
vt 0.617190 0.429690
vt 0.562500 0.492190
vt 0.562500 0.492190
vt 0.613280 0.429690
vt 0.761720 0.062500
vt 0.761720 0.125000
vt 0.820310 0.125000
vt 0.867190 0.125000
vt 0.968750 0.125000
vt 0.968750 0.062500
vt 0.996090 0.062500
vt 0.945310 0.062500
vt 0.945310 0.125000
vt 0.761720 0.062500
vt 0.761720 0.062500
vt 0.996090 0.062500
vt 0.761720 0.003910
vt 0.996090 0.003910
vt 0.761720 0.003910
vt 0.761720 0.062500
vt 0.968750 0.003910
vt 0.968750 0.062500
vt 0.968750 0.003910
vt 0.761720 0.003910
vt 0.761720 0.003910
vt 0.945310 0.003910
vt 0.996090 0.062500
vt 0.996090 0.003910
vt 0.566410 0.003910
vt 0.753910 0.003910
vt 0.566410 0.187500
vt 0.753910 0.187500
vt 0.968750 0.125000
vt 0.996090 0.062500
vt 0.835940 0.125000
vt 0.835940 0.003910
vt 0.761720 0.125000
vt 0.968750 0.125000
vt 0.859380 0.125000
vt 0.859380 0.003910
vt 0.761720 0.125000
vt 0.761720 0.125000
vt 0.859380 0.003910
vt 0.941410 0.003910
vt 0.941410 0.125000
vt 0.996090 0.125000
vt 0.218750 0.730470
vt 0.230470 0.765620
vt 0.175780 0.796870
vt 0.066410 0.652340
vt 0.121090 0.648440
vt 0.062500 0.542970
vt 0.156250 0.617190
vt 0.160160 0.714840
vt 0.082030 0.707030
vt 0.097660 0.648440
vt 0.113280 0.597660
vt 0.187500 0.628910
vt 0.160160 0.656250
vt 0.250000 0.707030
vt 0.234380 0.726560
vt 0.199220 0.730470
vt 0.207030 0.683590
vt 0.105470 0.722660
vt 0.007810 0.589840
vt 0.003910 0.648440
vt 0.046880 0.656250
vt 0.058590 0.609370
vt 0.011720 0.722660
vt 0.121090 0.722660
vt 0.261720 0.722660
vt 0.281250 0.765620
vt 0.203130 0.863280
vt 0.011720 0.820310
vt 0.136720 0.789060
vt 0.261720 0.843750
vt 0.160160 0.847660
vt 0.023440 0.875000
vt 0.152340 0.480470
vt 0.187500 0.542970
vt 0.312500 0.667970
vt 0.257810 0.609370
vt 0.226560 0.585940
vt 0.261720 0.632810
vt 0.105470 0.808590
vt 0.113280 0.867190
vt 0.328130 0.843750
vt 0.175780 0.894530
vt 0.363280 0.886720
vt 0.054690 0.921870
vt 0.132810 0.925780
vt 0.296880 0.906250
vt 0.761720 0.062500
vt 0.996090 0.062500
vt 0.761720 0.003910
vt 0.996090 0.003910
vt 0.761720 0.062500
vt 0.996090 0.062500
vt 0.761720 0.003910
vt 0.996090 0.003910
vt 0.753910 0.187500
vt 0.566410 0.187500
vt 0.753910 0.003910
vt 0.566410 0.003910
vt 0.761720 0.125000
vt 0.996090 0.125000
vt 0.566410 0.187500
vt 0.566410 0.089840
vt 0.753910 0.187500
vt 0.562500 0.187500
vt 0.753910 0.089840
vt 0.562500 0.089840
vt 0.753910 0.187500
vt 0.562500 0.187500
vt 0.753910 0.089840
vt 0.562500 0.089840
vt 0.566410 0.187500
vt 0.566410 0.089840
vt 0.566410 0.187500
vt 0.566410 0.089840
vt 0.753910 0.187500
vt 0.562500 0.187500
vt 0.753910 0.089840
vt 0.562500 0.089840
vt 0.558590 0.089840
vt 0.558590 0.187500
vt 0.406250 0.187500
vt 0.406250 0.089840
vt 0.753910 0.003910
vt 0.562500 0.003910
vt 0.566410 0.003910
vt 0.753910 0.003910
vt 0.562500 0.003910
vt 0.566410 0.003910
vt 0.566410 0.003910
vt 0.753910 0.003910
vt 0.562500 0.003910
vt 0.156250 0.089840
vt 0.003910 0.125000
vt 0.156250 0.222660
vt 0.003910 0.230470
vt 0.003910 0.085940
vt 0.003910 0.300780
vt 0.285160 0.089840
vt 0.285160 0.187500
vt 0.003910 0.003910
vt 0.285160 0.003910
vt 0.722660 0.070310
vt 0.773440 0.105470
vt 0.785160 0.121090
vt 0.527340 0.003910
vt 0.621090 0.003910
vt 0.621090 0.015620
vt 0.859380 0.039060
vt 0.859380 0.003910
vt 0.980470 0.027340
vt 0.730470 0.039060
vt 0.750000 0.003910
vt 0.785160 0.062500
vt 0.523440 0.003910
vt 0.792970 0.019530
vt 0.785160 0.062500
vt 0.957030 0.000000
vt 0.996090 0.066410
vt 0.785160 0.062500
vt 0.523440 0.003910
vt 0.792970 0.019530
vt 0.996090 0.066410
vt 0.953130 0.003910
vt 0.785160 0.062500
vt 0.992190 0.062500
vt 0.847660 0.007810
vt 0.710940 0.007810
vt 0.824220 0.062500
vt 0.691410 0.039060
vt 0.957030 0.000000
vt 0.992190 0.066410
vt 0.996090 0.066410
vt 0.824220 0.062500
vt 0.691410 0.039060
vt 0.992190 0.066410
vt 0.640630 0.031250
vt 0.652340 0.007810
vt 0.761720 0.058590
vt 0.769530 0.019530
vt 0.515630 0.003910
vt 0.640630 0.031250
vt 0.652340 0.007810
vt 0.761720 0.058590
vt 0.769530 0.019530
vt 0.992190 0.058590
vt 0.921880 0.000000
vt 0.992190 0.058590
vt 0.921880 0.000000
vt 0.761720 0.058590
vt 0.769530 0.019530
vt 0.992190 0.058590
vt 0.523440 0.003910
vt 0.515630 0.003910
vt 0.449220 0.890620
vt 0.628910 0.843750
vt 0.632810 0.914060
vt 0.429690 0.761720
vt 0.789060 0.914060
vt 0.980470 0.871090
vt 0.996090 0.949220
vt 0.761720 0.875000
vt 0.980470 0.871090
vt 0.761720 0.875000
vt 0.945310 0.839840
vt 0.996090 0.949220
vt 0.980470 0.871090
vt 0.761720 0.875000
vt 0.945310 0.839840
vt 0.996090 0.949220
vt 0.804690 0.867190
vt 0.804690 0.847660
vt 0.980470 0.871090
vt 0.945310 0.839840
vt 0.871090 0.867190
vt 0.875000 0.843750
vt 0.980470 0.871090
vt 0.800780 0.902340
vt 0.804690 0.867190
vt 0.863280 0.921870
vt 0.871090 0.867190
vt 0.875000 0.843750
vt 0.980470 0.871090
vt 0.945310 0.839840
vt 0.871090 0.867190
vt 0.875000 0.843750
vt 0.980470 0.871090
vt 0.707030 0.847660
vt 0.996090 0.949220
vt 0.800780 0.902340
vt 0.980470 0.871090
vt 0.804690 0.867190
vt 0.707030 0.847660
vt 0.707030 0.847660
vt 0.804690 0.867190
vt 0.800780 0.902340
vt 0.707030 0.847660
vt 0.804690 0.867190
vt 0.804690 0.847660
vt 0.980470 0.871090
vt 0.804690 0.867190
vt 0.804690 0.847660
vt 0.980470 0.871090
vt 0.996090 0.949220
vt 0.800780 0.902340
vt 0.980470 0.871090
vt 0.648440 0.070310
vt 0.593750 0.042970
vt 0.613280 0.027340
vt 0.703130 0.093750
vt 0.800780 0.105470
vt 0.867190 0.097660
vt 0.996090 0.085940
vt 0.796880 0.015620
vt 0.757810 0.066410
vt 0.847660 0.078120
vt 0.847660 0.078120
vt 0.757810 0.066410
vt 0.796880 0.015620
vt 0.917970 0.007810
vt 0.976560 0.062500
vt 0.917970 0.007810
vt 0.742190 0.109370
vt 0.835940 0.125000
vt 0.984380 0.132810
vt 0.976560 0.062500
vt 0.593750 0.031250
vt 0.847660 0.078120
vt 0.757810 0.066410
vt 0.835940 0.125000
vt 0.742190 0.109370
vt 0.796880 0.015620
vt 0.757810 0.066410
vt 0.847660 0.078120
vt 0.917970 0.007810
vt 0.917970 0.007810
vt 0.976560 0.062500
vt 0.847660 0.078120
vt 0.757810 0.066410
vt 0.796880 0.015620
vt 0.835940 0.125000
vt 0.742190 0.109370
vt 0.976560 0.062500
vt 0.984380 0.132810
vt 0.593750 0.031250
vt 0.847660 0.078120
vt 0.757810 0.066410
vt 0.835940 0.125000
vt 0.742190 0.109370
vt 0.917970 0.007810
vt 0.976560 0.062500
vt 0.847660 0.078120
vt 0.917970 0.007810
vt 0.796880 0.015620
vt 0.757810 0.066410
vt 0.796880 0.015620
vt 0.984380 0.132810
vt 0.976560 0.062500
vt 0.593750 0.031250
vt 0.796880 0.015620
vt 0.847660 0.078120
vt 0.757810 0.066410
vt 0.796880 0.015620
vt 0.917970 0.007810
vt 0.976560 0.062500
vt 0.917970 0.007810
vt 0.976560 0.062500
vt 0.984380 0.132810
vt 0.593750 0.031250
vt 0.976560 0.136720
vt 0.796880 0.121090
vt 0.980470 0.136720
vt 0.765630 0.117190
vt 0.769530 0.117190
vt 0.992190 0.140620
vt 0.671880 0.085940
vt 0.773440 0.117190
vt 0.636720 0.078120
vt 0.773440 0.117190
vt 0.640630 0.074220
vt 0.964840 0.140620
vt 0.765630 0.117190
vt 0.636720 0.070310
vt 0.640630 0.031250
vt 0.964840 0.140620
vt 0.515630 0.003910
vt 0.875000 0.894530
vt 0.800780 0.914060
vt 0.820310 0.972660
vt 0.773440 0.968750
vt 0.871090 0.960940
vt 0.839840 0.996090
vt 0.812500 0.750000
vt 0.882810 0.820310
vt 0.863280 0.738280
vt 0.792970 0.820310
vt 0.816410 0.664060
vt 0.796880 0.687500
vt 0.289060 0.789060
vt 0.289060 0.609370
vt 0.210940 0.613280
vt 0.207030 0.789060
vt 0.996090 0.156250
vt 0.996090 0.246090
vt 0.761720 0.199220
vt 0.203130 0.800780
vt 0.289060 0.800780
vt 0.203130 0.609370
vt 0.761720 0.003910
vt 0.996090 0.003910
vt 0.761720 0.144530
vt 0.761720 0.253910
vt 0.937500 0.914060
vt 0.992190 0.890620
vt 0.761720 0.144530
vt 0.761720 0.253910
vt 0.859380 0.496090
vt 0.917970 0.316410
vt 0.859380 0.316410
vt 0.917970 0.496090
vt 0.917970 0.496090
vt 0.917970 0.316410
vt 0.859380 0.496090
vt 0.859380 0.316410
vt 0.917970 0.496090
vt 0.917970 0.316410
vt 0.859380 0.496090
vt 0.859380 0.316410
vt 0.917970 0.496090
vt 0.917970 0.316410
vt 0.859380 0.496090
vt 0.859380 0.316410
vt 0.937500 0.914060
vt 0.992190 0.890620
vt 0.937500 0.914060
vt 0.992190 0.890620
vt 0.761720 0.144530
vt 0.761720 0.253910
vt 0.937500 0.914060
vt 0.992190 0.890620
vt 0.761720 0.144530
vt 0.761720 0.253910
vt 0.960940 0.054690
vt 0.761720 0.003910
vt 0.949220 0.003910
vt 0.960940 0.054690
vt 0.761720 0.003910
vt 0.949220 0.003910
vt 0.996090 0.496090
vt 0.996090 0.316410
vt 0.996090 0.496090
vt 0.996090 0.316410
vt 0.996090 0.496090
vt 0.996090 0.316410
vt 0.906250 0.746090
vt 0.816410 0.867190
vt 0.945310 0.800780
vt 0.761720 0.144530
vt 0.761720 0.253910
vt 0.371090 0.929690
vt 0.492190 0.980470
vt 0.398440 0.875000
vt 0.539060 0.898440
vt 0.699220 0.828120
vt 0.695310 0.875000
vt 0.800780 0.804690
vt 0.761720 0.195310
vt 0.761720 0.187500
vt 0.937500 0.914060
vt 0.992190 0.890620
vt 0.761720 0.144530
vt 0.761720 0.234370
vt 0.937500 0.914060
vt 0.992190 0.890620
vt 0.761720 0.144530
vt 0.761720 0.253910
vt 0.964840 0.628910
vt 0.953130 0.589840
vt 0.996090 0.722660
vt 0.992190 0.890620
vt 0.937500 0.914060
vt 0.976560 0.824220
vt 0.855470 0.925780
vt 0.761720 0.144530
vt 0.761720 0.253910
vt 0.687500 0.996090
vt 0.289060 0.847660
vt 0.937500 0.914060
vt 0.761720 0.144530
vt 0.761720 0.234370
vt 0.906250 0.964840
vt 0.937500 0.914060
vt 0.992190 0.890620
vt 0.960940 0.164060
vt 0.996090 0.246090
vt 0.761720 0.187500
vt 0.550780 0.843750
vt 0.410160 0.800780
vt 0.316410 0.753910
vt 0.937500 0.914060
vt 0.992190 0.890620
vt 0.937500 0.914060
vt 0.992190 0.890620
vt 0.761720 0.144530
vt 0.761720 0.253910
vt 0.761720 0.144530
vt 0.761720 0.253910
vt 0.539060 0.750000
vt 0.765630 0.730470
vt 0.652340 0.750000
vt 0.761720 0.003910
vt 0.949220 0.003910
vt 0.960940 0.054690
vt 0.761720 0.003910
vt 0.761720 0.003910
vt 0.960940 0.054690
vt 0.953130 0.222660
vt 0.761720 0.003910
vt 0.761720 0.234370
vt 0.949220 0.003910
vt 0.960940 0.054690
vt 0.761720 0.003910
vt 0.261720 0.214840
vt 0.214840 0.296870
vt 0.378910 0.285160
vt 0.378910 0.203120
vt 0.960940 0.054690
vt 0.996090 0.242190
vt 0.007810 0.460940
vt 0.960940 0.054690
vt 0.003910 0.996090
vt 0.761720 0.125000
vt 0.761720 0.125000
vt 0.925780 0.125000
vt 0.996090 0.062500
vt 0.566410 0.187500
vt 0.753910 0.187500
vt 0.996090 0.062500
vt 0.835940 0.003910
vt 0.859380 0.003910
vt 0.968750 0.125000
vt 0.859380 0.003910
vt 0.859380 0.125000
vt 0.941410 0.003910
vt 0.996090 0.125000
vt 0.761720 0.125000
vt 0.566410 0.187500
vt 0.953130 0.003910
vt 0.640630 0.031250
vt 0.761720 0.058590
vt 0.640630 0.031250
vt 0.761720 0.058590
vt 0.992190 0.058590
vt 0.992190 0.058590
vt 0.992190 0.058590
vt 0.921880 0.000000
vt 0.886720 0.996090
vt 0.996090 0.996090
vt 0.980470 0.871090
vt 0.945310 0.839840
vt 0.980470 0.871090
vt 0.996090 0.949220
vt 0.980470 0.871090
vt 0.996090 0.949220
vt 0.980470 0.871090
vt 0.945310 0.839840
vt 0.996090 0.949220
vt 0.945310 0.839840
vt 0.996090 0.949220
vt 0.707030 0.847660
vt 0.707030 0.847660
vt 0.945310 0.839840
vt 0.996090 0.949220
vt 0.804690 0.867190
vt 0.980470 0.871090
vt 0.945310 0.839840
vt 0.707030 0.847660
vt 0.945310 0.839840
vt 0.945310 0.839840
vt 0.996090 0.949220
vt 0.996090 0.132810
vt 0.964840 0.140620
vt 0.210940 0.613280
vt 0.207030 0.789060
vt 0.289060 0.609370
vt 0.203130 0.800780
vt 0.203130 0.609370
vt 0.289060 0.609370
vt 0.949220 0.003910
vt 0.996090 0.316410
vt 0.996090 0.496090
vt 0.949220 0.003910
vt 0.949220 0.003910
vt 0.949220 0.003910
vt 0.949220 0.003910
vt 0.949220 0.003910
vt 0.949220 0.003910
vt 0.761720 0.234370
vt 0.949220 0.003910
vt 0.261720 0.214840
vt 0.214840 0.296870
vt 0.960940 0.054690
vt 0.996090 0.242190
vt 0.960940 0.054690
vt 0.960940 0.054690
vt 0.996090 0.125000
vt 0.882810 0.941410
vt 0.980470 0.871090
vt 0.804690 0.867190
vt 0.804690 0.867190
vt 0.804690 0.867190
vt 0.804690 0.867190
vt 0.980470 0.871090
vt 0.980470 0.871090
vt 0.203130 0.800780
vt 0.203130 0.609370
vt 0.183590 0.265620
vt 0.269530 0.199220
vt 0.281250 0.152340
vt 0.285160 0.105470
vt 0.125000 0.070310
vt 0.128910 0.199220
vt 0.109380 0.140620
vt 0.082030 0.074220
vt 0.054690 0.089840
vt 0.066410 0.082030
vt 0.074220 0.156250
vt 0.089840 0.148440
vt 0.093750 0.214840
vt 0.113280 0.207030
vt 0.281250 0.292970
vt 0.238280 0.273440
vt 0.164060 0.070310
vt 0.050780 0.003910
vt 0.566410 0.351560
vt 0.433590 0.429690
vt 0.414060 0.375000
vt 0.492190 0.292970
vt 0.449220 0.226560
vt 0.605470 0.156250
vt 0.644530 0.187500
vt 0.707030 0.222660
vt 0.687500 0.335940
vt 0.785160 0.242190
vt 0.894530 0.269530
vt 0.675780 0.539060
vt 0.835940 0.457030
vt 0.964840 0.257810
vt 0.964840 0.507810
vt 0.964840 0.859370
vt 0.847660 0.667970
vt 0.906250 0.269530
vt 0.964840 0.257810
vt 0.964840 0.429690
vt 0.785160 0.242190
vt 0.835940 0.265620
vt 0.718750 0.441410
vt 0.855470 0.453120
vt 0.597660 0.417970
vt 0.675780 0.539060
vt 0.785160 0.621090
vt 0.359380 0.347660
vt 0.964840 0.636720
vt 0.773440 0.101560
vt 0.503910 0.515620
vt 0.917970 0.097660
vt 0.886720 0.726560
vt 0.917970 0.097660
vt 0.562500 0.515620
vt 0.476560 0.531250
vt 0.964840 0.859370
vt 0.414060 0.203120
vt 0.449220 0.195310
vt 0.414060 0.183590
vt 0.355470 0.332030
vt 0.324220 0.375000
vt 0.343750 0.332030
vt 0.382810 0.218750
vt 0.398440 0.226560
vt 0.390630 0.152340
vt 0.421880 0.160160
vt 0.386720 0.179690
vt 0.453130 0.160160
vt 0.761720 0.082030
vt 0.601560 0.140620
vt 0.593750 0.117190
vt 0.917970 0.007810
vt 0.878910 0.089840
vt 0.773440 0.230470
vt 0.398440 0.605470
vt 0.488280 0.500000
vt 0.343750 0.437500
vt 0.441410 0.441410
vt 0.671880 0.320310
vt 0.578130 0.359370
vt 0.714840 0.230470
vt 0.941410 0.089840
vt 0.878910 0.089840
vt 0.980470 0.253910
vt 0.769530 0.226560
vt 0.398440 0.605470
vt 0.464840 0.527340
vt 0.980470 0.945310
vt 0.980470 0.863280
vt 0.582030 0.406250
vt 0.980470 0.507810
vt 0.980470 0.636720
vt 0.980470 0.429690
vt 0.996090 0.636720
vt 0.996090 0.429690
vt 0.980470 0.253910
vt 0.941410 0.089840
vt 0.996090 0.246090
vt 0.972660 0.078120
vt 0.980470 0.949220
vt 0.980470 0.863280
vt 0.996090 0.863280
vt 0.128910 0.281250
vt 0.792970 0.109370
vt 0.828130 0.031250
vt 0.746090 0.058590
vt 0.589840 0.097660
vt 0.484380 0.117190
vt 0.429690 0.109370
vt 0.382810 0.093750
vt 0.296880 0.042970
vt 0.753910 0.714840
vt 0.687500 0.781250
vt 0.714840 0.707030
vt 0.695310 0.933590
vt 0.683590 0.824220
vt 0.683590 0.867190
vt 0.445310 0.031250
vt 0.445310 0.062500
vt 0.539060 0.050780
vt 0.539060 0.070310
vt 0.445310 0.082030
vt 0.542970 0.093750
vt 0.441410 0.097660
vt 0.648440 0.046870
vt 0.652340 0.066410
vt 0.644530 0.031250
vt 0.671880 0.699220
vt 0.542970 0.789060
vt 0.507810 0.824220
vt 0.542970 0.816410
vt 0.644530 0.605470
vt 0.617190 0.640620
vt 0.632810 0.648440
vt 0.605470 0.628910
vt 0.574220 0.781250
vt 0.593750 0.921870
vt 0.578130 0.859370
vt 0.542970 0.921870
vt 0.542970 0.843750
vt 0.480470 0.925780
vt 0.507810 0.863280
vt 0.371090 0.914060
vt 0.371090 0.945310
vt 0.203130 0.996090
vt 0.578130 0.820310
vt 0.351560 0.894530
vt 0.191410 0.968750
vt 0.558590 0.757810
vt 0.121090 0.996090
vt 0.746090 0.027340
vt 0.320310 0.035160
vt 0.453130 0.003910
vt 0.410160 0.644530
vt 0.554690 0.597660
vt 0.535160 0.554690
vt 0.457030 0.695310
vt 0.496090 0.781250
vt 0.324220 0.828120
vt 0.343750 0.871090
vt 0.277340 0.796870
vt 0.339840 0.636720
vt 0.113280 0.746090
vt 0.222660 0.773440
vt 0.296880 0.445310
vt 0.160160 0.523440
vt 0.042970 0.730470
vt 0.042970 0.453120
vt 0.152340 0.324220
vt 0.046880 0.179690
vt 0.105470 0.726560
vt 0.042970 0.558590
vt 0.042970 0.738280
vt 0.250000 0.753910
vt 0.261720 0.554690
vt 0.183590 0.726560
vt 0.144530 0.550780
vt 0.394530 0.574220
vt 0.300780 0.441410
vt 0.210940 0.378910
vt 0.042970 0.371090
vt 0.183590 0.937500
vt 0.515630 0.441410
vt 0.082030 0.917970
vt 0.097660 0.257810
vt 0.085940 0.917970
vt 0.421880 0.445310
vt 0.523440 0.437500
vt 0.042970 0.121090
vt 0.152340 0.925780
vt 0.097660 0.917970
vt 0.261720 0.781250
vt 0.250000 0.769530
vt 0.644530 0.542970
vt 0.527340 0.539060
vt 0.523440 0.523440
vt 0.394530 0.632810
vt 0.382810 0.625000
vt 0.058590 0.917970
vt 0.093750 0.996090
vt 0.031250 0.925780
vt 0.023440 0.730470
vt 0.003910 0.730470
vt 0.035160 0.039060
vt 0.023440 0.183590
vt 0.003910 0.183590
vt 0.023440 0.453120
vt 0.003910 0.453120
vt 0.062500 0.921870
vt 0.093750 0.992190
vt 0.023440 0.738280
vt 0.031250 0.929690
vt 0.003910 0.742190
vt 0.035160 0.039060
vt 0.023440 0.121090
vt 0.003910 0.121090
vt 0.023440 0.371090
vt 0.003910 0.371090
vt 0.023440 0.558590
vt 0.003910 0.558590
vt 0.183590 0.265620
vt 0.269530 0.199220
vt 0.281250 0.152340
vt 0.285160 0.105470
vt 0.125000 0.070310
vt 0.128910 0.199220
vt 0.109380 0.140620
vt 0.082030 0.074220
vt 0.054690 0.089840
vt 0.066410 0.082030
vt 0.074220 0.156250
vt 0.089840 0.148440
vt 0.093750 0.214840
vt 0.113280 0.207030
vt 0.281250 0.292970
vt 0.238280 0.273440
vt 0.164060 0.070310
vt 0.050780 0.003910
vt 0.566410 0.351560
vt 0.433590 0.429690
vt 0.414060 0.375000
vt 0.492190 0.292970
vt 0.449220 0.226560
vt 0.605470 0.156250
vt 0.644530 0.187500
vt 0.707030 0.222660
vt 0.687500 0.335940
vt 0.785160 0.242190
vt 0.894530 0.269530
vt 0.675780 0.539060
vt 0.835940 0.457030
vt 0.964840 0.257810
vt 0.964840 0.507810
vt 0.964840 0.859370
vt 0.847660 0.667970
vt 0.906250 0.269530
vt 0.964840 0.257810
vt 0.964840 0.429690
vt 0.785160 0.242190
vt 0.835940 0.265620
vt 0.718750 0.441410
vt 0.855470 0.453120
vt 0.597660 0.417970
vt 0.675780 0.539060
vt 0.785160 0.621090
vt 0.359380 0.347660
vt 0.964840 0.636720
vt 0.773440 0.101560
vt 0.503910 0.515620
vt 0.917970 0.097660
vt 0.886720 0.726560
vt 0.917970 0.097660
vt 0.562500 0.515620
vt 0.476560 0.531250
vt 0.964840 0.859370
vt 0.414060 0.203120
vt 0.449220 0.195310
vt 0.414060 0.183590
vt 0.355470 0.332030
vt 0.324220 0.375000
vt 0.343750 0.332030
vt 0.382810 0.218750
vt 0.398440 0.226560
vt 0.390630 0.152340
vt 0.421880 0.160160
vt 0.386720 0.179690
vt 0.453130 0.160160
vt 0.761720 0.082030
vt 0.601560 0.140620
vt 0.593750 0.117190
vt 0.917970 0.007810
vt 0.878910 0.089840
vt 0.773440 0.230470
vt 0.398440 0.605470
vt 0.488280 0.500000
vt 0.343750 0.437500
vt 0.441410 0.441410
vt 0.671880 0.320310
vt 0.578130 0.359370
vt 0.714840 0.230470
vt 0.941410 0.089840
vt 0.878910 0.089840
vt 0.980470 0.253910
vt 0.769530 0.226560
vt 0.398440 0.605470
vt 0.464840 0.527340
vt 0.980470 0.945310
vt 0.980470 0.863280
vt 0.582030 0.406250
vt 0.980470 0.507810
vt 0.980470 0.636720
vt 0.980470 0.429690
vt 0.996090 0.636720
vt 0.996090 0.429690
vt 0.980470 0.253910
vt 0.941410 0.089840
vt 0.996090 0.246090
vt 0.972660 0.078120
vt 0.980470 0.949220
vt 0.980470 0.863280
vt 0.996090 0.863280
vt 0.128910 0.281250
vt 0.792970 0.109370
vt 0.828130 0.031250
vt 0.746090 0.058590
vt 0.589840 0.097660
vt 0.484380 0.117190
vt 0.429690 0.109370
vt 0.382810 0.093750
vt 0.296880 0.042970
vt 0.753910 0.714840
vt 0.687500 0.781250
vt 0.714840 0.707030
vt 0.695310 0.933590
vt 0.683590 0.824220
vt 0.683590 0.867190
vt 0.445310 0.031250
vt 0.445310 0.062500
vt 0.539060 0.050780
vt 0.539060 0.070310
vt 0.445310 0.082030
vt 0.542970 0.093750
vt 0.441410 0.097660
vt 0.648440 0.046870
vt 0.652340 0.066410
vt 0.644530 0.031250
vt 0.671880 0.699220
vt 0.542970 0.789060
vt 0.507810 0.824220
vt 0.542970 0.816410
vt 0.644530 0.605470
vt 0.617190 0.640620
vt 0.632810 0.648440
vt 0.605470 0.628910
vt 0.574220 0.781250
vt 0.593750 0.921870
vt 0.578130 0.859370
vt 0.542970 0.921870
vt 0.542970 0.843750
vt 0.480470 0.925780
vt 0.507810 0.863280
vt 0.371090 0.914060
vt 0.371090 0.945310
vt 0.203130 0.996090
vt 0.578130 0.820310
vt 0.351560 0.894530
vt 0.191410 0.968750
vt 0.558590 0.757810
vt 0.121090 0.996090
vt 0.746090 0.027340
vt 0.320310 0.035160
vt 0.453130 0.003910
vt 0.410160 0.644530
vt 0.554690 0.597660
vt 0.535160 0.554690
vt 0.457030 0.695310
vt 0.496090 0.781250
vt 0.324220 0.828120
vt 0.343750 0.871090
vt 0.277340 0.796870
vt 0.339840 0.636720
vt 0.113280 0.746090
vt 0.222660 0.773440
vt 0.296880 0.445310
vt 0.160160 0.523440
vt 0.042970 0.730470
vt 0.042970 0.453120
vt 0.152340 0.324220
vt 0.046880 0.179690
vt 0.105470 0.726560
vt 0.042970 0.558590
vt 0.042970 0.738280
vt 0.250000 0.753910
vt 0.261720 0.554690
vt 0.183590 0.726560
vt 0.144530 0.550780
vt 0.394530 0.574220
vt 0.300780 0.441410
vt 0.210940 0.378910
vt 0.042970 0.371090
vt 0.183590 0.937500
vt 0.515630 0.441410
vt 0.082030 0.917970
vt 0.097660 0.257810
vt 0.085940 0.917970
vt 0.421880 0.445310
vt 0.523440 0.437500
vt 0.042970 0.121090
vt 0.152340 0.925780
vt 0.097660 0.917970
vt 0.261720 0.781250
vt 0.250000 0.769530
vt 0.644530 0.542970
vt 0.527340 0.539060
vt 0.523440 0.523440
vt 0.394530 0.632810
vt 0.382810 0.625000
vt 0.058590 0.917970
vt 0.093750 0.996090
vt 0.031250 0.925780
vt 0.023440 0.730470
vt 0.003910 0.730470
vt 0.035160 0.039060
vt 0.023440 0.183590
vt 0.003910 0.183590
vt 0.023440 0.453120
vt 0.003910 0.453120
vt 0.062500 0.921870
vt 0.093750 0.992190
vt 0.023440 0.738280
vt 0.031250 0.929690
vt 0.003910 0.742190
vt 0.035160 0.039060
vt 0.023440 0.121090
vt 0.003910 0.121090
vt 0.023440 0.371090
vt 0.003910 0.371090
vt 0.023440 0.558590
vt 0.003910 0.558590
vt 0.238280 0.457030
vt 0.339840 0.464840
vt 0.734380 0.394530
vt 0.789060 0.339840
vt 0.714840 0.339840
vt 0.789060 0.437500
vt 0.718750 0.453120
vt 0.761720 0.507810
vt 0.265630 0.390620
vt 0.378910 0.378910
vt 0.843750 0.363280
vt 0.804690 0.261720
vt 0.742190 0.257810
vt 0.742190 0.195310
vt 0.660160 0.207030
vt 0.660160 0.265620
vt 0.613280 0.183590
vt 0.613280 0.265620
vt 0.933590 0.921870
vt 0.992190 0.921870
vt 0.929690 0.996090
vt 0.996090 0.996090
vt 0.964840 0.839840
vt 0.929690 0.996090
vt 0.996090 0.996090
vt 0.937500 0.917970
vt 0.988280 0.917970
vt 0.628910 0.183590
vt 0.625000 0.265620
vt 0.675780 0.207030
vt 0.675780 0.265620
vt 0.964840 0.832030
vt 0.820310 0.253910
vt 0.742190 0.257810
vt 0.820310 0.324220
vt 0.738280 0.312500
vt 0.789060 0.195310
vt 0.742190 0.195310
vt 0.742190 0.257810
vt 0.820310 0.253910
vt 0.742190 0.195310
vt 0.804690 0.195310
vt 0.710940 0.269530
vt 0.671880 0.269530
vt 0.710940 0.210940
vt 0.671880 0.203120
vt 0.937500 0.917970
vt 0.929690 0.996090
vt 0.988280 0.917970
vt 0.996090 0.996090
vt 0.964840 0.832030
vt 0.738280 0.312500
vt 0.742190 0.257810
vt 0.808590 0.324220
vt 0.800780 0.257810
vt 0.742190 0.195310
vt 0.769530 0.195310
vt 0.792970 0.257810
vt 0.742190 0.257810
vt 0.789060 0.195310
vt 0.742190 0.195310
vt 0.937500 0.917970
vt 0.929690 0.996090
vt 0.988280 0.917970
vt 0.996090 0.996090
vt 0.964840 0.832030
vt 0.738280 0.312500
vt 0.820310 0.324220
vt 0.785160 0.195310
vt 0.804690 0.261720
vt 0.742190 0.257810
vt 0.785160 0.195310
vt 0.742190 0.195310
vt 0.863280 0.261720
vt 0.859380 0.347660
vt 0.898440 0.347660
vt 0.753910 0.261720
vt 0.742190 0.316410
vt 0.796880 0.320310
vt 0.828130 0.195310
vt 0.898440 0.347660
vt 0.859380 0.347660
vt 0.867190 0.261720
vt 0.914060 0.445310
vt 0.992190 0.460940
vt 0.964840 0.390620
vt 0.820310 0.238280
vt 0.863280 0.261720
vt 0.937500 0.195310
vt 0.968750 0.316410
vt 0.195310 0.453120
vt 0.242190 0.382810
vt 0.156250 0.343750
vt 0.242190 0.382810
vt 0.195310 0.453120
vt 0.535160 0.187500
vt 0.535160 0.265620
vt 0.578130 0.265620
vt 0.539060 0.187500
vt 0.578130 0.265620
vt 0.917970 0.472660
vt 0.828130 0.500000
vt 0.816410 0.429690
vt 0.082030 0.343750
vt 0.136720 0.425780
vt 0.136720 0.425780
vt 0.031250 0.425780
vt 0.003910 0.343750
vt 0.031250 0.425780
vt 0.917970 0.289060
vt 0.863280 0.261720
vt 0.867190 0.195310
vt 0.992190 0.542970
vt 0.898440 0.363280
vt 0.898440 0.363280
vt 0.242190 0.316410
vt 0.539060 0.261720
vt 0.609380 0.281250
vt 0.535160 0.269530
vt 0.535160 0.191410
vt 0.855470 0.195310
vt 0.843750 0.335940
vt 0.863280 0.265620
vt 0.953130 0.363280
vt 0.878910 0.343750
vt 0.863280 0.261720
vt 0.820310 0.250000
vt 0.941410 0.359370
vt 0.867190 0.261720
vt 0.859380 0.496090
vt 0.894530 0.496090
vt 0.816410 0.429690
vt 0.933590 0.570310
vt 0.851560 0.574220
vt 0.953130 0.363280
vt 0.972660 0.316410
vt 0.968750 0.316410
vt 0.996090 0.195310
vt 0.937500 0.195310
vt 0.960940 0.285160
vt 0.964840 0.289060
vt 0.996090 0.195310
vt 0.828130 0.500000
vt 0.921880 0.617190
vt 0.933590 0.691410
vt 0.988280 0.726560
vt 0.906250 0.683590
vt 0.757810 0.195310
vt 0.757810 0.253910
vt 0.902340 0.195310
vt 0.753910 0.250000
vt 0.804690 0.250000
vt 0.906250 0.351560
vt 0.906250 0.250000
vt 0.816410 0.281250
vt 0.859380 0.625000
vt 0.753910 0.210940
vt 0.773440 0.546870
vt 0.769530 0.589840
vt 0.855470 0.648440
vt 0.757810 0.511720
vt 0.765630 0.429690
vt 0.718750 0.453120
vt 0.765630 0.429690
vt 0.816410 0.359370
vt 0.816410 0.359370
vt 0.710940 0.843750
vt 0.746090 0.820310
vt 0.687500 0.726560
vt 0.660160 0.722660
vt 0.832030 0.964840
vt 0.730470 0.917970
vt 0.765630 0.867190
vt 0.792970 0.898440
vt 0.824220 0.863280
vt 0.785160 0.789060
vt 0.734380 0.687500
vt 0.875000 0.789060
vt 0.859380 0.906250
vt 0.746090 0.929690
vt 0.765630 0.996090
vt 0.828130 0.730470
vt 0.761720 0.644530
vt 0.781250 0.750000
vt 0.722660 0.785160
vt 0.863280 0.765620
vt 0.917970 0.839840
vt 0.835940 0.687500
vt 0.800780 0.832030
vt 0.683590 0.929690
vt 0.656250 0.839840
vt 0.691410 0.996090
vt 0.667970 0.914060
vt 0.609380 0.804690
vt 0.597660 0.890620
vt 0.679690 0.796870
vt 0.625000 0.714840
vt 0.625000 0.781250
vt 0.597660 0.992190
vt 0.609380 0.898440
vt 0.542970 0.675780
vt 0.542970 0.765620
vt 0.531250 0.746090
vt 0.539060 0.855470
vt 0.402340 0.792970
vt 0.304690 0.769530
vt 0.363280 0.742190
vt 0.351560 0.824220
vt 0.476560 0.855470
vt 0.402340 0.890620
vt 0.367190 0.671870
vt 0.304690 0.769530
vt 0.332030 0.804690
vt 0.273440 0.710940
vt 0.402340 0.765620
vt 0.371090 0.847660
vt 0.417970 0.902340
vt 0.437500 0.812500
vt 0.476560 0.863280
vt 0.468750 0.742190
vt 0.437500 0.734370
vt 0.472660 0.960940
vt 0.441410 0.960940
vt 0.437500 0.652340
vt 0.535160 0.980470
vt 0.539060 0.863280
vt 0.984380 0.070310
vt 0.996090 0.125000
vt 0.824220 0.125000
vt 0.984380 0.070310
vt 0.824220 0.078120
vt 0.742190 0.109370
vt 0.824220 0.078120
vt 0.835940 0.023440
vt 0.949220 0.003910
vt 0.949220 0.003910
vt 0.835940 0.023440
vt 0.601560 0.000000
vt 0.968750 0.007810
vt 0.988280 0.066410
vt 0.847660 0.082030
vt 0.765630 0.066410
vt 0.828130 0.027340
vt 0.847660 0.082030
vt 0.968750 0.007810
vt 0.828130 0.027340
vt 0.742190 0.109370
vt 0.812500 0.125000
vt 0.992190 0.128910
vt 0.765630 0.066410
vt 0.988280 0.066410
vt 0.828130 0.027340
vt 0.765630 0.066410
vt 0.851560 0.085940
vt 0.851560 0.085940
vt 0.765630 0.066410
vt 0.828130 0.027340
vt 0.968750 0.007810
vt 0.968750 0.007810
vt 0.988280 0.066410
vt 0.812500 0.125000
vt 0.742190 0.109370
vt 0.988280 0.066410
vt 0.984380 0.128910
vt 0.851560 0.085940
vt 0.765630 0.066410
vt 0.812500 0.125000
vt 0.742190 0.109370
vt 0.968750 0.007810
vt 0.988280 0.066410
vt 0.851560 0.085940
vt 0.968750 0.007810
vt 0.828130 0.027340
vt 0.765630 0.066410
vt 0.828130 0.027340
vt 0.984380 0.128910
vt 0.988280 0.066410
vt 0.621090 0.023440
vt 0.621090 0.023440
vt 0.621090 0.023440
vt 0.472660 0.496090
vt 0.402340 0.480470
vt 0.449220 0.621090
vt 0.519530 0.406250
vt 0.460940 0.390620
vt 0.585940 0.523440
vt 0.707030 0.632810
vt 0.660160 0.515620
vt 0.750000 0.597660
vt 0.667970 0.457030
vt 0.621090 0.441410
vt 0.515630 0.515620
vt 0.566410 0.417970
vt 0.609380 0.648440
vt 0.515630 0.644530
vt 0.238280 0.457030
vt 0.339840 0.464840
vt 0.734380 0.394530
vt 0.789060 0.339840
vt 0.714840 0.339840
vt 0.789060 0.437500
vt 0.718750 0.453120
vt 0.761720 0.507810
vt 0.265630 0.390620
vt 0.378910 0.378910
vt 0.843750 0.363280
vt 0.804690 0.261720
vt 0.742190 0.257810
vt 0.742190 0.195310
vt 0.660160 0.207030
vt 0.660160 0.265620
vt 0.613280 0.183590
vt 0.613280 0.265620
vt 0.933590 0.921870
vt 0.992190 0.921870
vt 0.929690 0.996090
vt 0.996090 0.996090
vt 0.964840 0.839840
vt 0.929690 0.996090
vt 0.996090 0.996090
vt 0.937500 0.917970
vt 0.988280 0.917970
vt 0.628910 0.183590
vt 0.625000 0.265620
vt 0.675780 0.207030
vt 0.675780 0.265620
vt 0.964840 0.832030
vt 0.820310 0.253910
vt 0.742190 0.257810
vt 0.820310 0.324220
vt 0.738280 0.312500
vt 0.789060 0.195310
vt 0.742190 0.195310
vt 0.742190 0.257810
vt 0.820310 0.253910
vt 0.742190 0.195310
vt 0.804690 0.195310
vt 0.710940 0.269530
vt 0.671880 0.269530
vt 0.710940 0.210940
vt 0.671880 0.203120
vt 0.937500 0.917970
vt 0.929690 0.996090
vt 0.988280 0.917970
vt 0.996090 0.996090
vt 0.964840 0.832030
vt 0.738280 0.312500
vt 0.742190 0.257810
vt 0.808590 0.324220
vt 0.800780 0.257810
vt 0.742190 0.195310
vt 0.769530 0.195310
vt 0.792970 0.257810
vt 0.742190 0.257810
vt 0.789060 0.195310
vt 0.742190 0.195310
vt 0.937500 0.917970
vt 0.929690 0.996090
vt 0.988280 0.917970
vt 0.996090 0.996090
vt 0.964840 0.832030
vt 0.738280 0.312500
vt 0.820310 0.324220
vt 0.785160 0.195310
vt 0.804690 0.261720
vt 0.742190 0.257810
vt 0.785160 0.195310
vt 0.742190 0.195310
vt 0.863280 0.261720
vt 0.859380 0.347660
vt 0.898440 0.347660
vt 0.753910 0.261720
vt 0.742190 0.316410
vt 0.796880 0.320310
vt 0.828130 0.195310
vt 0.898440 0.347660
vt 0.859380 0.347660
vt 0.867190 0.261720
vt 0.914060 0.445310
vt 0.992190 0.460940
vt 0.964840 0.390620
vt 0.820310 0.238280
vt 0.863280 0.261720
vt 0.937500 0.195310
vt 0.968750 0.316410
vt 0.195310 0.453120
vt 0.242190 0.382810
vt 0.156250 0.343750
vt 0.242190 0.382810
vt 0.195310 0.453120
vt 0.535160 0.187500
vt 0.535160 0.265620
vt 0.578130 0.265620
vt 0.539060 0.187500
vt 0.578130 0.265620
vt 0.917970 0.472660
vt 0.828130 0.500000
vt 0.816410 0.429690
vt 0.082030 0.343750
vt 0.136720 0.425780
vt 0.136720 0.425780
vt 0.031250 0.425780
vt 0.003910 0.343750
vt 0.031250 0.425780
vt 0.917970 0.289060
vt 0.863280 0.261720
vt 0.867190 0.195310
vt 0.992190 0.542970
vt 0.898440 0.363280
vt 0.898440 0.363280
vt 0.242190 0.316410
vt 0.539060 0.261720
vt 0.609380 0.281250
vt 0.535160 0.269530
vt 0.535160 0.191410
vt 0.855470 0.195310
vt 0.843750 0.335940
vt 0.863280 0.265620
vt 0.953130 0.363280
vt 0.878910 0.343750
vt 0.863280 0.261720
vt 0.820310 0.250000
vt 0.941410 0.359370
vt 0.867190 0.261720
vt 0.859380 0.496090
vt 0.894530 0.496090
vt 0.816410 0.429690
vt 0.933590 0.570310
vt 0.851560 0.574220
vt 0.953130 0.363280
vt 0.972660 0.316410
vt 0.968750 0.316410
vt 0.996090 0.195310
vt 0.937500 0.195310
vt 0.960940 0.285160
vt 0.964840 0.289060
vt 0.996090 0.195310
vt 0.828130 0.500000
vt 0.921880 0.617190
vt 0.933590 0.691410
vt 0.988280 0.726560
vt 0.906250 0.683590
vt 0.757810 0.195310
vt 0.757810 0.253910
vt 0.902340 0.195310
vt 0.753910 0.250000
vt 0.804690 0.250000
vt 0.906250 0.351560
vt 0.906250 0.250000
vt 0.816410 0.281250
vt 0.859380 0.625000
vt 0.753910 0.210940
vt 0.773440 0.546870
vt 0.769530 0.589840
vt 0.855470 0.648440
vt 0.757810 0.511720
vt 0.765630 0.429690
vt 0.718750 0.453120
vt 0.765630 0.429690
vt 0.816410 0.359370
vt 0.816410 0.359370
vt 0.710940 0.843750
vt 0.746090 0.820310
vt 0.687500 0.726560
vt 0.660160 0.722660
vt 0.832030 0.964840
vt 0.730470 0.917970
vt 0.765630 0.867190
vt 0.792970 0.898440
vt 0.824220 0.863280
vt 0.785160 0.789060
vt 0.734380 0.687500
vt 0.875000 0.789060
vt 0.859380 0.906250
vt 0.746090 0.929690
vt 0.765630 0.996090
vt 0.828130 0.730470
vt 0.761720 0.644530
vt 0.781250 0.750000
vt 0.722660 0.785160
vt 0.863280 0.765620
vt 0.917970 0.839840
vt 0.835940 0.687500
vt 0.800780 0.832030
vt 0.683590 0.929690
vt 0.656250 0.839840
vt 0.691410 0.996090
vt 0.667970 0.914060
vt 0.609380 0.804690
vt 0.597660 0.890620
vt 0.679690 0.796870
vt 0.625000 0.714840
vt 0.625000 0.781250
vt 0.597660 0.992190
vt 0.609380 0.898440
vt 0.542970 0.675780
vt 0.542970 0.765620
vt 0.531250 0.746090
vt 0.539060 0.855470
vt 0.402340 0.792970
vt 0.304690 0.769530
vt 0.363280 0.742190
vt 0.351560 0.824220
vt 0.476560 0.855470
vt 0.402340 0.890620
vt 0.367190 0.671870
vt 0.304690 0.769530
vt 0.332030 0.804690
vt 0.273440 0.710940
vt 0.402340 0.765620
vt 0.371090 0.847660
vt 0.417970 0.902340
vt 0.437500 0.812500
vt 0.476560 0.863280
vt 0.468750 0.742190
vt 0.437500 0.734370
vt 0.472660 0.960940
vt 0.441410 0.960940
vt 0.437500 0.652340
vt 0.535160 0.980470
vt 0.539060 0.863280
vt 0.984380 0.070310
vt 0.996090 0.125000
vt 0.824220 0.125000
vt 0.984380 0.070310
vt 0.824220 0.078120
vt 0.742190 0.109370
vt 0.824220 0.078120
vt 0.835940 0.023440
vt 0.949220 0.003910
vt 0.949220 0.003910
vt 0.835940 0.023440
vt 0.601560 0.000000
vt 0.968750 0.007810
vt 0.988280 0.066410
vt 0.847660 0.082030
vt 0.765630 0.066410
vt 0.828130 0.027340
vt 0.847660 0.082030
vt 0.968750 0.007810
vt 0.828130 0.027340
vt 0.742190 0.109370
vt 0.812500 0.125000
vt 0.992190 0.128910
vt 0.765630 0.066410
vt 0.988280 0.066410
vt 0.828130 0.027340
vt 0.765630 0.066410
vt 0.851560 0.085940
vt 0.851560 0.085940
vt 0.765630 0.066410
vt 0.828130 0.027340
vt 0.968750 0.007810
vt 0.968750 0.007810
vt 0.988280 0.066410
vt 0.812500 0.125000
vt 0.742190 0.109370
vt 0.988280 0.066410
vt 0.984380 0.128910
vt 0.851560 0.085940
vt 0.765630 0.066410
vt 0.812500 0.125000
vt 0.742190 0.109370
vt 0.968750 0.007810
vt 0.988280 0.066410
vt 0.851560 0.085940
vt 0.968750 0.007810
vt 0.828130 0.027340
vt 0.765630 0.066410
vt 0.828130 0.027340
vt 0.984380 0.128910
vt 0.988280 0.066410
vt 0.621090 0.023440
vt 0.621090 0.023440
vt 0.621090 0.023440
vt 0.472660 0.496090
vt 0.402340 0.480470
vt 0.449220 0.621090
vt 0.519530 0.406250
vt 0.460940 0.390620
vt 0.585940 0.523440
vt 0.707030 0.632810
vt 0.660160 0.515620
vt 0.750000 0.597660
vt 0.667970 0.457030
vt 0.621090 0.441410
vt 0.515630 0.515620
vt 0.566410 0.417970
vt 0.609380 0.648440
vt 0.515630 0.644530
# num_vertices: 3747


g Object_n_200.jpg

usemtl mat_0-n_200.jpg

f 1/1 2/2 3/3
f 4/4 5/5 6/6
f 7/7 6/6 5/5
f 8/8 9/9 10/10
f 11/11 10/10 9/9
f 12/12 13/13 14/14
f 15/15 12/12 16/16
f 17/17 18/18 19/19
f 20/20 19/19 18/18
f 21/21 22/22 23/23
f 24/24 25/25 26/26
f 27/27 26/26 25/25
f 28/28 29/29 30/30
f 31/31 32/32 33/33
f 34/34 33/33 32/32
f 35/35 36/36 33/33
f 31/31 33/33 36/36
f 37/37 38/38 39/39
f 40/40 41/41 42/42
f 43/43 42/42 41/41
f 44/44 45/45 42/42
f 40/40 42/42 45/45
f 46/46 47/47 48/48
f 49/49 50/50 51/51
f 52/52 51/51 50/50
f 53/53 54/54 51/51
f 49/49 51/51 54/54
f 55/55 56/56 57/57
f 58/58 59/59 60/60
f 61/61 62/62 63/63
f 64/64 65/65 63/63
f 65/65 61/61 63/63
f 64/64 63/63 66/66
f 67/67 68/68 69/69
f 67/67 69/69 70/70
f 69/69 68/68 71/71
f 69/69 72/72 70/70
f 73/73 74/74 75/75
f 76/76 75/75 74/74
f 76/76 77/77 75/75
f 73/73 75/75 78/78
f 79/79 80/80 81/81
f 82/82 83/83 84/84
f 85/85 86/86 87/87
f 88/88 89/89 90/90
f 91/91 89/89 92/92
f 82/82 90/90 89/89
f 90/90 93/93 79/79
f 88/88 94/94 95/95
f 82/82 89/89 91/91
f 88/88 92/92 89/89
f 88/88 90/90 79/79
f 96/96 97/97 81/81
f 98/98 79/79 99/99
f 99/99 81/81 97/97
f 80/80 100/100 81/81
f 100/100 96/96 81/81
f 99/99 97/97 101/101
f 102/102 101/101 97/97
f 96/96 100/100 103/103
f 104/104 103/103 100/100
f 100/100 80/80 105/105
f 100/100 105/105 104/104
f 106/106 99/99 107/107
f 101/101 107/107 99/99
f 108/108 107/107 101/101
f 109/109 110/110 102/102
f 111/111 112/112 113/113
f 110/110 114/114 102/102
f 101/101 102/102 114/114
f 115/115 101/101 114/114
f 108/108 101/101 115/115
f 107/107 108/108 116/116
f 117/117 118/118 119/119
f 112/112 111/111 117/117
f 118/118 117/117 111/111
f 120/120 117/117 119/119
f 120/120 119/119 121/121
f 120/120 122/122 123/123
f 120/120 121/121 122/122
f 124/124 125/125 117/117
f 125/125 112/112 117/117
f 120/120 126/126 124/124
f 120/120 124/124 117/117
f 120/120 123/123 126/126
f 127/127 128/128 95/95
f 94/94 129/129 127/127
f 127/127 95/95 94/94
f 130/130 128/128 131/131
f 127/127 131/131 128/128
f 102/102 97/97 96/96
f 99/99 79/79 81/81
f 106/106 107/107 132/132
f 106/106 133/133 99/99
f 134/134 99/99 133/133
f 107/107 116/116 135/135
f 134/134 98/98 99/99
f 134/134 94/94 98/98
f 129/129 94/94 134/134
f 136/136 137/137 138/138
f 88/88 79/79 98/98
f 94/94 88/88 98/98
f 88/88 95/95 92/92
f 139/139 140/140 141/141
f 142/142 139/139 141/141
f 141/141 138/138 142/142
f 103/103 104/104 139/139
f 140/140 139/139 104/104
f 136/136 141/141 140/140
f 141/141 136/136 138/138
f 140/140 104/104 143/143
f 104/104 105/105 143/143
f 140/140 143/143 144/144
f 144/144 136/136 140/140
f 82/82 84/84 145/145
f 82/82 145/145 146/146
f 147/147 93/93 90/90
f 90/90 146/146 147/147
f 93/93 148/148 79/79
f 93/93 147/147 148/148
f 92/92 95/95 149/149
f 128/128 149/149 95/95
f 149/149 91/91 92/92
f 150/150 151/151 91/91
f 151/151 152/152 83/83
f 151/151 82/82 91/91
f 151/151 83/83 82/82
f 130/130 149/149 128/128
f 150/150 91/91 149/149
f 150/150 153/153 151/151
f 152/152 151/151 153/153
f 153/153 150/150 130/130
f 130/130 150/150 149/149
f 90/90 82/82 146/146
f 154/154 155/155 109/109
f 156/156 142/142 138/138
f 156/156 138/138 152/152
f 157/157 139/139 142/142
f 156/156 157/157 142/142
f 109/109 96/96 103/103
f 109/109 103/103 157/157
f 139/139 157/157 103/103
f 109/109 102/102 96/96
f 158/158 110/110 109/109
f 158/158 109/109 155/155
f 157/157 154/154 109/109
f 157/157 159/159 154/154
f 160/160 154/154 159/159
f 161/161 152/152 153/153
f 162/162 152/152 161/161
f 162/162 156/156 152/152
f 156/156 162/162 159/159
f 130/130 131/131 163/163
f 164/164 163/163 131/131
f 165/165 130/130 163/163
f 153/153 166/166 161/161
f 159/159 162/162 167/167
f 153/153 130/130 166/166
f 165/165 166/166 130/130
f 157/157 156/156 159/159
f 160/160 159/159 168/168
f 159/159 167/167 168/168
f 169/169 170/170 171/171
f 172/172 169/169 171/171
f 170/170 173/173 171/171
f 174/174 171/171 173/173
f 175/175 176/176 177/177
f 178/178 177/177 176/176
f 179/179 176/176 175/175
f 180/180 181/181 177/177
f 175/175 177/177 181/181
f 179/179 175/175 181/181
f 182/182 183/183 184/184
f 184/184 185/185 186/186
f 169/169 187/187 170/170
f 187/187 173/173 170/170
f 188/188 189/189 190/190
f 191/191 192/192 193/193
f 194/194 193/193 192/192
f 195/195 194/194 192/192
f 196/196 197/197 198/198
f 199/199 198/198 197/197
f 200/200 197/197 196/196
f 201/201 202/202 198/198
f 196/196 198/198 202/202
f 200/200 196/196 202/202
f 85/85 87/87 203/203
f 203/203 204/204 85/85
f 205/205 85/85 204/204
f 206/206 207/207 208/208
f 206/206 208/208 209/209
f 210/210 211/211 208/208
f 209/209 208/208 211/211
f 210/210 208/208 212/212
f 207/207 212/212 208/208
f 213/213 66/66 63/63
f 213/213 63/63 62/62
f 69/69 214/214 72/72
f 69/69 71/71 214/214
f 215/215 78/78 75/75
f 215/215 75/75 77/77
f 216/216 217/217 218/218
f 132/132 219/219 220/220
f 221/221 182/182 222/222
f 182/182 186/186 222/222
f 223/223 224/224 86/86
f 224/224 87/87 86/86
f 220/220 219/219 221/221
f 220/220 221/221 222/222
f 225/225 182/182 221/221
f 225/225 221/221 219/219
f 226/226 185/185 184/184
f 182/182 184/184 186/186
f 227/227 223/223 86/86
f 228/228 229/229 218/218
f 230/230 218/218 229/229
f 231/231 228/228 217/217
f 218/218 217/217 228/228
f 232/232 233/233 234/234
f 132/132 232/232 225/225
f 132/132 225/225 219/219
f 235/235 236/236 237/237
f 154/154 160/160 238/238
f 239/239 238/238 160/160
f 238/238 155/155 154/154
f 240/240 238/238 241/241
f 239/239 241/241 238/238
f 241/241 160/160 168/168
f 239/239 160/160 241/241
f 242/242 241/241 168/168
f 242/242 168/168 167/167
f 243/243 244/244 237/237
f 245/245 237/237 246/246
f 244/244 246/246 237/237
f 247/247 243/243 248/248
f 248/248 237/237 236/236
f 243/243 237/237 248/248
f 247/247 248/248 236/236
f 249/249 250/250 203/203
f 250/250 251/251 203/203
f 252/252 204/204 253/253
f 204/204 252/252 254/254
f 255/255 246/246 256/256
f 256/256 246/246 257/257
f 258/258 259/259 260/260
f 261/261 259/259 247/247
f 262/262 247/247 259/259
f 263/263 264/264 265/265
f 263/263 266/266 264/264
f 263/263 267/267 266/266
f 268/268 269/269 263/263
f 232/232 234/234 183/183
f 268/268 263/263 265/265
f 270/270 114/114 110/110
f 116/116 108/108 271/271
f 270/270 271/271 108/108
f 135/135 116/116 233/233
f 271/271 233/233 116/116
f 183/183 182/182 225/225
f 132/132 107/107 135/135
f 272/272 132/132 135/135
f 232/232 132/132 272/272
f 232/232 183/183 225/225
f 258/258 260/260 273/273
f 205/205 244/244 274/274
f 274/274 244/244 258/258
f 275/275 274/274 258/258
f 244/244 243/243 258/258
f 258/258 273/273 275/275
f 205/205 204/204 244/244
f 246/246 244/244 204/204
f 276/276 277/277 261/261
f 203/203 204/204 205/205
f 203/203 251/251 204/204
f 253/253 204/204 251/251
f 278/278 279/279 280/280
f 281/281 282/282 283/283
f 284/284 285/285 286/286
f 287/287 288/288 240/240
f 240/240 289/289 287/287
f 264/264 266/266 290/290
f 264/264 290/290 265/265
f 291/291 265/265 290/290
f 240/240 241/241 245/245
f 235/235 245/245 241/241
f 247/247 241/241 242/242
f 241/241 247/247 236/236
f 241/241 236/236 235/235
f 245/245 246/246 255/255
f 189/189 188/188 285/285
f 286/286 285/285 188/188
f 235/235 237/237 245/245
f 292/292 293/293 294/294
f 295/295 294/294 293/293
f 294/294 295/295 296/296
f 294/294 297/297 298/298
f 294/294 296/296 297/297
f 298/298 299/299 294/294
f 292/292 294/294 299/299
f 298/298 300/300 299/299
f 301/301 299/299 300/300
f 302/302 276/276 242/242
f 302/302 303/303 276/276
f 303/303 302/302 304/304
f 305/305 302/302 162/162
f 306/306 307/307 283/283
f 281/281 283/283 307/307
f 308/308 303/303 304/304
f 308/308 161/161 309/309
f 310/310 311/311 312/312
f 313/313 312/312 311/311
f 314/314 315/315 312/312
f 310/310 312/312 315/315
f 278/278 309/309 279/279
f 161/161 166/166 309/309
f 247/247 242/242 316/316
f 258/258 243/243 259/259
f 317/317 259/259 243/243
f 317/317 262/262 259/259
f 247/247 262/262 243/243
f 317/317 243/243 262/262
f 246/246 254/254 257/257
f 246/246 204/204 254/254
f 301/301 318/318 299/299
f 319/319 299/299 318/318
f 247/247 316/316 261/261
f 276/276 261/261 316/316
f 242/242 276/276 316/316
f 249/249 203/203 87/87
f 249/249 87/87 224/224
f 300/300 298/298 190/190
f 297/297 190/190 298/298
f 297/297 188/188 190/190
f 296/296 188/188 297/297
f 320/320 321/321 322/322
f 323/323 322/322 321/321
f 324/324 325/325 320/320
f 321/321 320/320 325/325
f 281/281 326/326 282/282
f 310/310 327/327 311/311
f 328/328 311/311 327/327
f 329/329 327/327 315/315
f 310/310 315/315 327/327
f 330/330 328/328 327/327
f 330/330 327/327 329/329
f 283/283 331/331 306/306
f 332/332 306/306 331/331
f 333/333 331/331 282/282
f 283/283 282/282 331/331
f 334/334 332/332 331/331
f 334/334 331/331 333/333
f 335/335 336/336 337/337
f 338/338 339/339 335/335
f 339/339 340/340 335/335
f 341/341 335/335 340/340
f 342/342 335/335 337/337
f 338/338 335/335 342/342
f 341/341 343/343 335/335
f 336/336 335/335 343/343
f 321/321 342/342 323/323
f 337/337 323/323 342/342
f 325/325 338/338 321/321
f 342/342 321/321 338/338
f 344/344 343/343 341/341
f 344/344 341/341 340/340
f 345/345 346/346 347/347
f 348/348 346/346 345/345
f 349/349 350/350 351/351
f 350/350 352/352 351/351
f 352/352 350/350 353/353
f 349/349 351/351 354/354
f 355/355 356/356 357/357
f 358/358 359/359 360/360
f 358/358 360/360 361/361
f 360/360 359/359 362/362
f 360/360 362/362 361/361
f 363/363 364/364 365/365
f 363/363 365/365 366/366
f 367/367 368/368 369/369
f 370/370 369/369 368/368
f 371/371 368/368 367/367
f 372/372 373/373 374/374
f 375/375 374/374 373/373
f 376/376 377/377 378/378
f 376/376 379/379 377/377
f 378/378 380/380 381/381
f 378/378 377/377 380/380
f 382/382 383/383 384/384
f 385/385 386/386 349/349
f 350/350 349/349 386/386
f 387/387 388/388 389/389
f 390/390 386/386 391/391
f 385/385 391/391 386/386
f 386/386 390/390 392/392
f 393/393 394/394 395/395
f 396/396 390/390 397/397
f 391/391 397/397 390/390
f 398/398 399/399 400/400
f 401/401 396/396 402/402
f 397/397 402/402 396/396
f 403/403 404/404 401/401
f 396/396 401/401 404/404
f 405/405 406/406 407/407
f 380/380 377/377 408/408
f 409/409 410/410 411/411
f 409/409 412/412 410/410
f 409/409 413/413 412/412
f 409/409 414/414 413/413
f 409/409 415/415 414/414
f 409/409 416/416 415/415
f 409/409 417/417 416/416
f 409/409 411/411 417/417
f 411/411 410/410 418/418
f 419/419 418/418 410/410
f 410/410 412/412 419/419
f 420/420 419/419 412/412
f 412/412 413/413 420/420
f 421/421 420/420 413/413
f 413/413 414/414 421/421
f 422/422 421/421 414/414
f 414/414 415/415 422/422
f 423/423 422/422 415/415
f 415/415 416/416 423/423
f 424/424 423/423 416/416
f 416/416 417/417 424/424
f 425/425 424/424 417/417
f 417/417 411/411 425/425
f 418/418 425/425 411/411
f 418/418 419/419 426/426
f 427/427 426/426 419/419
f 419/419 420/420 427/427
f 428/428 427/427 420/420
f 420/420 421/421 428/428
f 429/429 428/428 421/421
f 421/421 422/422 429/429
f 430/430 429/429 422/422
f 422/422 423/423 430/430
f 431/431 430/430 423/423
f 423/423 424/424 431/431
f 432/432 431/431 424/424
f 424/424 425/425 432/432
f 433/433 432/432 425/425
f 425/425 418/418 433/433
f 426/426 433/433 418/418
f 434/434 169/169 435/435
f 434/434 435/435 436/436
f 437/437 438/438 181/181
f 437/437 178/178 176/176
f 176/176 179/179 438/438
f 181/181 438/438 179/179
f 436/436 174/174 173/173
f 169/169 434/434 187/187
f 173/173 434/434 436/436
f 434/434 173/173 187/187
f 195/195 439/439 194/194
f 194/194 439/439 193/193
f 440/440 193/193 439/439
f 440/440 439/439 191/191
f 192/192 191/191 439/439
f 195/195 192/192 439/439
f 441/441 442/442 201/201
f 202/202 201/201 442/442
f 200/200 202/202 442/442
f 200/200 442/442 443/443
f 443/443 442/442 199/199
f 441/441 199/199 442/442
f 180/180 437/437 181/181
f 437/437 176/176 438/438
f 435/435 169/169 172/172
f 78/78 444/444 73/73
f 445/445 73/73 444/444
f 215/215 444/444 78/78
f 445/445 444/444 76/76
f 77/77 76/76 444/444
f 215/215 77/77 444/444
f 207/207 446/446 212/212
f 447/447 212/212 446/446
f 206/206 446/446 207/207
f 447/447 446/446 211/211
f 209/209 211/211 446/446
f 206/206 209/209 446/446
f 72/72 448/448 70/70
f 449/449 70/70 448/448
f 214/214 448/448 72/72
f 449/449 448/448 68/68
f 71/71 68/68 448/448
f 214/214 71/71 448/448
f 450/450 451/451 452/452
f 62/62 452/452 451/451
f 213/213 62/62 451/451
f 66/66 451/451 453/453
f 450/450 453/453 451/451
f 213/213 451/451 66/66
f 307/307 306/306 454/454
f 455/455 454/454 306/306
f 456/456 457/457 314/314
f 314/314 457/457 315/315
f 313/313 311/311 456/456
f 457/457 456/456 311/311
f 323/323 458/458 322/322
f 459/459 322/322 458/458
f 458/458 325/325 459/459
f 324/324 459/459 325/325
f 455/455 282/282 454/454
f 326/326 454/454 282/282
f 311/311 328/328 457/457
f 460/460 457/457 328/328
f 460/460 329/329 457/457
f 315/315 457/457 329/329
f 330/330 460/460 328/328
f 330/330 329/329 460/460
f 306/306 332/332 455/455
f 461/461 455/455 332/332
f 461/461 333/333 455/455
f 282/282 455/455 333/333
f 334/334 461/461 332/332
f 334/334 333/333 461/461
f 462/462 337/337 336/336
f 462/462 463/463 339/339
f 336/336 343/343 463/463
f 463/463 340/340 339/339
f 462/462 336/336 463/463
f 338/338 462/462 339/339
f 337/337 462/462 323/323
f 458/458 323/323 462/462
f 458/458 462/462 325/325
f 338/338 325/325 462/462
f 344/344 463/463 343/343
f 344/344 340/340 463/463
f 464/464 465/465 356/356
f 464/464 466/466 465/465
f 467/467 468/468 383/383
f 467/467 469/469 468/468
f 470/470 471/471 388/388
f 470/470 472/472 471/471
f 473/473 474/474 394/394
f 473/473 475/475 474/474
f 476/476 477/477 399/399
f 476/476 478/478 477/477
f 479/479 480/480 406/406
f 479/479 481/481 480/480
f 7/7 2/2 482/482
f 6/6 7/7 483/483
f 484/484 483/483 7/7
f 13/13 12/12 15/15
f 10/10 11/11 485/485
f 486/486 485/485 11/11
f 487/487 488/488 489/489
f 485/485 489/489 488/488
f 487/487 489/489 490/490
f 20/20 22/22 21/21
f 19/19 20/20 491/491
f 21/21 491/491 20/20
f 27/27 29/29 28/28
f 26/26 27/27 492/492
f 28/28 492/492 27/27
f 34/34 38/38 37/37
f 33/33 34/34 493/493
f 37/37 493/493 34/34
f 43/43 47/47 46/46
f 42/42 43/43 494/494
f 46/46 494/494 43/43
f 44/44 42/42 495/495
f 494/494 495/495 42/42
f 52/52 56/56 55/55
f 51/51 52/52 496/496
f 55/55 496/496 52/52
f 53/53 51/51 497/497
f 496/496 497/497 51/51
f 53/53 497/497 498/498
f 499/499 500/500 501/501
f 60/60 500/500 499/499
f 502/502 503/503 504/504
f 505/505 506/506 504/504
f 504/504 503/503 505/505
f 60/60 499/499 58/58
f 507/507 508/508 509/509
f 510/510 511/511 512/512
f 513/513 512/512 511/511
f 514/514 515/515 512/512
f 510/510 512/512 515/515
f 516/516 517/517 518/518
f 519/519 518/518 517/517
f 520/520 521/521 522/522
f 516/516 522/522 521/521
f 523/523 524/524 525/525
f 526/526 523/523 527/527
f 528/528 529/529 530/530
f 531/531 530/530 529/529
f 532/532 533/533 530/530
f 528/528 530/530 533/533
f 534/534 535/535 536/536
f 537/537 538/538 539/539
f 540/540 539/539 538/538
f 541/541 542/542 539/539
f 537/537 539/539 542/542
f 543/543 544/544 545/545
f 546/546 547/547 548/548
f 549/549 548/548 547/547
f 550/550 551/551 552/552
f 553/553 554/554 555/555
f 556/556 555/555 554/554
f 557/557 558/558 559/559
f 560/560 561/561 562/562
f 563/563 562/562 561/561
f 564/564 565/565 566/566
f 567/567 568/568 569/569
f 570/570 571/571 572/572
f 573/573 574/574 572/572
f 574/574 570/570 572/572
f 573/573 572/572 575/575
f 576/576 577/577 578/578
f 576/576 578/578 579/579
f 578/578 577/577 580/580
f 578/578 581/581 579/579
f 582/582 583/583 584/584
f 585/585 584/584 583/583
f 585/585 586/586 584/584
f 582/582 584/584 587/587
f 588/588 589/589 590/590
f 591/591 592/592 593/593
f 594/594 595/595 596/596
f 594/594 596/596 597/597
f 595/595 594/594 598/598
f 599/599 600/600 601/601
f 602/602 600/600 603/603
f 591/591 601/601 600/600
f 601/601 604/604 588/588
f 599/599 605/605 606/606
f 591/591 600/600 602/602
f 599/599 603/603 600/600
f 599/599 601/601 588/588
f 607/607 608/608 590/590
f 609/609 588/588 610/610
f 610/610 590/590 608/608
f 589/589 611/611 590/590
f 611/611 607/607 590/590
f 610/610 608/608 612/612
f 613/613 612/612 608/608
f 607/607 611/611 614/614
f 615/615 614/614 611/611
f 611/611 589/589 616/616
f 611/611 616/616 615/615
f 617/617 610/610 618/618
f 612/612 618/618 610/610
f 619/619 618/618 612/612
f 620/620 621/621 613/613
f 622/622 623/623 624/624
f 621/621 625/625 613/613
f 612/612 613/613 625/625
f 626/626 612/612 625/625
f 619/619 612/612 626/626
f 618/618 619/619 627/627
f 628/628 629/629 630/630
f 623/623 622/622 628/628
f 629/629 628/628 622/622
f 631/631 628/628 630/630
f 631/631 630/630 632/632
f 631/631 633/633 634/634
f 631/631 632/632 633/633
f 635/635 636/636 628/628
f 636/636 623/623 628/628
f 631/631 637/637 635/635
f 631/631 635/635 628/628
f 631/631 634/634 637/637
f 613/613 608/608 607/607
f 610/610 588/588 590/590
f 617/617 618/618 638/638
f 638/638 639/639 617/617
f 618/618 627/627 640/640
f 641/641 642/642 643/643
f 599/599 588/588 609/609
f 605/605 599/599 609/609
f 599/599 606/606 603/603
f 644/644 645/645 646/646
f 647/647 644/644 646/646
f 646/646 643/643 647/647
f 614/614 615/615 644/644
f 645/645 644/644 615/615
f 641/641 646/646 645/645
f 646/646 641/641 643/643
f 645/645 615/615 648/648
f 615/615 616/616 648/648
f 645/645 648/648 649/649
f 649/649 641/641 645/645
f 591/591 593/593 650/650
f 591/591 650/650 651/651
f 652/652 604/604 601/601
f 601/601 651/651 652/652
f 604/604 653/653 588/588
f 604/604 652/652 653/653
f 603/603 606/606 654/654
f 655/655 654/654 606/606
f 654/654 602/602 603/603
f 656/656 657/657 602/602
f 657/657 658/658 592/592
f 657/657 591/591 602/602
f 657/657 592/592 591/591
f 659/659 654/654 655/655
f 656/656 602/602 654/654
f 656/656 660/660 657/657
f 658/658 657/657 660/660
f 660/660 656/656 659/659
f 659/659 656/656 654/654
f 601/601 591/591 651/651
f 661/661 662/662 620/620
f 663/663 647/647 643/643
f 663/663 643/643 658/658
f 664/664 644/644 647/647
f 663/663 664/664 647/647
f 620/620 607/607 614/614
f 620/620 614/614 664/664
f 644/644 664/664 614/614
f 620/620 613/613 607/607
f 665/665 621/621 620/620
f 665/665 620/620 662/662
f 664/664 661/661 620/620
f 664/664 666/666 661/661
f 667/667 661/661 666/666
f 668/668 658/658 660/660
f 669/669 658/658 668/668
f 669/669 663/663 658/658
f 663/663 669/669 666/666
f 670/670 659/659 671/671
f 660/660 672/672 668/668
f 666/666 669/669 673/673
f 660/660 659/659 672/672
f 670/670 672/672 659/659
f 664/664 663/663 666/666
f 667/667 666/666 674/674
f 666/666 673/673 674/674
f 594/594 675/675 598/598
f 676/676 677/677 678/678
f 679/679 676/676 678/678
f 677/677 680/680 678/678
f 681/681 678/678 680/680
f 682/682 683/683 684/684
f 685/685 684/684 683/683
f 686/686 683/683 682/682
f 687/687 688/688 684/684
f 682/682 684/684 688/688
f 686/686 682/682 688/688
f 689/689 690/690 691/691
f 676/676 692/692 677/677
f 692/692 680/680 677/677
f 693/693 694/694 695/695
f 696/696 697/697 698/698
f 699/699 698/698 697/697
f 700/700 699/699 697/697
f 701/701 702/702 703/703
f 704/704 703/703 702/702
f 705/705 702/702 701/701
f 706/706 707/707 703/703
f 701/701 703/703 707/707
f 705/705 701/701 707/707
f 594/594 597/597 708/708
f 708/708 709/709 594/594
f 675/675 594/594 709/709
f 710/710 711/711 712/712
f 710/710 712/712 713/713
f 714/714 715/715 712/712
f 713/713 712/712 715/715
f 714/714 712/712 716/716
f 711/711 716/716 712/712
f 717/717 575/575 572/572
f 717/717 572/572 571/571
f 578/578 718/718 581/581
f 578/578 580/580 718/718
f 719/719 587/587 584/584
f 719/719 584/584 586/586
f 638/638 720/720 721/721
f 722/722 597/597 596/596
f 721/721 720/720 723/723
f 724/724 689/689 723/723
f 724/724 723/723 720/720
f 725/725 726/726 727/727
f 728/728 727/727 726/726
f 727/727 728/728 729/729
f 730/730 725/725 731/731
f 727/727 731/731 725/725
f 639/639 638/638 721/721
f 732/732 733/733 734/734
f 638/638 732/732 724/724
f 638/638 724/724 720/720
f 735/735 736/736 737/737
f 735/735 737/737 738/738
f 739/739 740/740 741/741
f 661/661 667/667 742/742
f 743/743 742/742 667/667
f 742/742 662/662 661/661
f 744/744 742/742 745/745
f 743/743 745/745 742/742
f 745/745 667/667 674/674
f 743/743 667/667 745/745
f 746/746 745/745 674/674
f 746/746 674/674 673/673
f 747/747 748/748 741/741
f 749/749 741/741 750/750
f 748/748 750/750 741/741
f 751/751 747/747 752/752
f 752/752 741/741 740/740
f 747/747 741/741 752/752
f 751/751 752/752 740/740
f 753/753 754/754 708/708
f 754/754 755/755 708/708
f 756/756 709/709 757/757
f 709/709 756/756 758/758
f 759/759 750/750 760/760
f 760/760 750/750 761/761
f 762/762 763/763 764/764
f 765/765 763/763 751/751
f 766/766 751/751 763/763
f 767/767 768/768 769/769
f 767/767 770/770 768/768
f 735/735 771/771 736/736
f 732/732 734/734 690/690
f 772/772 625/625 621/621
f 735/735 738/738 773/773
f 774/774 773/773 738/738
f 627/627 619/619 775/775
f 772/772 775/775 619/619
f 774/774 776/776 773/773
f 640/640 627/627 733/733
f 775/775 733/733 627/627
f 690/690 689/689 724/724
f 638/638 618/618 640/640
f 777/777 638/638 640/640
f 732/732 638/638 777/777
f 732/732 690/690 724/724
f 762/762 764/764 778/778
f 675/675 748/748 779/779
f 779/779 748/748 762/762
f 598/598 675/675 779/779
f 780/780 781/781 779/779
f 780/780 779/779 762/762
f 598/598 779/779 781/781
f 748/748 747/747 762/762
f 762/762 778/778 780/780
f 675/675 709/709 748/748
f 750/750 748/748 709/709
f 782/782 783/783 765/765
f 708/708 709/709 675/675
f 708/708 755/755 709/709
f 757/757 709/709 755/755
f 784/784 785/785 786/786
f 785/785 784/784 787/787
f 788/788 789/789 790/790
f 791/791 792/792 793/793
f 794/794 795/795 744/744
f 744/744 796/796 794/794
f 769/769 768/768 797/797
f 793/793 798/798 791/791
f 793/793 693/693 798/798
f 799/799 798/798 693/693
f 744/744 745/745 749/749
f 739/739 749/749 745/745
f 751/751 745/745 746/746
f 745/745 751/751 740/740
f 745/745 740/740 739/739
f 749/749 750/750 759/759
f 694/694 693/693 792/792
f 793/793 792/792 693/693
f 739/739 741/741 749/749
f 800/800 787/787 784/784
f 798/798 799/799 801/801
f 802/802 803/803 804/804
f 802/802 799/799 803/803
f 804/804 787/787 802/802
f 800/800 802/802 787/787
f 804/804 805/805 787/787
f 806/806 787/787 805/805
f 807/807 782/782 746/746
f 807/807 808/808 782/782
f 808/808 807/807 809/809
f 810/810 807/807 669/669
f 811/811 812/812 790/790
f 788/788 790/790 812/812
f 813/813 808/808 809/809
f 808/808 813/813 814/814
f 815/815 814/814 813/813
f 813/813 668/668 815/815
f 816/816 817/817 818/818
f 819/819 818/818 817/817
f 820/820 821/821 818/818
f 816/816 818/818 821/821
f 668/668 672/672 815/815
f 751/751 746/746 822/822
f 762/762 747/747 763/763
f 823/823 763/763 747/747
f 823/823 766/766 763/763
f 751/751 766/766 747/747
f 823/823 747/747 766/766
f 750/750 758/758 761/761
f 750/750 709/709 758/758
f 806/806 824/824 787/787
f 785/785 787/787 824/824
f 751/751 822/822 765/765
f 782/782 765/765 822/822
f 746/746 782/782 822/822
f 753/753 708/708 597/597
f 753/753 597/597 722/722
f 805/805 804/804 695/695
f 803/803 695/695 804/804
f 803/803 693/693 695/695
f 799/799 693/693 803/803
f 825/825 826/826 827/827
f 828/828 827/827 826/826
f 829/829 830/830 825/825
f 826/826 825/825 830/830
f 788/788 831/831 789/789
f 816/816 832/832 817/817
f 833/833 817/817 832/832
f 834/834 832/832 821/821
f 816/816 821/821 832/832
f 835/835 833/833 832/832
f 835/835 832/832 834/834
f 790/790 836/836 811/811
f 837/837 811/811 836/836
f 838/838 836/836 789/789
f 790/790 789/789 836/836
f 839/839 837/837 836/836
f 839/839 836/836 838/838
f 840/840 841/841 842/842
f 843/843 844/844 840/840
f 844/844 845/845 840/840
f 846/846 840/840 845/845
f 847/847 840/840 842/842
f 843/843 840/840 847/847
f 846/846 848/848 840/840
f 841/841 840/840 848/848
f 826/826 847/847 828/828
f 842/842 828/828 847/847
f 830/830 843/843 826/826
f 847/847 826/826 843/843
f 849/849 848/848 846/846
f 849/849 846/846 845/845
f 850/850 851/851 852/852
f 853/853 852/852 851/851
f 854/854 855/855 856/856
f 855/855 857/857 856/856
f 854/854 856/856 858/858
f 859/859 860/860 861/861
f 862/862 863/863 864/864
f 862/862 864/864 865/865
f 866/866 867/867 868/868
f 869/869 868/868 867/867
f 870/870 871/871 872/872
f 871/871 873/873 872/872
f 874/874 875/875 876/876
f 874/874 877/877 875/875
f 878/878 875/875 879/879
f 877/877 879/879 875/875
f 876/876 880/880 881/881
f 876/876 875/875 880/880
f 882/882 883/883 884/884
f 885/885 886/886 854/854
f 855/855 854/854 886/886
f 855/855 886/886 887/887
f 888/888 889/889 890/890
f 891/891 886/886 892/892
f 885/885 892/892 886/886
f 893/893 894/894 895/895
f 896/896 891/891 897/897
f 892/892 897/897 891/891
f 891/891 896/896 898/898
f 899/899 900/900 901/901
f 902/902 896/896 903/903
f 897/897 903/903 896/896
f 904/904 905/905 906/906
f 907/907 908/908 909/909
f 907/907 910/910 908/908
f 907/907 911/911 910/910
f 907/907 912/912 911/911
f 907/907 913/913 912/912
f 907/907 914/914 913/913
f 907/907 915/915 914/914
f 907/907 909/909 915/915
f 909/909 908/908 916/916
f 917/917 916/916 908/908
f 908/908 910/910 917/917
f 918/918 917/917 910/910
f 910/910 911/911 918/918
f 919/919 918/918 911/911
f 911/911 912/912 919/919
f 920/920 919/919 912/912
f 912/912 913/913 920/920
f 921/921 920/920 913/913
f 913/913 914/914 921/921
f 922/922 921/921 914/914
f 914/914 915/915 922/922
f 923/923 922/922 915/915
f 915/915 909/909 923/923
f 916/916 923/923 909/909
f 916/916 917/917 924/924
f 925/925 924/924 917/917
f 917/917 918/918 925/925
f 926/926 925/925 918/918
f 918/918 919/919 926/926
f 927/927 926/926 919/919
f 919/919 920/920 927/927
f 928/928 927/927 920/920
f 920/920 921/921 928/928
f 929/929 928/928 921/921
f 921/921 922/922 929/929
f 930/930 929/929 922/922
f 922/922 923/923 930/930
f 931/931 930/930 923/923
f 923/923 916/916 931/931
f 924/924 931/931 916/916
f 932/932 676/676 933/933
f 932/932 933/933 934/934
f 935/935 936/936 688/688
f 935/935 685/685 683/683
f 683/683 686/686 936/936
f 688/688 936/936 686/686
f 934/934 681/681 680/680
f 676/676 932/932 692/692
f 680/680 932/932 934/934
f 932/932 680/680 692/692
f 700/700 937/937 699/699
f 699/699 937/937 698/698
f 938/938 698/698 937/937
f 938/938 937/937 696/696
f 697/697 696/696 937/937
f 700/700 697/697 937/937
f 939/939 940/940 706/706
f 707/707 706/706 940/940
f 705/705 707/707 940/940
f 705/705 940/940 941/941
f 941/941 940/940 704/704
f 939/939 704/704 940/940
f 687/687 935/935 688/688
f 935/935 683/683 936/936
f 933/933 676/676 679/679
f 587/587 942/942 582/582
f 943/943 582/582 942/942
f 719/719 942/942 587/587
f 943/943 942/942 585/585
f 586/586 585/585 942/942
f 719/719 586/586 942/942
f 711/711 944/944 716/716
f 945/945 716/716 944/944
f 710/710 944/944 711/711
f 945/945 944/944 715/715
f 713/713 715/715 944/944
f 710/710 713/713 944/944
f 581/581 946/946 579/579
f 947/947 579/579 946/946
f 718/718 946/946 581/581
f 947/947 946/946 577/577
f 580/580 577/577 946/946
f 718/718 580/580 946/946
f 948/948 949/949 950/950
f 571/571 950/950 949/949
f 717/717 571/571 949/949
f 575/575 949/949 951/951
f 948/948 951/951 949/949
f 717/717 949/949 575/575
f 812/812 811/811 952/952
f 953/953 952/952 811/811
f 954/954 955/955 820/820
f 820/820 955/955 821/821
f 819/819 817/817 954/954
f 955/955 954/954 817/817
f 828/828 956/956 827/827
f 957/957 827/827 956/956
f 956/956 830/830 957/957
f 829/829 957/957 830/830
f 953/953 789/789 952/952
f 831/831 952/952 789/789
f 817/817 833/833 955/955
f 958/958 955/955 833/833
f 958/958 834/834 955/955
f 821/821 955/955 834/834
f 835/835 958/958 833/833
f 835/835 834/834 958/958
f 811/811 837/837 953/953
f 959/959 953/953 837/837
f 959/959 838/838 953/953
f 789/789 953/953 838/838
f 839/839 959/959 837/837
f 839/839 838/838 959/959
f 960/960 842/842 841/841
f 960/960 961/961 844/844
f 841/841 848/848 961/961
f 961/961 845/845 844/844
f 960/960 841/841 961/961
f 843/843 960/960 844/844
f 842/842 960/960 828/828
f 956/956 828/828 960/960
f 956/956 960/960 830/830
f 843/843 830/830 960/960
f 849/849 961/961 848/848
f 849/849 845/845 961/961
f 962/962 963/963 860/860
f 962/962 964/964 963/963
f 965/965 966/966 883/883
f 965/965 967/967 966/966
f 968/968 969/969 889/889
f 968/968 970/970 969/969
f 971/971 972/972 894/894
f 971/971 973/973 972/972
f 974/974 975/975 900/900
f 974/974 976/976 975/975
f 977/977 978/978 905/905
f 977/977 979/979 978/978
f 514/514 980/980 981/981
f 513/513 508/508 507/507
f 512/512 513/513 982/982
f 507/507 982/982 513/513
f 514/514 512/512 980/980
f 982/982 980/980 512/512
f 524/524 523/523 526/526
f 518/518 519/519 983/983
f 984/984 983/983 519/519
f 532/532 985/985 986/986
f 541/541 987/987 988/988
f 531/531 535/535 534/534
f 530/530 531/531 989/989
f 534/534 989/989 531/531
f 532/532 530/530 985/985
f 989/989 985/985 530/530
f 540/540 544/544 543/543
f 539/539 540/540 990/990
f 543/543 990/990 540/540
f 541/541 539/539 987/987
f 990/990 987/987 539/539
f 549/549 551/551 550/550
f 548/548 549/549 991/991
f 550/550 991/991 549/549
f 992/992 548/548 993/993
f 991/991 993/993 548/548
f 556/556 558/558 557/557
f 555/555 556/556 994/994
f 557/557 994/994 556/556
f 563/563 565/565 564/564
f 562/562 563/563 995/995
f 564/564 995/995 563/563
f 996/996 997/997 998/998
f 569/569 997/997 996/996
f 999/999 1000/1000 1001/1001
f 1002/1002 1003/1003 1001/1001
f 1001/1001 1000/1000 1002/1002
f 569/569 996/996 567/567
f 1004/1004 515/515 6/6
f 4/4 6/6 515/515
f 521/521 487/487 490/490
f 487/487 521/521 488/488
f 8/8 488/488 521/521
f 1005/1005 533/533 19/19
f 17/17 19/19 533/533
f 1006/1006 542/542 26/26
f 24/24 26/26 542/542
f 85/85 595/595 86/86
f 595/595 85/85 598/598
f 133/133 106/106 639/639
f 132/132 639/639 106/106
f 85/85 205/205 598/598
f 216/216 218/218 729/729
f 218/218 230/230 729/729
f 1007/1007 729/729 230/230
f 639/639 132/132 220/220
f 222/222 639/639 220/220
f 735/735 1008/1008 1009/1009
f 735/735 1009/1009 1010/1010
f 735/735 771/771 1008/1008
f 185/185 226/226 1011/1011
f 735/735 1010/1010 773/773
f 1012/1012 773/773 1010/1010
f 268/268 773/773 269/269
f 1012/1012 269/269 773/773
f 598/598 205/205 274/274
f 275/275 781/781 274/274
f 598/598 274/274 781/781
f 275/275 1013/1013 781/781
f 784/784 1014/1014 1015/1015
f 784/784 319/319 1014/1014
f 319/319 784/784 299/299
f 286/286 798/798 284/284
f 1016/1016 284/284 798/798
f 286/286 188/188 798/798
f 296/296 798/798 188/188
f 784/784 293/293 292/292
f 292/292 299/299 784/784
f 798/798 296/296 801/801
f 801/801 296/296 295/295
f 303/303 308/308 814/814
f 309/309 814/814 308/308
f 309/309 278/278 814/814
f 1017/1017 347/347 346/346
f 850/850 851/851 347/347
f 345/345 347/347 851/851
f 348/348 345/345 851/851
f 887/887 353/353 350/350
f 1018/1018 364/364 363/363
f 1018/1018 363/363 366/366
f 1019/1019 863/863 1020/1020
f 1019/1019 1020/1020 865/865
f 1021/1021 362/362 359/359
f 1022/1022 361/361 362/362
f 1023/1023 365/365 364/364
f 1024/1024 366/366 365/365
f 1020/1020 863/863 1025/1025
f 1026/1026 1025/1025 863/863
f 1027/1027 865/865 1025/1025
f 1020/1020 1025/1025 865/865
f 866/866 867/867 369/369
f 367/367 369/369 867/867
f 371/371 367/367 867/867
f 870/870 373/373 372/372
f 870/870 372/372 872/872
f 1028/1028 872/872 374/374
f 372/372 374/374 872/872
f 878/878 377/377 879/879
f 379/379 879/879 377/377
f 392/392 887/887 386/386
f 350/350 386/386 887/887
f 898/898 392/392 390/390
f 404/404 898/898 396/396
f 390/390 396/396 898/898
f 878/878 408/408 377/377
f 1004/1004 980/980 981/981
f 1004/1004 6/6 980/980
f 483/483 980/980 6/6
f 1005/1005 985/985 986/986
f 1006/1006 987/987 988/988
f 35/35 993/993 1029/1029
f 44/44 495/495 1030/1030
f 1005/1005 19/19 985/985
f 491/491 985/985 19/19
f 1006/1006 26/26 987/987
f 492/492 987/987 26/26
f 35/35 33/33 993/993
f 493/493 993/993 33/33
f 521/521 520/520 490/490
f 992/992 36/36 548/548
f 546/546 548/548 36/36
f 1031/1031 45/45 555/555
f 553/553 555/555 45/45
f 1032/1032 54/54 562/562
f 560/560 562/562 54/54
f 127/127 655/655 606/606
f 605/605 129/129 127/127
f 127/127 606/606 605/605
f 659/659 655/655 131/131
f 127/127 131/131 655/655
f 617/617 133/133 610/610
f 134/134 610/610 133/133
f 133/133 617/617 639/639
f 134/134 609/609 610/610
f 134/134 605/605 609/609
f 129/129 605/605 134/134
f 659/659 131/131 671/671
f 164/164 671/671 131/131
f 691/691 185/185 186/186
f 216/216 731/731 727/727
f 723/723 689/689 222/222
f 689/689 186/186 222/222
f 223/223 722/722 596/596
f 216/216 727/727 729/729
f 721/721 723/723 222/222
f 1033/1033 185/185 691/691
f 689/689 691/691 186/186
f 227/227 223/223 596/596
f 1007/1007 729/729 728/728
f 222/222 639/639 721/721
f 767/767 769/769 265/265
f 268/268 776/776 767/767
f 185/185 1033/1033 1011/1011
f 268/268 767/767 265/265
f 268/268 773/773 776/776
f 780/780 1013/1013 781/781
f 278/278 1034/1034 280/280
f 784/784 786/786 1015/1015
f 1016/1016 791/791 798/798
f 769/769 797/797 265/265
f 291/291 265/265 797/797
f 784/784 293/293 800/800
f 800/800 293/293 802/802
f 295/295 802/802 293/293
f 802/802 295/295 799/799
f 801/801 799/799 295/295
f 278/278 815/815 1034/1034
f 815/815 278/278 814/814
f 853/853 346/346 852/852
f 1017/1017 852/852 346/346
f 348/348 346/346 853/853
f 348/348 853/853 851/851
f 887/887 353/353 855/855
f 857/857 855/855 353/353
f 358/358 359/359 1035/1035
f 358/358 1035/1035 361/361
f 1018/1018 364/364 1036/1036
f 1018/1018 1036/1036 366/366
f 1019/1019 863/863 862/862
f 1019/1019 862/862 865/865
f 1035/1035 359/359 1037/1037
f 1021/1021 1037/1037 359/359
f 1022/1022 361/361 1037/1037
f 1035/1035 1037/1037 361/361
f 1036/1036 364/364 1038/1038
f 1023/1023 1038/1038 364/364
f 1024/1024 366/366 1038/1038
f 1036/1036 1038/1038 366/366
f 1026/1026 864/864 863/863
f 1027/1027 865/865 864/864
f 869/869 368/368 868/868
f 370/370 868/868 368/368
f 371/371 368/368 869/869
f 371/371 869/869 867/867
f 870/870 373/373 871/871
f 871/871 373/373 873/873
f 375/375 873/873 373/373
f 1028/1028 872/872 873/873
f 392/392 887/887 886/886
f 898/898 392/392 891/891
f 886/886 891/891 392/392
f 404/404 898/898 896/896
f 403/403 404/404 902/902
f 896/896 902/902 404/404
f 878/878 408/408 875/875
f 880/880 875/875 408/408
f 520/520 522/522 489/489
f 983/983 489/489 522/522
f 520/520 489/489 490/490
f 992/992 993/993 1029/1029
f 1031/1031 495/495 1030/1030
f 1031/1031 555/555 495/495
f 994/994 495/495 555/555
f 1032/1032 562/562 497/497
f 995/995 497/497 562/562
f 1032/1032 497/497 498/498

g Object_n_201.jpg

usemtl mat_1-n_201.jpg

f 1039/1039 1040/1040 1041/1041
f 1042/1042 1043/1043 1044/1044
f 1040/1040 1044/1044 1043/1043
f 1039/1039 1041/1041 1045/1045
f 1046/1046 1047/1047 1048/1048
f 1049/1049 1046/1046 1050/1050
f 1051/1051 1047/1047 1046/1046
f 1050/1050 1046/1046 1052/1052
f 1053/1053 1049/1049 1054/1054
f 1049/1049 1050/1050 1054/1054
f 1049/1049 1055/1055 1051/1051
f 1049/1049 1051/1051 1046/1046
f 1055/1055 1049/1049 1053/1053
f 1056/1056 1057/1057 1058/1058
f 1056/1056 1059/1059 1057/1057
f 1060/1060 1061/1061 1062/1062
f 1060/1060 1063/1063 1061/1061
f 1064/1064 1061/1061 1063/1063
f 1064/1064 1065/1065 1061/1061
f 1066/1066 1061/1061 1065/1065
f 1062/1062 1061/1061 1059/1059
f 1066/1066 1059/1059 1061/1061
f 1067/1067 1068/1068 1065/1065
f 1063/1063 1069/1069 1070/1070
f 1063/1063 1060/1060 1069/1069
f 1071/1071 1072/1072 1073/1073
f 1071/1071 1073/1073 1074/1074
f 1075/1075 1074/1074 1076/1076
f 1076/1076 1077/1077 1075/1075
f 1069/1069 1075/1075 1077/1077
f 1069/1069 1077/1077 1070/1070
f 1078/1078 1070/1070 1077/1077
f 1067/1067 1065/1065 1064/1064
f 1056/1056 1062/1062 1059/1059
f 1060/1060 1062/1062 1056/1056
f 1058/1058 1079/1079 1056/1056
f 1080/1080 1075/1075 1060/1060
f 1069/1069 1060/1060 1075/1075
f 1056/1056 1079/1079 1060/1060
f 1080/1080 1060/1060 1079/1079
f 1081/1081 1082/1082 1083/1083
f 1081/1081 1084/1084 1082/1082
f 1078/1078 1072/1072 1070/1070
f 1085/1085 1070/1070 1072/1072
f 1086/1086 1067/1067 1087/1087
f 1083/1083 1088/1088 1089/1089
f 1083/1083 1082/1082 1088/1088
f 1087/1087 1090/1090 1091/1091
f 1090/1090 1084/1084 1091/1091
f 1081/1081 1091/1091 1084/1084
f 1084/1084 1092/1092 1082/1082
f 1093/1093 1050/1050 1094/1094
f 1093/1093 1054/1054 1050/1050
f 1048/1048 1095/1095 1096/1096
f 1092/1092 1096/1096 1095/1095
f 1085/1085 1096/1096 1092/1092
f 1085/1085 1097/1097 1096/1096
f 1052/1052 1096/1096 1097/1097
f 1096/1096 1052/1052 1048/1048
f 1046/1046 1048/1048 1052/1052
f 1082/1082 1098/1098 1088/1088
f 1098/1098 1082/1082 1095/1095
f 1092/1092 1095/1095 1082/1082
f 1099/1099 1090/1090 1087/1087
f 1071/1071 1085/1085 1072/1072
f 1097/1097 1085/1085 1071/1071
f 1070/1070 1090/1090 1063/1063
f 1074/1074 1075/1075 1094/1094
f 1075/1075 1093/1093 1094/1094
f 1075/1075 1080/1080 1093/1093
f 1084/1084 1090/1090 1085/1085
f 1070/1070 1085/1085 1090/1090
f 1071/1071 1074/1074 1097/1097
f 1094/1094 1097/1097 1074/1074
f 1087/1087 1067/1067 1099/1099
f 1063/1063 1090/1090 1099/1099
f 1052/1052 1097/1097 1094/1094
f 1084/1084 1085/1085 1092/1092
f 1067/1067 1064/1064 1099/1099
f 1063/1063 1099/1099 1064/1064
f 1093/1093 1080/1080 1079/1079
f 1100/1100 1093/1093 1058/1058
f 1079/1079 1058/1058 1093/1093
f 1100/1100 1054/1054 1093/1093
f 1050/1050 1052/1052 1094/1094
f 1101/1101 1102/1102 1103/1103
f 1104/1104 1103/1103 1102/1102
f 1105/1105 1106/1106 1107/1107
f 1108/1108 1109/1109 1110/1110
f 1111/1111 1110/1110 1109/1109
f 1112/1112 1113/1113 1114/1114
f 1115/1115 1116/1116 1117/1117
f 1118/1118 1117/1117 1116/1116
f 1119/1119 1120/1120 1121/1121
f 1122/1122 1121/1121 1120/1120
f 1123/1123 1124/1124 1125/1125
f 1126/1126 1127/1127 1128/1128
f 1129/1129 1128/1128 1127/1127
f 1130/1130 1131/1131 1132/1132
f 1133/1133 1134/1134 1110/1110
f 1108/1108 1110/1110 1134/1134
f 1135/1135 1136/1136 1121/1121
f 1119/1119 1121/1121 1136/1136
f 1137/1137 1081/1081 1138/1138
f 1139/1139 1140/1140 1141/1141
f 1142/1142 1141/1141 1140/1140
f 1143/1143 1144/1144 1145/1145
f 1146/1146 1145/1145 1144/1144
f 1147/1147 1148/1148 1149/1149
f 1150/1150 1149/1149 1148/1148
f 1151/1151 1152/1152 1153/1153
f 1154/1154 1155/1155 1156/1156
f 1157/1157 1158/1158 1137/1137
f 1086/1086 1087/1087 1158/1158
f 1137/1137 1158/1158 1087/1087
f 1159/1159 1160/1160 1161/1161
f 1144/1144 1162/1162 1163/1163
f 1143/1143 1162/1162 1144/1144
f 1164/1164 1165/1165 1166/1166
f 1164/1164 1167/1167 1165/1165
f 1164/1164 1168/1168 1167/1167
f 1168/1168 1169/1169 1167/1167
f 1166/1166 1170/1170 1171/1171
f 1170/1170 1166/1166 1165/1165
f 1166/1166 1172/1172 1173/1173
f 1171/1171 1172/1172 1166/1166
f 1173/1173 1164/1164 1166/1166
f 1167/1167 1174/1174 1175/1175
f 1172/1172 1146/1146 1173/1173
f 1172/1172 1145/1145 1146/1146
f 1176/1176 1177/1177 1178/1178
f 1179/1179 1178/1178 1177/1177
f 1180/1180 1181/1181 1182/1182
f 1183/1183 1184/1184 1185/1185
f 1186/1186 1185/1185 1184/1184
f 1187/1187 1188/1188 1189/1189
f 1190/1190 1189/1189 1188/1188
f 1191/1191 1192/1192 1193/1193
f 1170/1170 1165/1165 1194/1194
f 1195/1195 1194/1194 1165/1165
f 1175/1175 1165/1165 1167/1167
f 1165/1165 1175/1175 1195/1195
f 1169/1169 1174/1174 1167/1167
f 1157/1157 1137/1137 1196/1196
f 1196/1196 1137/1137 1138/1138
f 1083/1083 1089/1089 1197/1197
f 1198/1198 1197/1197 1089/1089
f 1081/1081 1083/1083 1138/1138
f 1197/1197 1138/1138 1083/1083
f 1137/1137 1091/1091 1081/1081
f 1137/1137 1087/1087 1091/1091
f 1199/1199 1200/1200 1201/1201
f 1202/1202 1203/1203 1204/1204
f 1205/1205 1204/1204 1203/1203
f 1206/1206 1207/1207 1208/1208
f 1209/1209 1210/1210 1211/1211
f 1163/1163 1212/1212 1144/1144
f 502/502 1213/1213 503/503
f 1146/1146 1214/1214 1173/1173
f 1144/1144 1212/1212 1146/1146
f 1214/1214 1146/1146 1212/1212
f 1197/1197 1215/1215 1138/1138
f 1196/1196 1138/1138 1215/1215
f 1216/1216 1171/1171 1170/1170
f 1158/1158 1217/1217 1086/1086
f 1218/1218 1219/1219 1141/1141
f 1139/1139 1141/1141 1219/1219
f 1220/1220 1221/1221 1178/1178
f 1176/1176 1178/1178 1221/1221
f 1222/1222 1223/1223 1224/1224
f 1225/1225 1224/1224 1223/1223
f 1226/1226 1227/1227 1228/1228
f 1229/1229 1228/1228 1227/1227
f 1170/1170 1194/1194 1216/1216
f 1230/1230 1162/1162 1143/1143
f 1231/1231 1232/1232 1149/1149
f 1147/1147 1149/1149 1232/1232
f 1233/1233 1234/1234 1204/1204
f 1202/1202 1204/1204 1234/1234
f 1235/1235 1236/1236 1237/1237
f 1238/1238 1239/1239 1240/1240
f 1236/1236 1241/1241 1242/1242
f 1243/1243 1244/1244 1245/1245
f 1246/1246 1247/1247 1248/1248
f 1249/1249 1250/1250 1251/1251
f 1252/1252 1244/1244 1253/1253
f 1243/1243 1253/1253 1244/1244
f 1254/1254 1255/1255 1253/1253
f 1252/1252 1253/1253 1255/1255
f 1256/1256 1257/1257 1258/1258
f 1259/1259 1258/1258 1257/1257
f 1256/1256 1258/1258 1260/1260
f 1254/1254 1261/1261 1255/1255
f 1262/1262 1263/1263 1264/1264
f 1265/1265 1264/1264 1263/1263
f 1265/1265 1266/1266 1264/1264
f 1249/1249 1251/1251 1267/1267
f 1268/1268 1267/1267 1251/1251
f 1268/1268 1241/1241 1267/1267
f 1236/1236 1267/1267 1241/1241
f 1269/1269 1270/1270 1271/1271
f 1272/1272 1271/1271 1270/1270
f 1269/1269 1271/1271 1273/1273
f 1274/1274 1247/1247 1275/1275
f 1246/1246 1275/1275 1247/1247
f 1276/1276 1277/1277 1275/1275
f 1274/1274 1275/1275 1277/1277
f 1276/1276 1278/1278 1277/1277
f 1279/1279 1280/1280 1281/1281
f 1282/1282 1281/1281 1280/1280
f 1283/1283 1282/1282 1280/1280
f 1284/1284 1285/1285 1286/1286
f 1287/1287 1285/1285 1284/1284
f 1288/1288 1289/1289 1290/1290
f 1238/1238 1276/1276 1275/1275
f 1291/1291 1292/1292 1293/1293
f 1292/1292 1294/1294 1293/1293
f 1295/1295 1296/1296 1297/1297
f 1295/1295 1298/1298 1296/1296
f 1299/1299 1300/1300 1301/1301
f 1301/1301 1302/1302 1303/1303
f 1304/1304 1305/1305 1306/1306
f 1306/1306 1307/1307 1308/1308
f 1299/1299 1301/1301 1303/1303
f 1304/1304 1306/1306 1308/1308
f 1306/1306 1301/1301 1307/1307
f 1300/1300 1307/1307 1301/1301
f 1305/1305 1302/1302 1306/1306
f 1301/1301 1306/1306 1302/1302
f 1294/1294 1292/1292 1249/1249
f 1309/1309 1298/1298 1295/1295
f 1310/1310 1311/1311 1293/1293
f 1311/1311 1312/1312 1293/1293
f 1313/1313 1309/1309 1295/1295
f 1314/1314 1315/1315 1316/1316
f 1317/1317 1318/1318 1314/1314
f 1319/1319 1243/1243 1314/1314
f 1317/1317 1314/1314 1249/1249
f 1315/1315 1314/1314 1243/1243
f 1320/1320 1321/1321 1322/1322
f 1320/1320 1322/1322 1323/1323
f 1313/1313 1324/1324 1320/1320
f 1250/1250 1292/1292 1325/1325
f 1291/1291 1325/1325 1292/1292
f 1261/1261 1297/1297 1326/1326
f 1296/1296 1326/1326 1297/1297
f 1248/1248 1327/1327 1320/1320
f 1327/1327 1321/1321 1320/1320
f 1248/1248 1320/1320 1324/1324
f 1313/1313 1320/1320 1323/1323
f 1312/1312 1291/1291 1293/1293
f 1310/1310 1293/1293 1294/1294
f 1328/1328 1295/1295 1297/1297
f 1313/1313 1295/1295 1328/1328
f 1314/1314 1294/1294 1249/1249
f 1329/1329 1298/1298 1309/1309
f 1249/1249 1292/1292 1250/1250
f 1254/1254 1297/1297 1261/1261
f 1276/1276 1240/1240 1278/1278
f 1243/1243 1245/1245 1330/1330
f 1236/1236 1242/1242 1237/1237
f 1246/1246 1248/1248 1331/1331
f 1332/1332 1333/1333 1334/1334
f 1328/1328 1254/1254 1334/1334
f 1334/1334 1333/1333 1335/1335
f 1319/1319 1332/1332 1334/1334
f 1328/1328 1334/1334 1335/1335
f 1319/1319 1334/1334 1254/1254
f 1336/1336 1337/1337 1338/1338
f 1339/1339 1340/1340 1341/1341
f 1342/1342 1343/1343 1337/1337
f 1313/1313 1328/1328 1344/1344
f 1345/1345 1346/1346 1275/1275
f 1347/1347 1348/1348 1349/1349
f 1288/1288 1350/1350 1351/1351
f 1352/1352 1349/1349 1353/1353
f 1354/1354 1355/1355 1356/1356
f 1349/1349 1357/1357 1358/1358
f 1358/1358 1347/1347 1349/1349
f 1359/1359 1351/1351 1356/1356
f 1359/1359 1288/1288 1351/1351
f 1354/1354 1356/1356 1351/1351
f 1349/1349 1348/1348 1353/1353
f 1354/1354 1351/1351 1350/1350
f 1360/1360 1352/1352 1353/1353
f 1352/1352 1361/1361 1362/1362
f 1349/1349 1352/1352 1362/1362
f 1349/1349 1363/1363 1357/1357
f 1357/1357 1364/1364 1358/1358
f 1365/1365 1235/1235 1237/1237
f 1330/1330 1315/1315 1243/1243
f 1238/1238 1275/1275 1346/1346
f 1366/1366 1367/1367 1238/1238
f 1367/1367 1368/1368 1238/1238
f 1368/1368 1239/1239 1238/1238
f 1345/1345 1366/1366 1346/1346
f 1345/1345 1275/1275 1246/1246
f 1346/1346 1366/1366 1238/1238
f 1238/1238 1240/1240 1276/1276
f 1236/1236 1235/1235 1317/1317
f 1340/1340 1369/1369 1287/1287
f 1370/1370 1338/1338 1286/1286
f 1371/1371 1355/1355 1354/1354
f 1371/1371 1354/1354 1372/1372
f 1372/1372 1354/1354 1350/1350
f 1290/1290 1373/1373 1374/1374
f 1359/1359 1375/1375 1288/1288
f 1376/1376 1377/1377 1378/1378
f 1376/1376 1290/1290 1366/1366
f 1379/1379 1380/1380 1376/1376
f 1381/1381 1372/1372 1382/1382
f 1381/1381 1382/1382 1380/1380
f 1383/1383 1384/1384 1385/1385
f 1384/1384 1383/1383 1386/1386
f 1350/1350 1374/1374 1387/1387
f 1388/1388 1387/1387 1374/1374
f 1372/1372 1350/1350 1389/1389
f 1387/1387 1389/1389 1350/1350
f 1388/1388 1374/1374 1390/1390
f 1373/1373 1390/1390 1374/1374
f 1390/1390 1373/1373 1383/1383
f 1386/1386 1383/1383 1373/1373
f 1385/1385 1384/1384 1389/1389
f 1372/1372 1389/1389 1384/1384
f 1371/1371 1372/1372 1381/1381
f 1391/1391 1367/1367 1289/1289
f 1290/1290 1374/1374 1288/1288
f 1367/1367 1290/1290 1289/1289
f 1381/1381 1380/1380 1392/1392
f 1339/1339 1393/1393 1394/1394
f 1395/1395 1394/1394 1393/1393
f 1395/1395 1393/1393 1396/1396
f 1397/1397 1396/1396 1393/1393
f 1392/1392 1380/1380 1398/1398
f 1376/1376 1366/1366 1399/1399
f 1367/1367 1366/1366 1290/1290
f 1342/1342 1337/1337 1336/1336
f 1397/1397 1337/1337 1396/1396
f 1343/1343 1396/1396 1337/1337
f 1336/1336 1338/1338 1370/1370
f 1367/1367 1391/1391 1368/1368
f 1398/1398 1400/1400 1401/1401
f 1382/1382 1376/1376 1380/1380
f 1382/1382 1377/1377 1376/1376
f 1376/1376 1378/1378 1290/1290
f 1374/1374 1350/1350 1288/1288
f 1373/1373 1290/1290 1378/1378
f 1392/1392 1398/1398 1401/1401
f 1377/1377 1386/1386 1378/1378
f 1382/1382 1384/1384 1377/1377
f 1386/1386 1377/1377 1384/1384
f 1384/1384 1382/1382 1372/1372
f 1373/1373 1378/1378 1386/1386
f 1289/1289 1288/1288 1375/1375
f 1402/1402 1403/1403 1319/1319
f 1317/1317 1379/1379 1318/1318
f 1404/1404 1405/1405 1406/1406
f 1407/1407 1408/1408 1404/1404
f 1399/1399 1379/1379 1376/1376
f 1332/1332 1319/1319 1403/1403
f 1254/1254 1253/1253 1319/1319
f 1398/1398 1380/1380 1379/1379
f 1235/1235 1398/1398 1379/1379
f 1340/1340 1287/1287 1341/1341
f 1370/1370 1286/1286 1308/1308
f 1338/1338 1284/1284 1286/1286
f 1397/1397 1393/1393 1284/1284
f 1341/1341 1284/1284 1393/1393
f 1339/1339 1341/1341 1393/1393
f 1341/1341 1287/1287 1284/1284
f 1284/1284 1338/1338 1397/1397
f 1337/1337 1397/1397 1338/1338
f 1235/1235 1365/1365 1398/1398
f 1400/1400 1398/1398 1365/1365
f 1243/1243 1319/1319 1253/1253
f 1391/1391 1289/1289 1375/1375
f 1249/1249 1267/1267 1317/1317
f 1317/1317 1235/1235 1379/1379
f 1236/1236 1317/1317 1267/1267
f 1319/1319 1314/1314 1402/1402
f 1297/1297 1254/1254 1328/1328
f 1409/1409 1410/1410 1411/1411
f 1412/1412 1413/1413 1414/1414
f 1409/1409 1411/1411 1415/1415
f 1416/1416 1415/1415 1411/1411
f 1417/1417 1413/1413 1418/1418
f 1412/1412 1418/1418 1413/1413
f 1419/1419 1420/1420 1421/1421
f 1422/1422 1421/1421 1420/1420
f 1423/1423 1424/1424 1425/1425
f 1426/1426 1425/1425 1424/1424
f 1427/1427 1428/1428 1424/1424
f 1426/1426 1424/1424 1428/1428
f 1429/1429 1411/1411 1430/1430
f 1431/1431 1432/1432 1433/1433
f 1434/1434 1435/1435 1436/1436
f 1435/1435 1437/1437 1436/1436
f 1438/1438 1439/1439 1440/1440
f 1441/1441 1442/1442 1443/1443
f 1441/1441 1443/1443 1440/1440
f 1444/1444 1445/1445 1438/1438
f 1446/1446 1447/1447 1435/1435
f 1434/1434 1448/1448 1435/1435
f 1447/1447 1437/1437 1435/1435
f 1449/1449 1434/1434 1436/1436
f 1444/1444 1443/1443 1442/1442
f 1448/1448 1446/1446 1435/1435
f 1434/1434 1449/1449 1450/1450
f 1451/1451 1452/1452 1440/1440
f 1439/1439 1453/1453 1451/1451
f 1450/1450 1451/1451 1453/1453
f 1452/1452 1441/1441 1440/1440
f 1453/1453 1434/1434 1450/1450
f 1439/1439 1451/1451 1440/1440
f 1452/1452 1449/1449 1441/1441
f 1436/1436 1441/1441 1449/1449
f 1452/1452 1451/1451 1449/1449
f 1450/1450 1449/1449 1451/1451
f 1438/1438 1440/1440 1443/1443
f 1454/1454 1434/1434 1453/1453
f 1455/1455 1432/1432 1431/1431
f 1455/1455 1456/1456 1432/1432
f 1432/1432 1457/1457 1433/1433
f 1431/1431 1433/1433 1438/1438
f 1458/1458 1459/1459 1453/1453
f 1454/1454 1453/1453 1459/1459
f 1460/1460 1457/1457 1432/1432
f 1459/1459 1458/1458 1461/1461
f 1462/1462 1461/1461 1458/1458
f 1463/1463 1464/1464 1436/1436
f 1441/1441 1436/1436 1464/1464
f 1442/1442 1465/1465 1444/1444
f 1466/1466 1465/1465 1442/1442
f 1467/1467 1387/1387 1463/1463
f 1387/1387 1467/1467 1389/1389
f 1437/1437 1463/1463 1436/1436
f 1463/1463 1437/1437 1467/1467
f 1464/1464 1442/1442 1441/1441
f 1442/1442 1464/1464 1466/1466
f 1468/1468 1389/1389 1467/1467
f 1468/1468 1385/1385 1389/1389
f 1468/1468 1444/1444 1465/1465
f 1443/1443 1444/1444 1438/1438
f 1466/1466 1383/1383 1465/1465
f 1466/1466 1390/1390 1383/1383
f 1464/1464 1388/1388 1466/1466
f 1390/1390 1466/1466 1388/1388
f 1383/1383 1385/1385 1465/1465
f 1468/1468 1465/1465 1385/1385
f 1463/1463 1387/1387 1464/1464
f 1388/1388 1464/1464 1387/1387
f 1438/1438 1469/1469 1439/1439
f 1438/1438 1433/1433 1469/1469
f 1437/1437 1447/1447 1467/1467
f 1467/1467 1447/1447 1468/1468
f 1468/1468 1447/1447 1444/1444
f 1447/1447 1446/1446 1444/1444
f 1445/1445 1444/1444 1446/1446
f 1459/1459 1456/1456 1448/1448
f 1446/1446 1448/1448 1456/1456
f 1469/1469 1458/1458 1439/1439
f 1453/1453 1439/1439 1458/1458
f 1470/1470 1469/1469 1457/1457
f 1433/1433 1457/1457 1469/1469
f 1460/1460 1432/1432 1471/1471
f 1456/1456 1471/1471 1432/1432
f 1456/1456 1459/1459 1471/1471
f 1461/1461 1471/1471 1459/1459
f 1458/1458 1469/1469 1462/1462
f 1470/1470 1462/1462 1469/1469
f 1472/1472 1471/1471 1461/1461
f 1473/1473 1471/1471 1472/1472
f 1461/1461 1462/1462 1472/1472
f 1474/1474 1472/1472 1462/1462
f 1457/1457 1475/1475 1470/1470
f 1476/1476 1457/1457 1460/1460
f 1460/1460 1471/1471 1476/1476
f 1473/1473 1476/1476 1471/1471
f 1474/1474 1462/1462 1475/1475
f 1470/1470 1475/1475 1462/1462
f 1477/1477 1478/1478 1479/1479
f 1480/1480 1479/1479 1478/1478
f 1481/1481 1482/1482 1483/1483
f 1484/1484 1483/1483 1482/1482
f 1478/1478 1477/1477 1485/1485
f 1486/1486 1487/1487 1488/1488
f 1489/1489 1490/1490 1491/1491
f 1492/1492 1491/1491 1490/1490
f 1493/1493 1494/1494 1495/1495
f 1496/1496 1495/1495 1494/1494
f 1497/1497 1489/1489 1498/1498
f 1491/1491 1498/1498 1489/1489
f 1499/1499 1493/1493 1500/1500
f 1495/1495 1500/1500 1493/1493
f 1501/1501 1502/1502 1503/1503
f 1504/1504 1503/1503 1502/1502
f 1505/1505 1506/1506 1503/1503
f 1501/1501 1503/1503 1506/1506
f 1507/1507 1506/1506 1508/1508
f 1505/1505 1508/1508 1506/1506
f 1508/1508 1505/1505 1509/1509
f 1510/1510 1509/1509 1505/1505
f 1511/1511 1512/1512 1513/1513
f 1514/1514 1513/1513 1512/1512
f 1511/1511 1515/1515 1512/1512
f 1516/1516 1513/1513 1514/1514
f 1511/1511 1513/1513 1517/1517
f 1518/1518 1517/1517 1513/1513
f 1517/1517 1518/1518 1508/1508
f 1507/1507 1508/1508 1518/1518
f 1511/1511 1517/1517 1519/1519
f 1520/1520 1521/1521 1522/1522
f 1522/1522 1523/1523 1524/1524
f 1525/1525 1524/1524 1523/1523
f 1521/1521 1523/1523 1522/1522
f 1526/1526 1527/1527 1528/1528
f 1526/1526 1528/1528 1529/1529
f 1530/1530 1529/1529 1528/1528
f 1528/1528 1531/1531 1530/1530
f 1532/1532 1530/1530 1531/1531
f 1527/1527 1531/1531 1528/1528
f 1533/1533 1534/1534 1535/1535
f 1536/1536 1535/1535 1534/1534
f 1533/1533 1535/1535 1537/1537
f 1538/1538 1537/1537 1535/1535
f 1520/1520 1522/1522 1539/1539
f 1524/1524 1539/1539 1522/1522
f 1540/1540 1541/1541 1533/1533
f 1534/1534 1533/1533 1541/1541
f 1540/1540 1533/1533 1542/1542
f 1537/1537 1542/1542 1533/1533
f 1543/1543 1544/1544 1545/1545
f 1546/1546 1536/1536 1534/1534
f 1546/1546 1534/1534 1541/1541
f 1547/1547 1548/1548 1549/1549
f 1550/1550 1551/1551 1552/1552
f 1551/1551 1550/1550 1553/1553
f 379/379 1553/1553 1550/1550
f 1553/1553 379/379 376/376
f 1547/1547 1552/1552 1551/1551
f 1554/1554 1552/1552 1549/1549
f 1547/1547 1549/1549 1552/1552
f 1555/1555 1550/1550 1554/1554
f 1552/1552 1554/1554 1550/1550
f 1550/1550 1555/1555 379/379
f 1556/1556 1557/1557 1558/1558
f 1559/1559 1560/1560 1561/1561
f 1562/1562 1563/1563 1564/1564
f 1565/1565 1566/1566 1567/1567
f 1568/1568 1569/1569 1570/1570
f 1571/1571 1572/1572 1573/1573
f 1574/1574 1565/1565 1575/1575
f 1567/1567 1575/1575 1565/1565
f 1576/1576 1575/1575 1577/1577
f 1567/1567 1577/1577 1575/1575
f 1578/1578 1568/1568 1579/1579
f 1570/1570 1579/1579 1568/1568
f 1570/1570 1580/1580 1579/1579
f 1581/1581 1582/1582 1583/1583
f 1581/1581 1583/1583 1584/1584
f 1585/1585 1566/1566 1565/1565
f 1585/1585 1565/1565 1574/1574
f 1586/1586 1587/1587 1588/1588
f 1589/1589 1588/1588 1587/1587
f 1557/1557 1590/1590 1558/1558
f 1583/1583 1582/1582 1591/1591
f 1592/1592 1584/1584 1591/1591
f 1583/1583 1591/1591 1584/1584
f 1593/1593 1594/1594 1595/1595
f 1596/1596 1595/1595 1594/1594
f 1597/1597 1598/1598 1595/1595
f 1593/1593 1595/1595 1598/1598
f 1599/1599 1600/1600 1601/1601
f 1602/1602 1603/1603 1604/1604
f 1605/1605 1606/1606 1602/1602
f 1607/1607 1602/1602 1606/1606
f 1608/1608 1609/1609 1604/1604
f 1610/1610 1604/1604 1609/1609
f 1602/1602 1604/1604 1605/1605
f 1610/1610 1605/1605 1604/1604
f 1611/1611 1612/1612 1613/1613
f 1614/1614 1615/1615 1616/1616
f 1617/1617 1618/1618 1614/1614
f 1619/1619 1611/1611 1613/1613
f 1620/1620 1615/1615 1621/1621
f 1614/1614 1621/1621 1615/1615
f 1621/1621 1614/1614 1622/1622
f 1618/1618 1622/1622 1614/1614
f 1617/1617 1614/1614 1616/1616
f 1613/1613 1612/1612 1621/1621
f 1620/1620 1621/1621 1612/1612
f 1623/1623 1613/1613 1622/1622
f 1621/1621 1622/1622 1613/1613
f 1619/1619 1613/1613 1623/1623
f 1615/1615 1620/1620 1624/1624
f 1616/1616 1615/1615 1624/1624
f 1612/1612 1624/1624 1620/1620
f 1611/1611 1624/1624 1612/1612
f 1625/1625 1626/1626 1627/1627
f 1628/1628 1627/1627 1626/1626
f 1629/1629 1630/1630 1631/1631
f 1632/1632 1629/1629 1631/1631
f 1633/1633 1634/1634 1635/1635
f 1635/1635 1636/1636 1637/1637
f 1631/1631 1630/1630 1638/1638
f 1639/1639 1638/1638 1630/1630
f 1631/1631 1638/1638 1640/1640
f 1641/1641 1640/1640 1638/1638
f 1632/1632 1631/1631 1640/1640
f 1639/1639 1636/1636 1638/1638
f 1635/1635 1638/1638 1636/1636
f 1641/1641 1638/1638 1634/1634
f 1635/1635 1634/1634 1638/1638
f 1633/1633 1635/1635 1637/1637
f 1630/1630 1642/1642 1639/1639
f 1629/1629 1642/1642 1630/1630
f 1636/1636 1639/1639 1642/1642
f 1637/1637 1636/1636 1642/1642
f 1643/1643 1644/1644 1645/1645
f 1646/1646 1645/1645 1644/1644
f 1647/1647 1648/1648 1649/1649
f 1650/1650 1651/1651 1643/1643
f 1649/1649 1652/1652 1653/1653
f 1651/1651 1644/1644 1643/1643
f 1646/1646 1652/1652 1645/1645
f 1649/1649 1645/1645 1652/1652
f 1654/1654 1645/1645 1648/1648
f 1649/1649 1648/1648 1645/1645
f 1647/1647 1649/1649 1653/1653
f 1643/1643 1645/1645 1655/1655
f 1654/1654 1655/1655 1645/1645
f 1650/1650 1643/1643 1655/1655
f 1652/1652 1646/1646 1656/1656
f 1653/1653 1652/1652 1656/1656
f 1644/1644 1656/1656 1646/1646
f 1651/1651 1656/1656 1644/1644
f 1657/1657 1626/1626 1625/1625
f 1658/1658 1659/1659 1660/1660
f 1661/1661 1662/1662 1658/1658
f 1663/1663 1657/1657 1625/1625
f 1661/1661 1658/1658 1660/1660
f 1664/1664 1625/1625 1665/1665
f 1627/1627 1665/1665 1625/1625
f 1663/1663 1625/1625 1664/1664
f 1628/1628 1659/1659 1627/1627
f 1658/1658 1627/1627 1659/1659
f 1627/1627 1658/1658 1665/1665
f 1662/1662 1665/1665 1658/1658
f 1666/1666 1660/1660 1659/1659
f 1666/1666 1628/1628 1626/1626
f 1666/1666 1626/1626 1657/1657
f 1666/1666 1659/1659 1628/1628
f 1538/1538 1535/1535 1667/1667
f 1668/1668 1667/1667 1535/1535
f 1532/1532 1531/1531 1669/1669
f 1670/1670 1669/1669 1531/1531
f 1671/1671 1523/1523 1521/1521
f 1670/1670 1531/1531 1527/1527
f 1525/1525 1523/1523 1672/1672
f 1671/1671 1672/1672 1523/1523
f 1672/1672 1671/1671 1539/1539
f 1520/1520 1539/1539 1671/1671
f 1521/1521 1520/1520 1671/1671
f 1669/1669 1670/1670 1529/1529
f 1526/1526 1529/1529 1670/1670
f 1527/1527 1526/1526 1670/1670
f 1535/1535 1536/1536 1668/1668
f 1673/1673 1668/1668 1536/1536
f 1673/1673 1541/1541 1668/1668
f 1540/1540 1668/1668 1541/1541
f 1668/1668 1540/1540 1667/1667
f 1542/1542 1667/1667 1540/1540
f 1546/1546 1673/1673 1536/1536
f 1546/1546 1541/1541 1673/1673
f 1674/1674 1675/1675 1676/1676
f 1675/1675 1677/1677 1676/1676
f 1678/1678 1676/1676 1679/1679
f 1680/1680 1681/1681 1682/1682
f 1680/1680 1683/1683 1681/1681
f 1674/1674 1676/1676 1678/1678
f 1682/1682 1684/1684 1685/1685
f 1682/1682 1685/1685 1680/1680
f 1675/1675 1674/1674 1683/1683
f 1681/1681 1683/1683 1674/1674
f 1686/1686 1687/1687 1688/1688
f 1689/1689 1690/1690 1691/1691
f 1103/1103 1104/1104 1692/1692
f 1693/1693 1692/1692 1104/1104
f 1112/1112 1114/1114 1694/1694
f 1112/1112 1694/1694 1695/1695
f 1110/1110 1111/1111 1696/1696
f 1697/1697 1696/1696 1111/1111
f 1698/1698 1699/1699 1700/1700
f 1699/1699 1698/1698 1701/1701
f 1702/1702 1703/1703 1704/1704
f 1705/1705 1704/1704 1703/1703
f 1706/1706 1707/1707 1708/1708
f 1709/1709 1708/1708 1707/1707
f 1710/1710 1711/1711 1712/1712
f 1713/1713 1712/1712 1711/1711
f 1209/1209 1714/1714 1715/1715
f 1123/1123 1125/1125 1716/1716
f 1123/1123 1716/1716 1717/1717
f 1121/1121 1122/1122 1718/1718
f 1719/1719 1718/1718 1122/1122
f 1130/1130 1132/1132 1720/1720
f 1130/1130 1720/1720 1721/1721
f 1128/1128 1129/1129 1722/1722
f 1723/1723 1722/1722 1129/1129
f 1724/1724 1103/1103 1725/1725
f 1692/1692 1725/1725 1103/1103
f 1726/1726 1128/1128 1727/1727
f 1722/1722 1727/1727 1128/1128
f 1728/1728 1729/1729 1730/1730
f 1149/1149 1150/1150 1731/1731
f 1732/1732 1731/1731 1150/1150
f 1733/1733 1734/1734 1735/1735
f 1736/1736 1735/1735 1734/1734
f 1737/1737 1738/1738 1739/1739
f 1729/1729 1739/1739 1738/1738
f 1740/1740 1151/1151 1153/1153
f 1741/1741 1742/1742 1743/1743
f 1156/1156 1744/1744 1745/1745
f 1744/1744 1156/1156 1155/1155
f 1746/1746 1747/1747 1748/1748
f 1159/1159 1161/1161 1749/1749
f 1159/1159 1749/1749 1750/1750
f 1141/1141 1142/1142 1751/1751
f 1752/1752 1751/1751 1142/1142
f 499/499 1753/1753 1754/1754
f 1755/1755 1753/1753 1728/1728
f 499/499 1728/1728 1753/1753
f 499/499 1754/1754 58/58
f 1756/1756 1180/1180 1757/1757
f 1755/1755 1730/1730 1758/1758
f 1729/1729 1759/1759 1730/1730
f 1758/1758 1730/1730 1759/1759
f 1180/1180 1182/1182 1757/1757
f 1178/1178 1179/1179 1760/1760
f 1761/1761 1760/1760 1179/1179
f 1738/1738 1762/1762 1729/1729
f 1759/1759 1729/1729 1762/1762
f 1734/1734 1762/1762 1736/1736
f 1738/1738 1736/1736 1762/1762
f 1733/1733 1735/1735 1763/1763
f 1187/1187 1189/1189 1764/1764
f 1764/1764 1189/1189 1190/1190
f 1185/1185 1186/1186 1765/1765
f 1766/1766 1765/1765 1186/1186
f 1187/1187 1764/1764 1767/1767
f 1193/1193 1768/1768 1769/1769
f 1192/1192 1768/1768 1193/1193
f 1228/1228 1229/1229 1770/1770
f 1755/1755 1728/1728 1730/1730
f 1728/1728 1739/1739 1729/1729
f 1771/1771 1736/1736 1737/1737
f 1738/1738 1737/1737 1736/1736
f 1772/1772 1735/1735 1771/1771
f 1736/1736 1771/1771 1735/1735
f 1773/1773 1763/1763 1772/1772
f 1735/1735 1772/1772 1763/1763
f 1199/1199 1201/1201 1774/1774
f 1199/1199 1774/1774 1775/1775
f 1206/1206 1208/1208 1776/1776
f 1206/1206 1776/1776 1777/1777
f 1204/1204 1205/1205 1778/1778
f 1779/1779 1778/1778 1205/1205
f 1209/1209 1211/1211 1714/1714
f 1117/1117 1118/1118 1780/1780
f 1781/1781 1780/1780 1118/1118
f 1772/1772 1782/1782 506/506
f 1739/1739 501/501 1783/1783
f 506/506 505/505 1772/1772
f 499/499 501/501 1728/1728
f 1739/1739 1783/1783 1737/1737
f 1784/1784 1737/1737 1783/1783
f 1739/1739 1728/1728 501/501
f 1737/1737 1784/1784 1771/1771
f 1782/1782 1771/1771 1784/1784
f 1772/1772 1771/1771 1782/1782
f 505/505 1773/1773 1772/1772
f 1785/1785 1151/1151 1786/1786
f 1740/1740 1786/1786 1151/1151
f 1785/1785 1786/1786 1787/1787
f 1788/1788 1741/1741 1789/1789
f 1743/1743 1789/1789 1741/1741
f 1788/1788 1789/1789 1790/1790
f 1218/1218 1141/1141 1791/1791
f 1751/1751 1791/1791 1141/1141
f 1231/1231 1149/1149 1792/1792
f 1731/1731 1792/1792 1149/1149
f 1233/1233 1204/1204 1793/1793
f 1778/1778 1793/1793 1204/1204
f 1794/1794 1117/1117 1795/1795
f 1780/1780 1795/1795 1117/1117
f 1796/1796 1797/1797 1798/1798
f 1799/1799 1800/1800 1801/1801
f 1797/1797 1801/1801 1800/1800
f 1796/1796 1798/1798 1802/1802
f 1803/1803 1804/1804 1805/1805
f 1806/1806 1803/1803 1807/1807
f 1808/1808 1804/1804 1803/1803
f 1807/1807 1803/1803 1809/1809
f 1810/1810 1806/1806 1811/1811
f 1806/1806 1807/1807 1811/1811
f 1806/1806 1812/1812 1808/1808
f 1806/1806 1808/1808 1803/1803
f 1812/1812 1806/1806 1810/1810
f 1813/1813 1814/1814 1815/1815
f 1816/1816 1817/1817 1818/1818
f 1816/1816 1819/1819 1817/1817
f 1820/1820 1817/1817 1819/1819
f 1819/1819 1821/1821 1822/1822
f 1819/1819 1816/1816 1821/1821
f 1823/1823 1824/1824 1825/1825
f 1823/1823 1825/1825 1826/1826
f 1827/1827 1826/1826 1828/1828
f 1828/1828 1829/1829 1827/1827
f 1821/1821 1827/1827 1829/1829
f 1821/1821 1829/1829 1822/1822
f 1830/1830 1822/1822 1829/1829
f 1816/1816 1818/1818 1813/1813
f 1815/1815 1831/1831 1813/1813
f 1832/1832 1827/1827 1816/1816
f 1821/1821 1816/1816 1827/1827
f 1813/1813 1831/1831 1816/1816
f 1832/1832 1816/1816 1831/1831
f 1833/1833 1834/1834 1835/1835
f 1833/1833 1836/1836 1834/1834
f 1830/1830 1824/1824 1822/1822
f 1837/1837 1822/1822 1824/1824
f 1838/1838 1839/1839 1840/1840
f 1835/1835 1841/1841 1842/1842
f 1835/1835 1834/1834 1841/1841
f 1840/1840 1843/1843 1844/1844
f 1843/1843 1836/1836 1844/1844
f 1833/1833 1844/1844 1836/1836
f 1836/1836 1845/1845 1834/1834
f 1846/1846 1807/1807 1847/1847
f 1846/1846 1811/1811 1807/1807
f 1805/1805 1848/1848 1849/1849
f 1845/1845 1849/1849 1848/1848
f 1837/1837 1849/1849 1845/1845
f 1837/1837 1850/1850 1849/1849
f 1809/1809 1849/1849 1850/1850
f 1849/1849 1809/1809 1805/1805
f 1803/1803 1805/1805 1809/1809
f 1834/1834 1851/1851 1841/1841
f 1851/1851 1834/1834 1848/1848
f 1845/1845 1848/1848 1834/1834
f 1852/1852 1843/1843 1840/1840
f 1823/1823 1837/1837 1824/1824
f 1850/1850 1837/1837 1823/1823
f 1822/1822 1843/1843 1819/1819
f 1826/1826 1827/1827 1847/1847
f 1827/1827 1846/1846 1847/1847
f 1827/1827 1832/1832 1846/1846
f 1836/1836 1843/1843 1837/1837
f 1822/1822 1837/1837 1843/1843
f 1823/1823 1826/1826 1850/1850
f 1847/1847 1850/1850 1826/1826
f 1840/1840 1839/1839 1852/1852
f 1819/1819 1843/1843 1852/1852
f 1809/1809 1850/1850 1847/1847
f 1836/1836 1837/1837 1845/1845
f 1839/1839 1820/1820 1852/1852
f 1819/1819 1852/1852 1820/1820
f 1846/1846 1832/1832 1831/1831
f 1853/1853 1846/1846 1815/1815
f 1831/1831 1815/1815 1846/1846
f 1853/1853 1811/1811 1846/1846
f 1807/1807 1809/1809 1847/1847
f 1838/1838 1854/1854 1839/1839
f 1855/1855 1856/1856 1857/1857
f 1858/1858 1857/1857 1856/1856
f 1859/1859 1860/1860 1861/1861
f 1862/1862 1863/1863 1864/1864
f 1865/1865 1864/1864 1863/1863
f 1866/1866 1867/1867 1868/1868
f 1869/1869 1870/1870 1871/1871
f 1872/1872 1871/1871 1870/1870
f 1873/1873 1874/1874 1875/1875
f 1876/1876 1875/1875 1874/1874
f 1877/1877 1878/1878 1879/1879
f 1880/1880 1881/1881 1882/1882
f 1883/1883 1882/1882 1881/1881
f 1884/1884 1885/1885 1886/1886
f 1887/1887 1888/1888 1889/1889
f 1887/1887 1889/1889 1857/1857
f 1855/1855 1857/1857 1889/1889
f 1890/1890 1891/1891 1871/1871
f 1869/1869 1871/1871 1891/1891
f 1892/1892 1893/1893 1882/1882
f 1880/1880 1882/1882 1893/1893
f 1894/1894 1833/1833 1895/1895
f 1896/1896 1897/1897 1898/1898
f 1899/1899 1898/1898 1897/1897
f 1900/1900 1901/1901 1902/1902
f 1903/1903 1902/1902 1901/1901
f 1904/1904 1905/1905 1906/1906
f 1907/1907 1906/1906 1905/1905
f 1908/1908 1909/1909 1910/1910
f 1911/1911 1912/1912 1913/1913
f 1914/1914 1915/1915 1894/1894
f 1838/1838 1840/1840 1915/1915
f 1894/1894 1915/1915 1840/1840
f 1916/1916 1917/1917 1918/1918
f 1901/1901 1919/1919 1920/1920
f 1900/1900 1919/1919 1901/1901
f 1921/1921 1922/1922 1923/1923
f 1921/1921 1924/1924 1922/1922
f 1921/1921 1925/1925 1924/1924
f 1925/1925 1926/1926 1924/1924
f 1923/1923 1927/1927 1928/1928
f 1927/1927 1923/1923 1922/1922
f 1923/1923 1929/1929 1930/1930
f 1928/1928 1929/1929 1923/1923
f 1930/1930 1921/1921 1923/1923
f 1924/1924 1931/1931 1932/1932
f 1929/1929 1903/1903 1930/1930
f 1929/1929 1902/1902 1903/1903
f 1933/1933 1934/1934 1935/1935
f 1936/1936 1935/1935 1934/1934
f 1937/1937 1938/1938 1939/1939
f 1940/1940 1941/1941 1942/1942
f 1943/1943 1942/1942 1941/1941
f 1944/1944 1945/1945 1946/1946
f 1947/1947 1946/1946 1945/1945
f 1948/1948 1949/1949 1950/1950
f 1927/1927 1922/1922 1951/1951
f 1952/1952 1951/1951 1922/1922
f 1932/1932 1922/1922 1924/1924
f 1922/1922 1932/1932 1952/1952
f 1926/1926 1931/1931 1924/1924
f 1914/1914 1894/1894 1953/1953
f 1953/1953 1894/1894 1895/1895
f 1835/1835 1842/1842 1954/1954
f 1955/1955 1954/1954 1842/1842
f 1833/1833 1835/1835 1895/1895
f 1954/1954 1895/1895 1835/1835
f 1894/1894 1844/1844 1833/1833
f 1894/1894 1840/1840 1844/1844
f 1956/1956 1957/1957 1958/1958
f 1959/1959 1960/1960 1961/1961
f 1962/1962 1961/1961 1960/1960
f 1963/1963 1964/1964 1965/1965
f 1966/1966 1967/1967 1968/1968
f 1920/1920 1969/1969 1901/1901
f 999/999 1970/1970 1000/1000
f 1903/1903 1971/1971 1930/1930
f 1901/1901 1969/1969 1903/1903
f 1971/1971 1903/1903 1969/1969
f 1954/1954 1972/1972 1895/1895
f 1953/1953 1895/1895 1972/1972
f 1973/1973 1974/1974 1908/1908
f 1909/1909 1908/1908 1974/1974
f 1975/1975 1976/1976 1977/1977
f 1978/1978 1977/1977 1976/1976
f 1979/1979 1980/1980 1981/1981
f 1982/1982 1981/1981 1980/1980
f 1914/1914 1983/1983 1915/1915
f 1984/1984 1985/1985 1942/1942
f 1940/1940 1942/1942 1985/1985
f 1986/1986 1929/1929 1987/1987
f 1928/1928 1987/1987 1929/1929
f 1988/1988 1902/1902 1986/1986
f 1929/1929 1986/1986 1902/1902
f 1902/1902 1988/1988 1900/1900
f 1989/1989 1990/1990 1991/1991
f 1992/1992 1993/1993 1994/1994
f 1990/1990 1995/1995 1996/1996
f 1997/1997 1998/1998 1999/1999
f 2000/2000 2001/2001 2002/2002
f 2003/2003 2004/2004 2005/2005
f 2006/2006 1998/1998 2007/2007
f 1997/1997 2007/2007 1998/1998
f 2008/2008 2009/2009 2007/2007
f 2006/2006 2007/2007 2009/2009
f 2010/2010 2011/2011 2012/2012
f 2013/2013 2012/2012 2011/2011
f 2010/2010 2012/2012 2014/2014
f 2008/2008 2015/2015 2009/2009
f 2016/2016 2017/2017 2018/2018
f 2019/2019 2018/2018 2017/2017
f 2019/2019 2020/2020 2018/2018
f 2003/2003 2005/2005 2021/2021
f 2022/2022 2021/2021 2005/2005
f 2022/2022 1995/1995 2021/2021
f 1990/1990 2021/2021 1995/1995
f 2023/2023 2024/2024 2025/2025
f 2026/2026 2025/2025 2024/2024
f 2023/2023 2025/2025 2027/2027
f 2028/2028 2001/2001 2029/2029
f 2000/2000 2029/2029 2001/2001
f 2030/2030 2031/2031 2029/2029
f 2028/2028 2029/2029 2031/2031
f 2030/2030 2032/2032 2031/2031
f 2033/2033 2034/2034 2035/2035
f 2036/2036 2035/2035 2034/2034
f 2037/2037 2036/2036 2034/2034
f 2038/2038 2039/2039 2040/2040
f 2041/2041 2039/2039 2038/2038
f 2042/2042 2043/2043 2044/2044
f 1992/1992 2030/2030 2029/2029
f 2045/2045 2046/2046 2047/2047
f 2046/2046 2048/2048 2047/2047
f 2049/2049 2050/2050 2051/2051
f 2049/2049 2052/2052 2050/2050
f 2053/2053 2054/2054 2055/2055
f 2055/2055 2056/2056 2057/2057
f 2058/2058 2059/2059 2060/2060
f 2060/2060 2061/2061 2062/2062
f 2053/2053 2055/2055 2057/2057
f 2058/2058 2060/2060 2062/2062
f 2060/2060 2055/2055 2061/2061
f 2054/2054 2061/2061 2055/2055
f 2059/2059 2056/2056 2060/2060
f 2055/2055 2060/2060 2056/2056
f 2048/2048 2046/2046 2003/2003
f 2063/2063 2052/2052 2049/2049
f 2064/2064 2065/2065 2047/2047
f 2065/2065 2066/2066 2047/2047
f 2067/2067 2063/2063 2049/2049
f 2068/2068 2069/2069 2070/2070
f 2071/2071 2072/2072 2068/2068
f 2073/2073 1997/1997 2068/2068
f 2071/2071 2068/2068 2003/2003
f 2069/2069 2068/2068 1997/1997
f 2074/2074 2075/2075 2076/2076
f 2074/2074 2076/2076 2077/2077
f 2067/2067 2078/2078 2074/2074
f 2004/2004 2046/2046 2079/2079
f 2045/2045 2079/2079 2046/2046
f 2015/2015 2051/2051 2080/2080
f 2050/2050 2080/2080 2051/2051
f 2002/2002 2081/2081 2074/2074
f 2081/2081 2075/2075 2074/2074
f 2002/2002 2074/2074 2078/2078
f 2067/2067 2074/2074 2077/2077
f 2066/2066 2045/2045 2047/2047
f 2064/2064 2047/2047 2048/2048
f 2082/2082 2049/2049 2051/2051
f 2067/2067 2049/2049 2082/2082
f 2068/2068 2048/2048 2003/2003
f 2083/2083 2052/2052 2063/2063
f 2003/2003 2046/2046 2004/2004
f 2008/2008 2051/2051 2015/2015
f 2030/2030 1994/1994 2032/2032
f 1997/1997 1999/1999 2084/2084
f 1990/1990 1996/1996 1991/1991
f 2000/2000 2002/2002 2085/2085
f 2086/2086 2087/2087 2088/2088
f 2082/2082 2008/2008 2088/2088
f 2088/2088 2087/2087 2089/2089
f 2073/2073 2086/2086 2088/2088
f 2082/2082 2088/2088 2089/2089
f 2073/2073 2088/2088 2008/2008
f 2090/2090 2091/2091 2092/2092
f 2093/2093 2094/2094 2095/2095
f 2096/2096 2097/2097 2091/2091
f 2067/2067 2082/2082 2098/2098
f 2099/2099 2100/2100 2029/2029
f 2101/2101 2102/2102 2103/2103
f 2042/2042 2104/2104 2105/2105
f 2106/2106 2103/2103 2107/2107
f 2108/2108 2109/2109 2110/2110
f 2103/2103 2111/2111 2112/2112
f 2112/2112 2101/2101 2103/2103
f 2113/2113 2105/2105 2110/2110
f 2113/2113 2042/2042 2105/2105
f 2108/2108 2110/2110 2105/2105
f 2103/2103 2102/2102 2107/2107
f 2108/2108 2105/2105 2104/2104
f 2114/2114 2106/2106 2107/2107
f 2106/2106 2115/2115 2116/2116
f 2103/2103 2106/2106 2116/2116
f 2103/2103 2117/2117 2111/2111
f 2111/2111 2118/2118 2112/2112
f 2119/2119 1989/1989 1991/1991
f 2084/2084 2069/2069 1997/1997
f 1992/1992 2029/2029 2100/2100
f 2120/2120 2121/2121 1992/1992
f 2121/2121 2122/2122 1992/1992
f 2122/2122 1993/1993 1992/1992
f 2099/2099 2120/2120 2100/2100
f 2099/2099 2029/2029 2000/2000
f 2100/2100 2120/2120 1992/1992
f 1992/1992 1994/1994 2030/2030
f 1990/1990 1989/1989 2071/2071
f 2094/2094 2123/2123 2041/2041
f 2124/2124 2092/2092 2040/2040
f 2125/2125 2109/2109 2108/2108
f 2125/2125 2108/2108 2126/2126
f 2126/2126 2108/2108 2104/2104
f 2044/2044 2127/2127 2128/2128
f 2113/2113 2129/2129 2042/2042
f 2130/2130 2131/2131 2132/2132
f 2130/2130 2044/2044 2120/2120
f 2133/2133 2134/2134 2130/2130
f 2135/2135 2126/2126 2136/2136
f 2135/2135 2136/2136 2134/2134
f 2137/2137 2138/2138 2139/2139
f 2138/2138 2137/2137 2140/2140
f 2104/2104 2128/2128 2141/2141
f 2142/2142 2141/2141 2128/2128
f 2126/2126 2104/2104 2143/2143
f 2141/2141 2143/2143 2104/2104
f 2142/2142 2128/2128 2144/2144
f 2127/2127 2144/2144 2128/2128
f 2144/2144 2127/2127 2137/2137
f 2140/2140 2137/2137 2127/2127
f 2139/2139 2138/2138 2143/2143
f 2126/2126 2143/2143 2138/2138
f 2125/2125 2126/2126 2135/2135
f 2145/2145 2121/2121 2043/2043
f 2044/2044 2128/2128 2042/2042
f 2121/2121 2044/2044 2043/2043
f 2135/2135 2134/2134 2146/2146
f 2093/2093 2147/2147 2148/2148
f 2149/2149 2148/2148 2147/2147
f 2149/2149 2147/2147 2150/2150
f 2151/2151 2150/2150 2147/2147
f 2146/2146 2134/2134 2152/2152
f 2130/2130 2120/2120 2153/2153
f 2121/2121 2120/2120 2044/2044
f 2096/2096 2091/2091 2090/2090
f 2151/2151 2091/2091 2150/2150
f 2097/2097 2150/2150 2091/2091
f 2090/2090 2092/2092 2124/2124
f 2121/2121 2145/2145 2122/2122
f 2152/2152 2154/2154 2155/2155
f 2136/2136 2130/2130 2134/2134
f 2136/2136 2131/2131 2130/2130
f 2130/2130 2132/2132 2044/2044
f 2128/2128 2104/2104 2042/2042
f 2127/2127 2044/2044 2132/2132
f 2146/2146 2152/2152 2155/2155
f 2131/2131 2140/2140 2132/2132
f 2136/2136 2138/2138 2131/2131
f 2140/2140 2131/2131 2138/2138
f 2138/2138 2136/2136 2126/2126
f 2127/2127 2132/2132 2140/2140
f 2043/2043 2042/2042 2129/2129
f 2156/2156 2157/2157 2073/2073
f 2071/2071 2133/2133 2072/2072
f 2158/2158 2159/2159 2160/2160
f 2161/2161 2162/2162 2158/2158
f 2153/2153 2133/2133 2130/2130
f 2086/2086 2073/2073 2157/2157
f 2008/2008 2007/2007 2073/2073
f 2152/2152 2134/2134 2133/2133
f 1989/1989 2152/2152 2133/2133
f 2094/2094 2041/2041 2095/2095
f 2124/2124 2040/2040 2062/2062
f 2092/2092 2038/2038 2040/2040
f 2151/2151 2147/2147 2038/2038
f 2095/2095 2038/2038 2147/2147
f 2093/2093 2095/2095 2147/2147
f 2095/2095 2041/2041 2038/2038
f 2038/2038 2092/2092 2151/2151
f 2091/2091 2151/2151 2092/2092
f 1989/1989 2119/2119 2152/2152
f 2154/2154 2152/2152 2119/2119
f 1997/1997 2073/2073 2007/2007
f 2145/2145 2043/2043 2129/2129
f 2003/2003 2021/2021 2071/2071
f 2071/2071 1989/1989 2133/2133
f 1990/1990 2071/2071 2021/2021
f 2073/2073 2068/2068 2156/2156
f 2051/2051 2008/2008 2082/2082
f 2163/2163 2164/2164 2165/2165
f 2166/2166 2167/2167 2168/2168
f 2168/2168 2167/2167 2169/2169
f 2163/2163 2165/2165 2170/2170
f 2171/2171 2170/2170 2165/2165
f 2172/2172 2166/2166 2168/2168
f 2173/2173 2174/2174 2175/2175
f 2176/2176 2175/2175 2174/2174
f 2177/2177 2178/2178 2179/2179
f 2180/2180 2179/2179 2178/2178
f 2168/2168 2181/2181 2172/2172
f 2182/2182 2172/2172 2181/2181
f 2163/2163 2170/2170 2183/2183
f 2184/2184 2183/2183 2170/2170
f 2185/2185 2186/2186 2170/2170
f 2184/2184 2170/2170 2186/2186
f 2187/2187 2188/2188 2189/2189
f 2190/2190 2189/2189 2188/2188
f 2180/2180 2191/2191 2192/2192
f 2193/2193 2194/2194 2195/2195
f 2177/2177 2195/2195 2194/2194
f 2196/2196 2195/2195 2179/2179
f 2177/2177 2179/2179 2195/2195
f 2197/2197 2198/2198 2199/2199
f 2182/2182 2199/2199 2198/2198
f 2182/2182 2181/2181 2199/2199
f 2183/2183 2200/2200 2201/2201
f 2183/2183 2202/2202 2200/2200
f 2203/2203 2200/2200 2202/2202
f 2185/2185 2170/2170 2204/2204
f 2171/2171 2204/2204 2170/2170
f 2202/2202 2186/2186 2203/2203
f 2205/2205 2206/2206 2207/2207
f 2208/2208 2209/2209 2210/2210
f 2209/2209 2211/2211 2210/2210
f 2212/2212 2213/2213 2214/2214
f 2215/2215 2216/2216 2217/2217
f 2215/2215 2217/2217 2214/2214
f 2218/2218 2219/2219 2212/2212
f 2220/2220 2221/2221 2209/2209
f 2208/2208 2222/2222 2209/2209
f 2221/2221 2211/2211 2209/2209
f 2223/2223 2208/2208 2210/2210
f 2218/2218 2217/2217 2216/2216
f 2222/2222 2220/2220 2209/2209
f 2208/2208 2223/2223 2224/2224
f 2225/2225 2226/2226 2214/2214
f 2213/2213 2227/2227 2225/2225
f 2224/2224 2225/2225 2227/2227
f 2226/2226 2215/2215 2214/2214
f 2227/2227 2208/2208 2224/2224
f 2213/2213 2225/2225 2214/2214
f 2226/2226 2223/2223 2215/2215
f 2210/2210 2215/2215 2223/2223
f 2226/2226 2225/2225 2223/2223
f 2224/2224 2223/2223 2225/2225
f 2212/2212 2214/2214 2217/2217
f 2228/2228 2208/2208 2227/2227
f 2229/2229 2206/2206 2205/2205
f 2229/2229 2230/2230 2206/2206
f 2206/2206 2231/2231 2207/2207
f 2205/2205 2207/2207 2212/2212
f 2232/2232 2233/2233 2227/2227
f 2228/2228 2227/2227 2233/2233
f 2234/2234 2231/2231 2206/2206
f 2233/2233 2232/2232 2235/2235
f 2236/2236 2235/2235 2232/2232
f 2237/2237 2238/2238 2210/2210
f 2215/2215 2210/2210 2238/2238
f 2216/2216 2239/2239 2218/2218
f 2240/2240 2239/2239 2216/2216
f 2241/2241 2141/2141 2237/2237
f 2141/2141 2241/2241 2143/2143
f 2211/2211 2237/2237 2210/2210
f 2237/2237 2211/2211 2241/2241
f 2238/2238 2216/2216 2215/2215
f 2216/2216 2238/2238 2240/2240
f 2242/2242 2143/2143 2241/2241
f 2242/2242 2139/2139 2143/2143
f 2242/2242 2218/2218 2239/2239
f 2217/2217 2218/2218 2212/2212
f 2240/2240 2137/2137 2239/2239
f 2240/2240 2144/2144 2137/2137
f 2238/2238 2142/2142 2240/2240
f 2144/2144 2240/2240 2142/2142
f 2137/2137 2139/2139 2239/2239
f 2242/2242 2239/2239 2139/2139
f 2237/2237 2141/2141 2238/2238
f 2142/2142 2238/2238 2141/2141
f 2212/2212 2243/2243 2213/2213
f 2212/2212 2207/2207 2243/2243
f 2211/2211 2221/2221 2241/2241
f 2241/2241 2221/2221 2242/2242
f 2242/2242 2221/2221 2218/2218
f 2221/2221 2220/2220 2218/2218
f 2219/2219 2218/2218 2220/2220
f 2233/2233 2230/2230 2222/2222
f 2220/2220 2222/2222 2230/2230
f 2243/2243 2232/2232 2213/2213
f 2227/2227 2213/2213 2232/2232
f 2244/2244 2243/2243 2231/2231
f 2207/2207 2231/2231 2243/2243
f 2234/2234 2206/2206 2245/2245
f 2230/2230 2245/2245 2206/2206
f 2230/2230 2233/2233 2245/2245
f 2235/2235 2245/2245 2233/2233
f 2232/2232 2243/2243 2236/2236
f 2244/2244 2236/2236 2243/2243
f 2246/2246 2245/2245 2235/2235
f 2247/2247 2245/2245 2246/2246
f 2235/2235 2236/2236 2246/2246
f 2248/2248 2246/2246 2236/2236
f 2231/2231 2249/2249 2244/2244
f 2250/2250 2231/2231 2234/2234
f 2234/2234 2245/2245 2250/2250
f 2247/2247 2250/2250 2245/2245
f 2248/2248 2236/2236 2249/2249
f 2244/2244 2249/2249 2236/2236
f 2251/2251 2252/2252 2253/2253
f 2254/2254 2253/2253 2252/2252
f 2255/2255 2256/2256 2257/2257
f 2258/2258 2257/2257 2256/2256
f 2259/2259 2260/2260 2261/2261
f 2262/2262 2261/2261 2260/2260
f 2260/2260 2190/2190 2262/2262
f 2188/2188 2262/2262 2190/2190
f 2263/2263 2264/2264 2255/2255
f 2256/2256 2255/2255 2264/2264
f 2265/2265 2259/2259 2266/2266
f 2267/2267 2268/2268 2269/2269
f 2270/2270 2269/2269 2268/2268
f 2271/2271 2272/2272 2273/2273
f 2274/2274 2273/2273 2272/2272
f 2275/2275 2267/2267 2276/2276
f 2269/2269 2276/2276 2267/2267
f 2277/2277 2271/2271 2278/2278
f 2273/2273 2278/2278 2271/2271
f 2279/2279 2280/2280 2281/2281
f 2282/2282 2281/2281 2280/2280
f 2283/2283 2284/2284 2281/2281
f 2279/2279 2281/2281 2284/2284
f 2285/2285 2284/2284 2286/2286
f 2283/2283 2286/2286 2284/2284
f 2269/2269 2270/2270 2287/2287
f 2288/2288 2287/2287 2270/2270
f 2266/2266 2259/2259 2289/2289
f 2261/2261 2289/2289 2259/2259
f 2273/2273 2274/2274 2290/2290
f 2291/2291 2290/2290 2274/2274
f 2276/2276 2269/2269 2292/2292
f 2287/2287 2292/2292 2269/2269
f 2278/2278 2273/2273 2293/2293
f 2290/2290 2293/2293 2273/2273
f 2281/2281 2282/2282 2294/2294
f 2295/2295 2294/2294 2282/2282
f 2281/2281 2294/2294 2283/2283
f 2296/2296 2297/2297 2298/2298
f 2299/2299 2298/2298 2297/2297
f 2296/2296 2300/2300 2297/2297
f 2301/2301 2298/2298 2299/2299
f 2296/2296 2298/2298 2302/2302
f 2303/2303 2302/2302 2298/2298
f 2302/2302 2303/2303 2286/2286
f 2285/2285 2286/2286 2303/2303
f 2300/2300 2296/2296 2304/2304
f 2302/2302 2286/2286 2305/2305
f 2306/2306 2307/2307 2308/2308
f 2309/2309 2310/2310 2311/2311
f 2312/2312 2313/2313 2314/2314
f 2311/2311 2310/2310 2315/2315
f 2316/2316 2315/2315 2310/2310
f 2316/2316 2313/2313 2315/2315
f 2312/2312 2315/2315 2313/2313
f 2317/2317 2318/2318 2319/2319
f 2319/2319 2320/2320 2321/2321
f 2322/2322 2321/2321 2320/2320
f 2318/2318 2320/2320 2319/2319
f 2323/2323 2324/2324 2325/2325
f 2323/2323 2325/2325 2326/2326
f 2327/2327 2326/2326 2325/2325
f 2325/2325 2328/2328 2327/2327
f 2329/2329 2327/2327 2328/2328
f 2324/2324 2328/2328 2325/2325
f 2330/2330 2331/2331 2332/2332
f 2333/2333 2332/2332 2331/2331
f 2330/2330 2332/2332 2334/2334
f 2335/2335 2334/2334 2332/2332
f 2317/2317 2319/2319 2336/2336
f 2321/2321 2336/2336 2319/2319
f 2337/2337 2338/2338 2330/2330
f 2331/2331 2330/2330 2338/2338
f 2337/2337 2330/2330 2339/2339
f 2334/2334 2339/2339 2330/2330
f 2340/2340 2341/2341 2342/2342
f 2343/2343 2342/2342 2341/2341
f 2344/2344 2341/2341 2340/2340
f 2345/2345 2346/2346 2347/2347
f 2348/2348 2347/2347 2346/2346
f 2347/2347 2348/2348 2349/2349
f 2350/2350 2349/2349 2348/2348
f 2342/2342 2343/2343 2351/2351
f 2352/2352 2351/2351 2343/2343
f 2353/2353 2354/2354 2355/2355
f 2356/2356 2333/2333 2331/2331
f 2356/2356 2331/2331 2338/2338
f 2357/2357 2346/2346 2345/2345
f 2358/2358 2359/2359 2360/2360
f 2359/2359 2358/2358 2361/2361
f 877/877 2361/2361 2358/2358
f 2361/2361 877/877 874/874
f 2362/2362 2360/2360 2359/2359
f 2363/2363 2364/2364 2365/2365
f 2366/2366 2367/2367 2368/2368
f 2366/2366 2369/2369 2367/2367
f 2370/2370 2371/2371 2372/2372
f 2370/2370 2373/2373 2371/2371
f 2374/2374 2375/2375 2376/2376
f 2377/2377 2376/2376 2375/2375
f 2378/2378 2379/2379 2380/2380
f 2381/2381 2382/2382 2383/2383
f 2378/2378 2383/2383 2382/2382
f 2378/2378 2380/2380 2383/2383
f 2384/2384 2385/2385 2386/2386
f 2387/2387 2386/2386 2385/2385
f 2388/2388 2389/2389 2390/2390
f 2391/2391 2375/2375 2374/2374
f 2392/2392 2393/2393 2394/2394
f 2395/2395 2394/2394 2393/2393
f 2396/2396 2395/2395 2393/2393
f 2397/2397 2398/2398 2399/2399
f 2400/2400 2382/2382 2381/2381
f 2401/2401 2402/2402 2403/2403
f 2404/2404 2405/2405 2406/2406
f 2407/2407 2408/2408 2406/2406
f 2404/2404 2406/2406 2408/2408
f 2398/2398 2409/2409 2399/2399
f 2410/2410 2411/2411 2412/2412
f 2306/2306 2413/2413 2410/2410
f 2306/2306 2410/2410 2412/2412
f 2306/2306 2308/2308 2413/2413
f 2306/2306 2414/2414 2307/2307
f 2312/2312 2314/2314 2415/2415
f 2416/2416 2415/2415 2314/2314
f 2412/2412 2311/2311 2306/2306
f 2315/2315 2306/2306 2311/2311
f 2415/2415 2306/2306 2312/2312
f 2315/2315 2312/2312 2306/2306
f 2309/2309 2412/2412 2411/2411
f 2309/2309 2311/2311 2412/2412
f 2417/2417 2418/2418 2419/2419
f 2420/2420 2421/2421 2422/2422
f 2423/2423 2424/2424 2420/2420
f 2425/2425 2417/2417 2419/2419
f 2426/2426 2421/2421 2427/2427
f 2420/2420 2427/2427 2421/2421
f 2427/2427 2420/2420 2428/2428
f 2424/2424 2428/2428 2420/2420
f 2423/2423 2420/2420 2422/2422
f 2419/2419 2418/2418 2427/2427
f 2426/2426 2427/2427 2418/2418
f 2429/2429 2419/2419 2428/2428
f 2427/2427 2428/2428 2419/2419
f 2425/2425 2419/2419 2429/2429
f 2421/2421 2426/2426 2430/2430
f 2422/2422 2421/2421 2430/2430
f 2418/2418 2430/2430 2426/2426
f 2417/2417 2430/2430 2418/2418
f 2431/2431 2432/2432 2433/2433
f 2434/2434 2433/2433 2432/2432
f 2435/2435 2436/2436 2437/2437
f 2438/2438 2435/2435 2437/2437
f 2439/2439 2440/2440 2441/2441
f 2441/2441 2442/2442 2443/2443
f 2437/2437 2436/2436 2444/2444
f 2445/2445 2444/2444 2436/2436
f 2437/2437 2444/2444 2446/2446
f 2447/2447 2446/2446 2444/2444
f 2438/2438 2437/2437 2446/2446
f 2445/2445 2442/2442 2444/2444
f 2441/2441 2444/2444 2442/2442
f 2447/2447 2444/2444 2440/2440
f 2441/2441 2440/2440 2444/2444
f 2439/2439 2441/2441 2443/2443
f 2436/2436 2448/2448 2445/2445
f 2435/2435 2448/2448 2436/2436
f 2442/2442 2445/2445 2448/2448
f 2443/2443 2442/2442 2448/2448
f 2449/2449 2450/2450 2451/2451
f 2452/2452 2451/2451 2450/2450
f 2453/2453 2454/2454 2455/2455
f 2456/2456 2457/2457 2449/2449
f 2455/2455 2458/2458 2459/2459
f 2457/2457 2450/2450 2449/2449
f 2452/2452 2458/2458 2451/2451
f 2455/2455 2451/2451 2458/2458
f 2460/2460 2451/2451 2454/2454
f 2455/2455 2454/2454 2451/2451
f 2453/2453 2455/2455 2459/2459
f 2449/2449 2451/2451 2461/2461
f 2460/2460 2461/2461 2451/2451
f 2456/2456 2449/2449 2461/2461
f 2458/2458 2452/2452 2462/2462
f 2459/2459 2458/2458 2462/2462
f 2450/2450 2462/2462 2452/2452
f 2457/2457 2462/2462 2450/2450
f 2463/2463 2432/2432 2431/2431
f 2464/2464 2465/2465 2466/2466
f 2467/2467 2468/2468 2464/2464
f 2469/2469 2463/2463 2431/2431
f 2467/2467 2464/2464 2466/2466
f 2470/2470 2431/2431 2471/2471
f 2433/2433 2471/2471 2431/2431
f 2469/2469 2431/2431 2470/2470
f 2434/2434 2465/2465 2433/2433
f 2464/2464 2433/2433 2465/2465
f 2433/2433 2464/2464 2471/2471
f 2468/2468 2471/2471 2464/2464
f 2472/2472 2466/2466 2465/2465
f 2472/2472 2434/2434 2432/2432
f 2472/2472 2432/2432 2463/2463
f 2472/2472 2465/2465 2434/2434
f 2335/2335 2332/2332 2473/2473
f 2474/2474 2473/2473 2332/2332
f 2329/2329 2328/2328 2475/2475
f 2476/2476 2475/2475 2328/2328
f 2477/2477 2320/2320 2318/2318
f 2476/2476 2328/2328 2324/2324
f 2322/2322 2320/2320 2478/2478
f 2477/2477 2478/2478 2320/2320
f 2478/2478 2477/2477 2336/2336
f 2317/2317 2336/2336 2477/2477
f 2318/2318 2317/2317 2477/2477
f 2475/2475 2476/2476 2326/2326
f 2323/2323 2326/2326 2476/2476
f 2324/2324 2323/2323 2476/2476
f 2332/2332 2333/2333 2474/2474
f 2479/2479 2474/2474 2333/2333
f 2479/2479 2338/2338 2474/2474
f 2337/2337 2474/2474 2338/2338
f 2474/2474 2337/2337 2473/2473
f 2339/2339 2473/2473 2337/2337
f 2480/2480 2481/2481 2342/2342
f 2340/2340 2342/2342 2481/2481
f 2482/2482 2483/2483 2347/2347
f 2345/2345 2347/2347 2483/2483
f 2347/2347 2349/2349 2482/2482
f 2484/2484 2480/2480 2351/2351
f 2342/2342 2351/2351 2480/2480
f 2485/2485 2486/2486 2353/2353
f 2487/2487 2353/2353 2486/2486
f 2488/2488 2485/2485 2355/2355
f 2353/2353 2355/2355 2485/2485
f 2356/2356 2479/2479 2333/2333
f 2356/2356 2338/2338 2479/2479
f 2357/2357 2345/2345 2483/2483
f 2344/2344 2340/2340 2481/2481
f 2489/2489 2487/2487 2486/2486
f 2490/2490 2491/2491 2492/2492
f 2491/2491 2493/2493 2492/2492
f 2494/2494 2492/2492 2495/2495
f 2496/2496 2497/2497 2498/2498
f 2496/2496 2499/2499 2497/2497
f 2490/2490 2492/2492 2494/2494
f 2498/2498 2500/2500 2501/2501
f 2498/2498 2501/2501 2496/2496
f 2491/2491 2490/2490 2499/2499
f 2497/2497 2499/2499 2490/2490
f 2502/2502 2503/2503 2504/2504
f 2505/2505 2502/2502 2504/2504
f 2506/2506 2507/2507 2508/2508
f 2509/2509 2510/2510 2511/2511
f 2508/2508 2512/2512 2506/2506
f 2513/2513 2506/2506 2512/2512
f 1857/1857 1858/1858 2514/2514
f 2515/2515 2514/2514 1858/1858
f 1866/1866 1868/1868 2516/2516
f 1866/1866 2516/2516 2517/2517
f 1864/1864 1865/1865 2518/2518
f 2519/2519 2518/2518 1865/1865
f 2520/2520 2521/2521 2522/2522
f 2521/2521 2520/2520 2523/2523
f 2524/2524 2525/2525 2526/2526
f 2527/2527 2526/2526 2525/2525
f 2528/2528 2529/2529 2530/2530
f 2531/2531 2530/2530 2529/2529
f 2532/2532 2533/2533 2534/2534
f 2535/2535 2534/2534 2533/2533
f 1966/1966 2536/2536 2537/2537
f 1877/1877 1879/1879 2538/2538
f 1877/1877 2538/2538 2539/2539
f 1875/1875 1876/1876 2540/2540
f 2541/2541 2540/2540 1876/1876
f 1884/1884 1886/1886 2542/2542
f 1884/1884 2542/2542 2543/2543
f 1882/1882 1883/1883 2544/2544
f 2545/2545 2544/2544 1883/1883
f 2546/2546 2547/2547 2548/2548
f 2549/2549 2550/2550 2551/2551
f 2546/2546 1864/1864 2547/2547
f 2518/2518 2547/2547 1864/1864
f 2552/2552 2553/2553 2524/2524
f 2525/2525 2524/2524 2553/2553
f 2554/2554 2555/2555 2523/2523
f 2521/2521 2523/2523 2555/2555
f 2528/2528 2556/2556 2529/2529
f 2533/2533 2532/2532 2557/2557
f 2549/2549 1875/1875 2550/2550
f 2540/2540 2550/2550 1875/1875
f 2558/2558 2559/2559 2560/2560
f 1906/1906 1907/1907 2561/2561
f 2562/2562 2561/2561 1907/1907
f 2563/2563 2564/2564 2565/2565
f 2566/2566 2565/2565 2564/2564
f 2567/2567 2568/2568 2569/2569
f 2559/2559 2569/2569 2568/2568
f 2570/2570 1908/1908 1910/1910
f 1977/1977 1978/1978 2571/2571
f 1913/1913 2572/2572 2573/2573
f 2572/2572 1913/1913 1912/1912
f 2574/2574 1981/1981 2575/2575
f 1916/1916 1918/1918 2576/2576
f 1916/1916 2576/2576 2577/2577
f 1898/1898 1899/1899 2578/2578
f 2579/2579 2578/2578 1899/1899
f 996/996 2580/2580 2581/2581
f 2582/2582 2580/2580 2558/2558
f 996/996 2558/2558 2580/2580
f 996/996 2581/2581 567/567
f 2583/2583 1937/1937 2584/2584
f 2582/2582 2560/2560 2585/2585
f 2559/2559 2586/2586 2560/2560
f 2585/2585 2560/2560 2586/2586
f 1937/1937 1939/1939 2584/2584
f 1935/1935 1936/1936 2587/2587
f 2588/2588 2587/2587 1936/1936
f 2568/2568 2589/2589 2559/2559
f 2586/2586 2559/2559 2589/2589
f 2564/2564 2589/2589 2566/2566
f 2568/2568 2566/2566 2589/2589
f 2563/2563 2565/2565 2590/2590
f 1944/1944 1946/1946 2591/2591
f 2591/2591 1946/1946 1947/1947
f 1942/1942 1943/1943 2592/2592
f 2593/2593 2592/2592 1943/1943
f 1944/1944 2591/2591 2594/2594
f 1950/1950 2595/2595 2596/2596
f 1949/1949 2595/2595 1950/1950
f 2597/2597 2598/2598 2599/2599
f 2582/2582 2558/2558 2560/2560
f 2558/2558 2569/2569 2559/2559
f 2600/2600 2566/2566 2567/2567
f 2568/2568 2567/2567 2566/2566
f 2601/2601 2565/2565 2600/2600
f 2566/2566 2600/2600 2565/2565
f 2602/2602 2590/2590 2601/2601
f 2565/2565 2601/2601 2590/2590
f 1956/1956 1958/1958 2603/2603
f 1956/1956 2603/2603 2604/2604
f 1963/1963 1965/1965 2605/2605
f 1963/1963 2605/2605 2606/2606
f 1961/1961 1962/1962 2607/2607
f 2608/2608 2607/2607 1962/1962
f 1966/1966 1968/1968 2536/2536
f 1871/1871 1872/1872 2609/2609
f 2610/2610 2609/2609 1872/1872
f 2601/2601 2611/2611 1003/1003
f 2569/2569 998/998 2612/2612
f 1003/1003 1002/1002 2601/2601
f 996/996 998/998 2558/2558
f 2569/2569 2612/2612 2567/2567
f 2613/2613 2567/2567 2612/2612
f 2569/2569 2558/2558 998/998
f 2567/2567 2613/2613 2600/2600
f 2611/2611 2600/2600 2613/2613
f 2601/2601 2600/2600 2611/2611
f 1002/1002 2602/2602 2601/2601
f 1979/1979 1981/1981 2614/2614
f 2574/2574 2614/2614 1981/1981
f 1979/1979 2614/2614 2615/2615
f 2616/2616 1935/1935 2617/2617
f 2587/2587 2617/2617 1935/1935
f 1984/1984 1942/1942 2618/2618
f 2592/2592 2618/2618 1942/1942
f 2619/2619 2620/2620 2621/2621
f 2622/2622 2621/2621 2620/2620
f 2619/2619 2621/2621 2623/2623
f 2624/2624 2597/2597 2625/2625
f 2599/2599 2625/2625 2597/2597
f 2626/2626 2627/2627 2628/2628
f 2626/2626 2628/2628 2629/2629
f 1068/1068 1067/1067 1854/1854
f 1086/1086 1854/1854 1067/1067
f 1724/1724 1888/1888 1889/1889
f 1724/1724 1889/1889 1103/1103
f 1101/1101 1103/1103 1889/1889
f 1794/1794 1891/1891 1117/1117
f 1115/1115 1117/1117 1891/1891
f 1726/1726 1893/1893 1128/1128
f 1126/1126 1128/1128 1893/1893
f 1216/1216 1987/1987 1171/1171
f 1785/1785 1974/1974 1151/1151
f 1152/1152 1151/1151 1974/1974
f 1788/1788 1976/1976 1741/1741
f 1742/1742 1741/1741 1976/1976
f 2630/2630 1980/1980 1747/1747
f 2631/2631 1747/1747 1980/1980
f 1230/1230 2632/2632 1162/1162
f 1217/1217 1158/1158 1983/1983
f 1157/1157 1983/1983 1158/1158
f 1854/1854 1086/1086 1217/1217
f 2633/2633 1985/1985 1185/1185
f 1183/1183 1185/1185 1985/1985
f 2634/2634 1216/1216 1194/1194
f 1986/1986 1172/1172 1987/1987
f 1171/1171 1987/1987 1172/1172
f 1988/1988 1145/1145 1986/1986
f 1172/1172 1986/1986 1145/1145
f 1230/1230 1143/1143 1988/1988
f 1145/1145 1988/1988 1143/1143
f 1413/1413 2635/2635 1414/1414
f 1421/1421 2636/2636 2166/2166
f 2637/2637 1411/1411 1410/1410
f 1423/1423 2164/2164 2165/2165
f 2166/2166 2167/2167 1419/1419
f 1419/1419 2167/2167 2638/2638
f 1411/1411 2637/2637 1430/1430
f 1412/1412 1414/1414 2191/2191
f 1423/1423 2165/2165 1424/1424
f 2171/2171 1424/1424 2165/2165
f 1421/1421 2166/2166 1419/1419
f 2187/2187 2188/2188 2639/2639
f 2640/2640 2639/2639 2188/2188
f 1412/1412 2191/2191 2641/2641
f 2193/2193 2642/2642 2195/2195
f 1417/1417 2195/2195 2642/2642
f 2196/2196 2195/2195 1418/1418
f 1417/1417 1418/1418 2195/2195
f 2197/2197 2643/2643 2199/2199
f 1422/1422 2199/2199 2643/2643
f 2644/2644 2199/2199 1420/1420
f 1422/1422 1420/1420 2199/2199
f 1425/1425 2200/2200 2645/2645
f 2646/2646 2645/2645 2200/2200
f 1425/1425 2647/2647 2200/2200
f 2203/2203 2200/2200 2647/2647
f 1427/1427 1424/1424 2204/2204
f 2171/2171 2204/2204 1424/1424
f 2648/2648 2203/2203 1428/1428
f 2647/2647 1428/1428 2203/2203
f 2649/2649 1485/1485 1477/1477
f 1487/1487 2650/2650 2261/2261
f 2262/2262 2261/2261 2650/2650
f 2650/2650 2640/2640 2262/2262
f 2188/2188 2262/2262 2640/2640
f 2263/2263 2264/2264 1481/1481
f 1482/1482 1481/1481 2264/2264
f 1491/1491 1492/1492 2287/2287
f 2288/2288 2287/2287 1492/1492
f 1488/1488 1487/1487 2289/2289
f 2261/2261 2289/2289 1487/1487
f 1495/1495 1496/1496 2290/2290
f 2291/2291 2290/2290 1496/1496
f 1498/1498 1491/1491 2292/2292
f 2287/2287 2292/2292 1491/1491
f 1500/1500 1495/1495 2293/2293
f 2290/2290 2293/2293 1495/1495
f 1503/1503 1504/1504 2294/2294
f 2295/2295 2294/2294 1504/1504
f 1510/1510 1505/1505 2294/2294
f 1503/1503 2294/2294 1505/1505
f 1515/1515 1511/1511 2304/2304
f 1519/1519 2304/2304 1511/1511
f 2305/2305 1519/1519 1517/1517
f 1517/1517 1508/1508 2305/2305
f 1509/1509 2305/2305 1508/1508
f 1604/1604 2307/2307 2308/2308
f 2309/2309 2310/2310 1609/1609
f 1605/1605 2313/2313 1606/1606
f 2651/2651 1606/1606 2313/2313
f 1609/1609 2310/2310 1610/1610
f 2316/2316 1610/1610 2310/2310
f 2316/2316 2313/2313 1610/1610
f 1605/1605 1610/1610 2313/2313
f 2652/2652 2341/2341 2653/2653
f 2343/2343 2653/2653 2341/2341
f 2344/2344 2341/2341 2652/2652
f 2654/2654 2346/2346 2655/2655
f 2348/2348 2655/2655 2346/2346
f 2655/2655 2348/2348 2656/2656
f 2350/2350 2656/2656 2348/2348
f 2653/2653 2343/2343 2657/2657
f 2352/2352 2657/2657 2343/2343
f 2354/2354 1545/1545 1544/1544
f 1545/1545 2354/2354 2658/2658
f 2659/2659 2658/2658 2354/2354
f 2357/2357 2346/2346 2654/2654
f 2489/2489 1544/1544 1543/1543
f 2660/2660 1549/1549 1548/1548
f 2661/2661 2660/2660 1548/1548
f 879/879 379/379 1555/1555
f 2662/2662 2365/2365 2663/2663
f 2662/2662 2364/2364 2365/2365
f 1556/1556 2402/2402 1557/1557
f 2664/2664 2367/2367 2368/2368
f 2664/2664 2369/2369 2367/2367
f 1559/1559 2665/2665 1560/1560
f 2666/2666 2371/2371 2372/2372
f 2666/2666 2373/2373 2371/2371
f 2379/2379 1564/1564 1563/1563
f 2385/2385 1567/1567 1566/1566
f 2389/2389 1570/1570 1569/1569
f 1571/1571 2375/2375 1572/1572
f 2377/2377 1572/1572 2375/2375
f 2667/2667 1573/1573 1572/1572
f 1564/1564 2379/2379 2668/2668
f 2669/2669 2668/2668 2379/2379
f 2381/2381 1562/1562 2383/2383
f 1564/1564 2383/2383 1562/1562
f 2670/2670 2383/2383 2668/2668
f 1564/1564 2668/2668 2383/2383
f 1567/1567 2385/2385 1577/1577
f 2387/2387 1577/1577 2385/2385
f 1570/1570 2389/2389 1580/1580
f 2671/2671 1580/1580 2389/2389
f 2672/2672 1579/1579 1580/1580
f 2391/2391 2375/2375 1571/1571
f 2391/2391 1571/1571 1573/1573
f 2396/2396 1587/1587 1586/1586
f 2392/2392 2393/2393 1588/1588
f 1586/1586 1588/1588 2393/2393
f 2396/2396 1586/1586 2393/2393
f 2673/2673 1594/1594 1593/1593
f 2673/2673 1593/1593 1598/1598
f 2397/2397 1600/1600 1599/1599
f 2397/2397 1599/1599 2399/2399
f 2674/2674 1569/1569 1568/1568
f 2674/2674 1568/1568 1578/1578
f 2400/2400 1563/1563 1562/1562
f 2400/2400 1562/1562 2381/2381
f 1557/1557 2402/2402 1590/1590
f 2675/2675 1590/1590 2402/2402
f 2676/2676 1558/1558 1590/1590
f 2677/2677 2405/2405 2678/2678
f 2679/2679 2678/2678 2405/2405
f 2680/2680 2405/2405 2677/2677
f 2407/2407 2408/2408 2678/2678
f 2677/2677 2678/2678 2408/2408
f 2680/2680 2677/2677 2408/2408
f 2681/2681 1591/1591 1582/1582
f 2682/2682 1601/1601 1600/1600
f 2683/2683 2399/2399 1601/1601
f 1599/1599 1601/1601 2399/2399
f 2410/2410 2411/2411 1608/1608
f 1604/1604 2413/2413 2410/2410
f 1604/1604 2410/2410 1608/1608
f 1604/1604 2308/2308 2413/2413
f 1604/1604 2414/2414 2307/2307
f 2414/2414 1604/1604 1603/1603
f 2309/2309 1608/1608 2411/2411
f 2309/2309 1609/1609 1608/1608
f 1603/1603 1602/1602 2684/2684
f 1607/1607 2684/2684 1602/1602
f 2480/2480 2481/2481 2653/2653
f 2652/2652 2653/2653 2481/2481
f 2482/2482 2483/2483 2655/2655
f 2654/2654 2655/2655 2483/2483
f 2685/2685 2482/2482 2656/2656
f 2655/2655 2656/2656 2482/2482
f 2484/2484 2480/2480 2657/2657
f 2653/2653 2657/2657 2480/2480
f 2485/2485 2486/2486 1545/1545
f 1543/1543 1545/1545 2486/2486
f 2488/2488 2485/2485 2658/2658
f 1545/1545 2658/2658 2485/2485
f 2357/2357 2654/2654 2483/2483
f 2344/2344 2652/2652 2481/2481
f 2489/2489 1543/1543 2486/2486
f 2502/2502 2503/2503 2686/2686
f 2687/2687 2502/2502 2686/2686
f 2688/2688 1691/1691 1690/1690
f 2689/2689 2510/2510 2690/2690
f 2691/2691 2690/2690 2510/2510
f 1688/1688 2512/2512 1686/1686
f 2513/2513 1686/1686 2512/2512
f 1724/1724 1725/1725 1888/1888
f 1133/1133 2547/2547 2548/2548
f 1135/1135 2550/2550 2551/2551
f 1726/1726 1727/1727 2692/2692
f 1133/1133 1110/1110 2547/2547
f 1696/1696 2547/2547 1110/1110
f 2552/2552 2553/2553 1702/1702
f 1703/1703 1702/1702 2553/2553
f 2554/2554 2555/2555 1701/1701
f 1699/1699 1701/1701 2555/2555
f 1706/1706 2556/2556 1707/1707
f 2693/2693 1707/1707 2556/2556
f 2694/2694 2557/2557 1710/1710
f 1711/1711 1710/1710 2557/2557
f 1135/1135 1121/1121 2550/2550
f 1718/1718 2550/2550 1121/1121
f 1218/1218 1791/1791 2695/2695
f 1231/1231 1792/1792 2696/2696
f 1233/1233 1793/1793 2697/2697
f 1794/1794 1795/1795 2698/2698
f 2630/2630 1747/1747 2614/2614
f 1746/1746 2614/2614 1747/1747
f 2630/2630 2614/2614 2615/2615
f 1220/1220 1178/1178 2617/2617
f 1760/1760 2617/2617 1178/1178
f 1220/1220 2617/2617 2699/2699
f 2633/2633 1185/1185 2618/2618
f 1765/1765 2618/2618 1185/1185
f 2633/2633 2618/2618 2700/2700
f 1222/1222 1224/1224 2621/2621
f 2701/2701 2621/2621 1224/1224
f 1222/1222 2621/2621 2623/2623
f 1226/1226 1228/1228 2625/2625
f 1770/1770 2625/2625 1228/1228
f 1226/1226 2625/2625 2702/2702
f 2703/2703 2704/2704 2628/2628
f 2703/2703 2628/2628 2629/2629
f 1813/1813 1059/1059 1814/1814
f 1820/1820 1065/1065 1817/1817
f 1066/1066 1817/1817 1065/1065
f 1818/1818 1817/1817 1059/1059
f 1066/1066 1059/1059 1817/1817
f 1839/1839 1068/1068 1065/1065
f 1839/1839 1065/1065 1820/1820
f 1813/1813 1818/1818 1059/1059
f 1068/1068 1839/1839 1854/1854
f 2546/2546 1134/1134 1864/1864
f 1862/1862 1864/1864 1134/1134
f 2549/2549 1136/1136 1875/1875
f 1873/1873 1875/1875 1136/1136
f 1216/1216 1928/1928 1927/1927
f 1216/1216 1987/1987 1928/1928
f 1230/1230 2632/2632 1919/1919
f 1217/1217 1915/1915 1983/1983
f 1854/1854 1838/1838 1217/1217
f 1915/1915 1217/1217 1838/1838
f 2705/2705 1219/1219 1898/1898
f 1896/1896 1898/1898 1219/1219
f 2616/2616 1221/1221 1935/1935
f 1933/1933 1935/1935 1221/1221
f 2619/2619 1223/1223 2620/2620
f 2706/2706 2620/2620 1223/1223
f 2624/2624 1227/1227 2597/2597
f 2598/2598 2597/2597 1227/1227
f 1927/1927 1951/1951 1216/1216
f 2634/2634 1216/1216 1951/1951
f 1230/1230 1919/1919 1900/1900
f 1230/1230 1900/1900 1988/1988
f 2707/2707 1232/1232 1906/1906
f 1904/1904 1906/1906 1232/1232
f 2708/2708 1234/1234 1961/1961
f 1959/1959 1961/1961 1234/1234
f 2178/2178 2635/2635 1414/1414
f 2172/2172 2636/2636 2166/2166
f 2173/2173 1410/1410 2174/2174
f 2637/2637 2174/2174 1410/1410
f 2180/2180 2178/2178 1414/1414
f 2174/2174 2637/2637 1430/1430
f 2180/2180 1414/1414 2191/2191
f 2709/2709 2174/2174 1430/1430
f 2644/2644 2199/2199 2181/2181
f 2646/2646 2201/2201 2200/2200
f 2648/2648 2203/2203 2186/2186
f 2649/2649 1485/1485 2251/2251
f 2252/2252 2251/2251 1485/1485
f 1510/1510 2283/2283 2294/2294
f 2286/2286 2283/2283 1509/1509
f 1510/1510 1509/1509 2283/2283
f 1519/1519 2304/2304 2296/2296
f 2296/2296 2302/2302 1519/1519
f 2305/2305 1519/1519 2302/2302
f 1509/1509 2305/2305 2286/2286
f 2651/2651 2314/2314 2313/2313
f 2487/2487 1544/1544 2353/2353
f 2354/2354 2353/2353 1544/1544
f 2659/2659 2355/2355 2354/2354
f 2489/2489 1544/1544 2487/2487
f 2660/2660 1549/1549 2710/2710
f 2362/2362 2710/2710 1549/1549
f 2661/2661 2660/2660 2710/2710
f 1554/1554 2360/2360 1549/1549
f 2362/2362 1549/1549 2360/2360
f 1555/1555 2358/2358 1554/1554
f 2360/2360 1554/1554 2358/2358
f 879/879 877/877 1555/1555
f 2358/2358 1555/1555 877/877
f 2363/2363 2365/2365 2663/2663
f 1556/1556 2402/2402 2401/2401
f 1556/1556 2401/2401 1558/1558
f 2711/2711 1560/1560 1561/1561
f 2711/2711 2665/2665 1560/1560
f 2382/2382 1563/1563 2378/2378
f 2379/2379 2378/2378 1563/1563
f 2712/2712 1566/1566 2384/2384
f 2385/2385 2384/2384 1566/1566
f 2713/2713 1569/1569 2388/2388
f 2389/2389 2388/2388 1569/1569
f 2667/2667 1573/1573 2376/2376
f 2374/2374 2376/2376 1573/1573
f 2669/2669 2380/2380 2379/2379
f 2670/2670 2383/2383 2380/2380
f 1574/1574 2712/2712 1575/1575
f 2384/2384 1575/1575 2712/2712
f 1576/1576 1575/1575 2386/2386
f 2384/2384 2386/2386 1575/1575
f 2671/2671 2390/2390 2389/2389
f 1578/1578 2713/2713 1579/1579
f 2388/2388 1579/1579 2713/2713
f 2672/2672 1579/1579 2390/2390
f 2388/2388 2390/2390 1579/1579
f 1581/1581 1582/1582 2714/2714
f 1581/1581 2714/2714 1584/1584
f 1585/1585 1566/1566 2712/2712
f 1585/1585 2712/2712 1574/1574
f 2391/2391 2374/2374 1573/1573
f 2395/2395 1587/1587 2394/2394
f 1589/1589 2394/2394 1587/1587
f 2396/2396 1587/1587 2395/2395
f 2673/2673 1594/1594 2715/2715
f 2673/2673 2715/2715 1598/1598
f 2397/2397 1600/1600 2398/2398
f 2674/2674 1569/1569 2713/2713
f 2674/2674 2713/2713 1578/1578
f 2400/2400 1563/1563 2382/2382
f 2675/2675 2403/2403 2402/2402
f 2676/2676 1558/1558 2403/2403
f 2401/2401 2403/2403 1558/1558
f 2679/2679 2406/2406 2405/2405
f 2680/2680 2405/2405 2404/2404
f 2680/2680 2404/2404 2408/2408
f 2714/2714 1582/1582 2716/2716
f 2681/2681 2716/2716 1582/1582
f 1592/1592 1584/1584 2716/2716
f 2714/2714 2716/2716 1584/1584
f 2715/2715 1594/1594 2717/2717
f 1596/1596 2717/2717 1594/1594
f 1597/1597 1598/1598 2717/2717
f 2715/2715 2717/2717 1598/1598
f 2398/2398 1600/1600 2409/2409
f 2682/2682 2409/2409 1600/1600
f 2683/2683 2399/2399 2409/2409
f 2415/2415 1603/1603 2306/2306
f 2414/2414 2306/2306 1603/1603
f 1603/1603 2415/2415 2684/2684
f 2416/2416 2684/2684 2415/2415
f 2685/2685 2482/2482 2349/2349
f 2718/2718 1690/1690 2719/2719
f 2688/2688 2719/2719 1690/1690
f 2691/2691 2511/2511 2510/2510
f 1887/1887 1725/1725 1888/1888
f 1892/1892 1727/1727 2692/2692
f 1887/1887 1857/1857 1725/1725
f 2514/2514 1725/1725 1857/1857
f 2693/2693 2529/2529 2556/2556
f 2694/2694 2557/2557 2532/2532
f 1892/1892 1882/1882 1727/1727
f 2544/2544 1727/1727 1882/1882
f 2705/2705 1791/1791 2695/2695
f 2707/2707 1792/1792 2696/2696
f 2708/2708 1793/1793 2697/2697
f 1890/1890 1795/1795 2698/2698
f 1973/1973 1908/1908 1786/1786
f 2570/2570 1786/1786 1908/1908
f 1973/1973 1786/1786 1787/1787
f 1975/1975 1977/1977 1789/1789
f 2571/2571 1789/1789 1977/1977
f 1975/1975 1789/1789 1790/1790
f 2705/2705 1898/1898 1791/1791
f 2578/2578 1791/1791 1898/1898
f 2616/2616 2617/2617 2699/2699
f 1984/1984 2618/2618 2700/2700
f 2624/2624 2625/2625 2702/2702
f 2707/2707 1906/1906 1792/1792
f 2561/2561 1792/1792 1906/1906
f 2708/2708 1961/1961 1793/1793
f 2607/2607 1793/1793 1961/1961
f 1890/1890 1871/1871 1795/1795
f 2609/2609 1795/1795 1871/1871

g Object_n_203.jpg

usemtl mat_2-n_203.jpg

f 2720/2720 1044/1044 2721/2721
f 1044/1044 2720/2720 1042/1042
f 2722/2722 1044/1044 1040/1040
f 1039/1039 2722/2722 1040/1040
f 1044/1044 2722/2722 2721/2721
f 1039/1039 2723/2723 2722/2722
f 2724/2724 2725/2725 2726/2726
f 2724/2724 2726/2726 2727/2727
f 2728/2728 2729/2729 2730/2730
f 2731/2731 2730/2730 2729/2729
f 2732/2732 2730/2730 2733/2733
f 2731/2731 2733/2733 2730/2730
f 2729/2729 2727/2727 2731/2731
f 2726/2726 2731/2731 2727/2727
f 2733/2733 2731/2731 2725/2725
f 2726/2726 2725/2725 2731/2731
f 2721/2721 2734/2734 2735/2735
f 2735/2735 2720/2720 2721/2721
f 2725/2725 2724/2724 2736/2736
f 2737/2737 2724/2724 2727/2727
f 2738/2738 2739/2739 2740/2740
f 2738/2738 2740/2740 2741/2741
f 2742/2742 2743/2743 2744/2744
f 2741/2741 2744/2744 2745/2745
f 2746/2746 2747/2747 2748/2748
f 2749/2749 2746/2746 2750/2750
f 2750/2750 2748/2748 2751/2751
f 2752/2752 2753/2753 2754/2754
f 2752/2752 2754/2754 2750/2750
f 2755/2755 2756/2756 2757/2757
f 2758/2758 2759/2759 2760/2760
f 2759/2759 2755/2755 2761/2761
f 2762/2762 2760/2760 2763/2763
f 2764/2764 2763/2763 2760/2760
f 2761/2761 2755/2755 2757/2757
f 2760/2760 2759/2759 2761/2761
f 2741/2741 2740/2740 2765/2765
f 2741/2741 2765/2765 2742/2742
f 2766/2766 2764/2764 2761/2761
f 2766/2766 2761/2761 2757/2757
f 2767/2767 2745/2745 2744/2744
f 2743/2743 2767/2767 2744/2744
f 2741/2741 2742/2742 2744/2744
f 2738/2738 2741/2741 2745/2745
f 2749/2749 2768/2768 2746/2746
f 2754/2754 2749/2749 2750/2750
f 2769/2769 2751/2751 2748/2748
f 2747/2747 2769/2769 2748/2748
f 2750/2750 2746/2746 2748/2748
f 2752/2752 2750/2750 2751/2751
f 2766/2766 2770/2770 2764/2764
f 2761/2761 2764/2764 2760/2760
f 2771/2771 2756/2756 2755/2755
f 2772/2772 2773/2773 2762/2762
f 2772/2772 2762/2762 2763/2763
f 2771/2771 2755/2755 2759/2759
f 2762/2762 2758/2758 2760/2760
f 2771/2771 2759/2759 2758/2758
f 2774/2774 2770/2770 2766/2766
f 2775/2775 2776/2776 2742/2742
f 2776/2776 2775/2775 2777/2777
f 2742/2742 2765/2765 2778/2778
f 2779/2779 2778/2778 2765/2765
f 2779/2779 2780/2780 2778/2778
f 2781/2781 2780/2780 2734/2734
f 2742/2742 2778/2778 2782/2782
f 2783/2783 2784/2784 2785/2785
f 2777/2777 2785/2785 2784/2784
f 2784/2784 2786/2786 2777/2777
f 2776/2776 2777/2777 2786/2786
f 2781/2781 2785/2785 2775/2775
f 2777/2777 2775/2775 2785/2785
f 2787/2787 2767/2767 2788/2788
f 2743/2743 2788/2788 2767/2767
f 2788/2788 2789/2789 2787/2787
f 2776/2776 2788/2788 2742/2742
f 2743/2743 2742/2742 2788/2788
f 2776/2776 2786/2786 2788/2788
f 2789/2789 2788/2788 2786/2786
f 2782/2782 2781/2781 2775/2775
f 2778/2778 2780/2780 2782/2782
f 2781/2781 2782/2782 2780/2780
f 2742/2742 2782/2782 2775/2775
f 2790/2790 2769/2769 2791/2791
f 2747/2747 2792/2792 2769/2769
f 2791/2791 2769/2769 2792/2792
f 2793/2793 2794/2794 2768/2768
f 2795/2795 2739/2739 2796/2796
f 2797/2797 2746/2746 2794/2794
f 2768/2768 2794/2794 2746/2746
f 2738/2738 2798/2798 2739/2739
f 2796/2796 2739/2739 2798/2798
f 2792/2792 2747/2747 2797/2797
f 2746/2746 2797/2797 2747/2747
f 2745/2745 2799/2799 2738/2738
f 2798/2798 2738/2738 2799/2799
f 2790/2790 2800/2800 2769/2769
f 2790/2790 2771/2771 2801/2801
f 2802/2802 2751/2751 2800/2800
f 2769/2769 2800/2800 2751/2751
f 2758/2758 2803/2803 2771/2771
f 2801/2801 2771/2771 2803/2803
f 2804/2804 2805/2805 2773/2773
f 2806/2806 2753/2753 2807/2807
f 2808/2808 2762/2762 2805/2805
f 2773/2773 2805/2805 2762/2762
f 2752/2752 2809/2809 2753/2753
f 2807/2807 2753/2753 2809/2809
f 2803/2803 2758/2758 2808/2808
f 2762/2762 2808/2808 2758/2758
f 2751/2751 2802/2802 2752/2752
f 2809/2809 2752/2752 2802/2802
f 2810/2810 2811/2811 2812/2812
f 2813/2813 2812/2812 2811/2811
f 2814/2814 2756/2756 2815/2815
f 2771/2771 2815/2815 2756/2756
f 2790/2790 2815/2815 2771/2771
f 2816/2816 2814/2814 2817/2817
f 2815/2815 2817/2817 2814/2814
f 2790/2790 2817/2817 2815/2815
f 2818/2818 2819/2819 2820/2820
f 2818/2818 2774/2774 2819/2819
f 2766/2766 2810/2810 2774/2774
f 2819/2819 2774/2774 2810/2810
f 2820/2820 2819/2819 2812/2812
f 2810/2810 2812/2812 2819/2819
f 2757/2757 2811/2811 2766/2766
f 2810/2810 2766/2766 2811/2811
f 2757/2757 2756/2756 2811/2811
f 2814/2814 2811/2811 2756/2756
f 2813/2813 2811/2811 2816/2816
f 2814/2814 2816/2816 2811/2811
f 2821/2821 2732/2732 2733/2733
f 2821/2821 2733/2733 2725/2725
f 2737/2737 2729/2729 2728/2728
f 2737/2737 2727/2727 2729/2729
f 2781/2781 2734/2734 2721/2721
f 2722/2722 2723/2723 2785/2785
f 2783/2783 2785/2785 2723/2723
f 2721/2721 2722/2722 2781/2781
f 2785/2785 2781/2781 2722/2722
f 2799/2799 2745/2745 2822/2822
f 2745/2745 2767/2767 2822/2822
f 2822/2822 2767/2767 2823/2823
f 2767/2767 2787/2787 2823/2823
f 2823/2823 2787/2787 2824/2824
f 2787/2787 2789/2789 2824/2824
f 2824/2824 2789/2789 2825/2825
f 2789/2789 2786/2786 2825/2825
f 2825/2825 2786/2786 2826/2826
f 2786/2786 2784/2784 2826/2826
f 2826/2826 2784/2784 2827/2827
f 2784/2784 2783/2783 2827/2827
f 2827/2827 2783/2783 2828/2828
f 2783/2783 2723/2723 2828/2828
f 2828/2828 2723/2723 2829/2829
f 2723/2723 1039/1039 2829/2829
f 2829/2829 1039/1039 1045/1045
f 1685/1685 2830/2830 1680/1680
f 1680/1680 2830/2830 2831/2831
f 2831/2831 2830/2830 2832/2832
f 2833/2833 1677/1677 1675/1675
f 2834/2834 1683/1683 1680/1680
f 1675/1675 1683/1683 2834/2834
f 1680/1680 2831/2831 2834/2834
f 1675/1675 2834/2834 2835/2835
f 2833/2833 1675/1675 2835/2835
f 2836/2836 2837/2837 2838/2838
f 2839/2839 2840/2840 2841/2841
f 2842/2842 2841/2841 2840/2840
f 2839/2839 2841/2841 2843/2843
f 2844/2844 2843/2843 2841/2841
f 2836/2836 2838/2838 2845/2845
f 2838/2838 2837/2837 2839/2839
f 2840/2840 2839/2839 2837/2837
f 2838/2838 2839/2839 2845/2845
f 2843/2843 2845/2845 2839/2839
f 2831/2831 2832/2832 2846/2846
f 2847/2847 2848/2848 2849/2849
f 2850/2850 2851/2851 2852/2852
f 2850/2850 2853/2853 2851/2851
f 2854/2854 2846/2846 2852/2852
f 2855/2855 2856/2856 2857/2857
f 2858/2858 2857/2857 2856/2856
f 2857/2857 2858/2858 2859/2859
f 2860/2860 2859/2859 2858/2858
f 2861/2861 2862/2862 2860/2860
f 2859/2859 2860/2860 2862/2862
f 2862/2862 2861/2861 2863/2863
f 2849/2849 2858/2858 2864/2864
f 2856/2856 2864/2864 2858/2858
f 2848/2848 2860/2860 2849/2849
f 2858/2858 2849/2849 2860/2860
f 2849/2849 2864/2864 2847/2847
f 2854/2854 2847/2847 2864/2864
f 2865/2865 2866/2866 2861/2861
f 2863/2863 2861/2861 2866/2866
f 2861/2861 2860/2860 2865/2865
f 2848/2848 2865/2865 2860/2860
f 2867/2867 2847/2847 2854/2854
f 2854/2854 2852/2852 2867/2867
f 2851/2851 2867/2867 2852/2852
f 2863/2863 2866/2866 2868/2868
f 2844/2844 2869/2869 2843/2843
f 2870/2870 2842/2842 2840/2840
f 2845/2845 2871/2871 2836/2836
f 2870/2870 2837/2837 2836/2836
f 2872/2872 2873/2873 2874/2874
f 2872/2872 2875/2875 2873/2873
f 2876/2876 2877/2877 2878/2878
f 2875/2875 2879/2879 2877/2877
f 2880/2880 2881/2881 2882/2882
f 2883/2883 2884/2884 2880/2880
f 2884/2884 2885/2885 2881/2881
f 2886/2886 2887/2887 2888/2888
f 2886/2886 2884/2884 2887/2887
f 2889/2889 2890/2890 2891/2891
f 2892/2892 2893/2893 2894/2894
f 2894/2894 2895/2895 2889/2889
f 2896/2896 2897/2897 2893/2893
f 2898/2898 2893/2893 2897/2897
f 2895/2895 2890/2890 2889/2889
f 2893/2893 2895/2895 2894/2894
f 2875/2875 2853/2853 2873/2873
f 2875/2875 2876/2876 2853/2853
f 2899/2899 2895/2895 2898/2898
f 2899/2899 2890/2890 2895/2895
f 2900/2900 2877/2877 2879/2879
f 2878/2878 2877/2877 2900/2900
f 2875/2875 2877/2877 2876/2876
f 2872/2872 2879/2879 2875/2875
f 2883/2883 2880/2880 2901/2901
f 2887/2887 2884/2884 2883/2883
f 2902/2902 2881/2881 2885/2885
f 2882/2882 2881/2881 2902/2902
f 2884/2884 2881/2881 2880/2880
f 2886/2886 2885/2885 2884/2884
f 2899/2899 2898/2898 2903/2903
f 2895/2895 2893/2893 2898/2898
f 2904/2904 2889/2889 2891/2891
f 2905/2905 2896/2896 2906/2906
f 2905/2905 2897/2897 2896/2896
f 2904/2904 2894/2894 2889/2889
f 2896/2896 2893/2893 2892/2892
f 2904/2904 2892/2892 2894/2894
f 2907/2907 2899/2899 2903/2903
f 2848/2848 2847/2847 2876/2876
f 2876/2876 2851/2851 2853/2853
f 2876/2876 2867/2867 2851/2851
f 2878/2878 2900/2900 2865/2865
f 2866/2866 2865/2865 2900/2900
f 2878/2878 2865/2865 2876/2876
f 2848/2848 2876/2876 2865/2865
f 2876/2876 2847/2847 2867/2867
f 2866/2866 2900/2900 2868/2868
f 2908/2908 2868/2868 2900/2900
f 2909/2909 2868/2868 2908/2908
f 2900/2900 2879/2879 2908/2908
f 2910/2910 2908/2908 2879/2879
f 2908/2908 2910/2910 2909/2909
f 2911/2911 2909/2909 2910/2910
f 2912/2912 2913/2913 2874/2874
f 2912/2912 2914/2914 2913/2913
f 2915/2915 2872/2872 2913/2913
f 2874/2874 2913/2913 2872/2872
f 2916/2916 2915/2915 2914/2914
f 2913/2913 2914/2914 2915/2915
f 2910/2910 2879/2879 2915/2915
f 2872/2872 2915/2915 2879/2879
f 2911/2911 2910/2910 2916/2916
f 2915/2915 2916/2916 2910/2910
f 2917/2917 2918/2918 2902/2902
f 2919/2919 2918/2918 2917/2917
f 2902/2902 2885/2885 2917/2917
f 2920/2920 2917/2917 2885/2885
f 2917/2917 2920/2920 2919/2919
f 2921/2921 2919/2919 2920/2920
f 2922/2922 2923/2923 2888/2888
f 2922/2922 2924/2924 2923/2923
f 2925/2925 2886/2886 2923/2923
f 2888/2888 2923/2923 2886/2886
f 2926/2926 2925/2925 2924/2924
f 2923/2923 2924/2924 2925/2925
f 2920/2920 2885/2885 2925/2925
f 2886/2886 2925/2925 2885/2885
f 2921/2921 2920/2920 2926/2926
f 2925/2925 2926/2926 2920/2920
f 2927/2927 2928/2928 2904/2904
f 2904/2904 2891/2891 2927/2927
f 2929/2929 2927/2927 2891/2891
f 2927/2927 2929/2929 2930/2930
f 2931/2931 2930/2930 2929/2929
f 2930/2930 2928/2928 2927/2927
f 2932/2932 2933/2933 2907/2907
f 2932/2932 2934/2934 2933/2933
f 2935/2935 2899/2899 2933/2933
f 2907/2907 2933/2933 2899/2899
f 2936/2936 2935/2935 2934/2934
f 2933/2933 2934/2934 2935/2935
f 2937/2937 2890/2890 2935/2935
f 2899/2899 2935/2935 2890/2890
f 2938/2938 2937/2937 2936/2936
f 2935/2935 2936/2936 2937/2937
f 2929/2929 2891/2891 2937/2937
f 2890/2890 2937/2937 2891/2891
f 2931/2931 2929/2929 2938/2938
f 2937/2937 2938/2938 2929/2929
f 2843/2843 2869/2869 2845/2845
f 2870/2870 2840/2840 2837/2837
f 2854/2854 2831/2831 2846/2846
f 2856/2856 2835/2835 2864/2864
f 2834/2834 2864/2864 2835/2835
f 2864/2864 2834/2834 2854/2854
f 2831/2831 2854/2854 2834/2834
f 2856/2856 2855/2855 2835/2835
f 2833/2833 2835/2835 2855/2855
f 2939/2939 1801/1801 2940/2940
f 1801/1801 2939/2939 1799/1799
f 2941/2941 1801/1801 1797/1797
f 1796/1796 2941/2941 1797/1797
f 1801/1801 2941/2941 2940/2940
f 1796/1796 2942/2942 2941/2941
f 2943/2943 2944/2944 2945/2945
f 2943/2943 2945/2945 2946/2946
f 2947/2947 2948/2948 2949/2949
f 2950/2950 2949/2949 2948/2948
f 2951/2951 2949/2949 2952/2952
f 2950/2950 2952/2952 2949/2949
f 2948/2948 2946/2946 2950/2950
f 2945/2945 2950/2950 2946/2946
f 2952/2952 2950/2950 2944/2944
f 2945/2945 2944/2944 2950/2950
f 2940/2940 2953/2953 2954/2954
f 2954/2954 2939/2939 2940/2940
f 2944/2944 2943/2943 2955/2955
f 2956/2956 2943/2943 2946/2946
f 2957/2957 2958/2958 2959/2959
f 2957/2957 2959/2959 2960/2960
f 2961/2961 2962/2962 2963/2963
f 2960/2960 2963/2963 2964/2964
f 2965/2965 2966/2966 2967/2967
f 2968/2968 2965/2965 2969/2969
f 2969/2969 2967/2967 2970/2970
f 2971/2971 2972/2972 2973/2973
f 2971/2971 2973/2973 2969/2969
f 2974/2974 2975/2975 2976/2976
f 2977/2977 2978/2978 2979/2979
f 2978/2978 2974/2974 2980/2980
f 2981/2981 2979/2979 2982/2982
f 2983/2983 2982/2982 2979/2979
f 2980/2980 2974/2974 2976/2976
f 2979/2979 2978/2978 2980/2980
f 2960/2960 2959/2959 2984/2984
f 2960/2960 2984/2984 2961/2961
f 2985/2985 2983/2983 2980/2980
f 2985/2985 2980/2980 2976/2976
f 2986/2986 2964/2964 2963/2963
f 2962/2962 2986/2986 2963/2963
f 2960/2960 2961/2961 2963/2963
f 2957/2957 2960/2960 2964/2964
f 2968/2968 2987/2987 2965/2965
f 2973/2973 2968/2968 2969/2969
f 2988/2988 2970/2970 2967/2967
f 2966/2966 2988/2988 2967/2967
f 2969/2969 2965/2965 2967/2967
f 2971/2971 2969/2969 2970/2970
f 2985/2985 2989/2989 2983/2983
f 2980/2980 2983/2983 2979/2979
f 2990/2990 2975/2975 2974/2974
f 2991/2991 2992/2992 2981/2981
f 2991/2991 2981/2981 2982/2982
f 2990/2990 2974/2974 2978/2978
f 2981/2981 2977/2977 2979/2979
f 2990/2990 2978/2978 2977/2977
f 2993/2993 2989/2989 2985/2985
f 2994/2994 2995/2995 2961/2961
f 2995/2995 2994/2994 2996/2996
f 2961/2961 2984/2984 2997/2997
f 2998/2998 2997/2997 2984/2984
f 2998/2998 2999/2999 2997/2997
f 3000/3000 2999/2999 2953/2953
f 2961/2961 2997/2997 3001/3001
f 3002/3002 3003/3003 3004/3004
f 2996/2996 3004/3004 3003/3003
f 3003/3003 3005/3005 2996/2996
f 2995/2995 2996/2996 3005/3005
f 3000/3000 3004/3004 2994/2994
f 2996/2996 2994/2994 3004/3004
f 3006/3006 2986/2986 3007/3007
f 2962/2962 3007/3007 2986/2986
f 3007/3007 3008/3008 3006/3006
f 2995/2995 3007/3007 2961/2961
f 2962/2962 2961/2961 3007/3007
f 2995/2995 3005/3005 3007/3007
f 3008/3008 3007/3007 3005/3005
f 3001/3001 3000/3000 2994/2994
f 2997/2997 2999/2999 3001/3001
f 3000/3000 3001/3001 2999/2999
f 2961/2961 3001/3001 2994/2994
f 3009/3009 2988/2988 3010/3010
f 2966/2966 3011/3011 2988/2988
f 3010/3010 2988/2988 3011/3011
f 3012/3012 3013/3013 2987/2987
f 3014/3014 2958/2958 3015/3015
f 3016/3016 2965/2965 3013/3013
f 2987/2987 3013/3013 2965/2965
f 2957/2957 3017/3017 2958/2958
f 3015/3015 2958/2958 3017/3017
f 3011/3011 2966/2966 3016/3016
f 2965/2965 3016/3016 2966/2966
f 2964/2964 3018/3018 2957/2957
f 3017/3017 2957/2957 3018/3018
f 3009/3009 3019/3019 2988/2988
f 3009/3009 2990/2990 3020/3020
f 3021/3021 2970/2970 3019/3019
f 2988/2988 3019/3019 2970/2970
f 2977/2977 3022/3022 2990/2990
f 3020/3020 2990/2990 3022/3022
f 3023/3023 3024/3024 2992/2992
f 3025/3025 2972/2972 3026/3026
f 3027/3027 2981/2981 3024/3024
f 2992/2992 3024/3024 2981/2981
f 2971/2971 3028/3028 2972/2972
f 3026/3026 2972/2972 3028/3028
f 3022/3022 2977/2977 3027/3027
f 2981/2981 3027/3027 2977/2977
f 2970/2970 3021/3021 2971/2971
f 3028/3028 2971/2971 3021/3021
f 3029/3029 3030/3030 3031/3031
f 3032/3032 3031/3031 3030/3030
f 3033/3033 2975/2975 3034/3034
f 2990/2990 3034/3034 2975/2975
f 3009/3009 3034/3034 2990/2990
f 3035/3035 3033/3033 3036/3036
f 3034/3034 3036/3036 3033/3033
f 3009/3009 3036/3036 3034/3034
f 3037/3037 3038/3038 3039/3039
f 3037/3037 2993/2993 3038/3038
f 2985/2985 3029/3029 2993/2993
f 3038/3038 2993/2993 3029/3029
f 3039/3039 3038/3038 3031/3031
f 3029/3029 3031/3031 3038/3038
f 2976/2976 3030/3030 2985/2985
f 3029/3029 2985/2985 3030/3030
f 2976/2976 2975/2975 3030/3030
f 3033/3033 3030/3030 2975/2975
f 3032/3032 3030/3030 3035/3035
f 3033/3033 3035/3035 3030/3030
f 3040/3040 2951/2951 2952/2952
f 3040/3040 2952/2952 2944/2944
f 2956/2956 2948/2948 2947/2947
f 2956/2956 2946/2946 2948/2948
f 3000/3000 2953/2953 2940/2940
f 2941/2941 2942/2942 3004/3004
f 3002/3002 3004/3004 2942/2942
f 2940/2940 2941/2941 3000/3000
f 3004/3004 3000/3000 2941/2941
f 3018/3018 2964/2964 3041/3041
f 2964/2964 2986/2986 3041/3041
f 3041/3041 2986/2986 3042/3042
f 2986/2986 3006/3006 3042/3042
f 3042/3042 3006/3006 3043/3043
f 3006/3006 3008/3008 3043/3043
f 3043/3043 3008/3008 3044/3044
f 3008/3008 3005/3005 3044/3044
f 3044/3044 3005/3005 3045/3045
f 3005/3005 3003/3003 3045/3045
f 3045/3045 3003/3003 3046/3046
f 3003/3003 3002/3002 3046/3046
f 3046/3046 3002/3002 3047/3047
f 3002/3002 2942/2942 3047/3047
f 3047/3047 2942/2942 3048/3048
f 2942/2942 1796/1796 3048/3048
f 3048/3048 1796/1796 1802/1802
f 2501/2501 3049/3049 2496/2496
f 2496/2496 3049/3049 3050/3050
f 3050/3050 3049/3049 3051/3051
f 3052/3052 2493/2493 2491/2491
f 3053/3053 2499/2499 2496/2496
f 2491/2491 2499/2499 3053/3053
f 2496/2496 3050/3050 3053/3053
f 2491/2491 3053/3053 3054/3054
f 3052/3052 2491/2491 3054/3054
f 3055/3055 3056/3056 3057/3057
f 3058/3058 3059/3059 3060/3060
f 3061/3061 3060/3060 3059/3059
f 3058/3058 3060/3060 3062/3062
f 3063/3063 3062/3062 3060/3060
f 3055/3055 3057/3057 3064/3064
f 3057/3057 3056/3056 3058/3058
f 3059/3059 3058/3058 3056/3056
f 3057/3057 3058/3058 3064/3064
f 3062/3062 3064/3064 3058/3058
f 3050/3050 3051/3051 3065/3065
f 3066/3066 3067/3067 3068/3068
f 3069/3069 3070/3070 3071/3071
f 3069/3069 3072/3072 3070/3070
f 3073/3073 3065/3065 3071/3071
f 3074/3074 3075/3075 3076/3076
f 3077/3077 3076/3076 3075/3075
f 3076/3076 3077/3077 3078/3078
f 3079/3079 3078/3078 3077/3077
f 3080/3080 3081/3081 3079/3079
f 3078/3078 3079/3079 3081/3081
f 3081/3081 3080/3080 3082/3082
f 3068/3068 3077/3077 3083/3083
f 3075/3075 3083/3083 3077/3077
f 3067/3067 3079/3079 3068/3068
f 3077/3077 3068/3068 3079/3079
f 3068/3068 3083/3083 3066/3066
f 3073/3073 3066/3066 3083/3083
f 3084/3084 3085/3085 3080/3080
f 3082/3082 3080/3080 3085/3085
f 3080/3080 3079/3079 3084/3084
f 3067/3067 3084/3084 3079/3079
f 3086/3086 3066/3066 3073/3073
f 3073/3073 3071/3071 3086/3086
f 3070/3070 3086/3086 3071/3071
f 3082/3082 3085/3085 3087/3087
f 3063/3063 3088/3088 3062/3062
f 3089/3089 3061/3061 3059/3059
f 3064/3064 3090/3090 3055/3055
f 3089/3089 3056/3056 3055/3055
f 3091/3091 3092/3092 3093/3093
f 3091/3091 3094/3094 3092/3092
f 3095/3095 3096/3096 3097/3097
f 3094/3094 3098/3098 3096/3096
f 3099/3099 3100/3100 3101/3101
f 3102/3102 3103/3103 3099/3099
f 3103/3103 3104/3104 3100/3100
f 3105/3105 3106/3106 3107/3107
f 3105/3105 3103/3103 3106/3106
f 3108/3108 3109/3109 3110/3110
f 3111/3111 3112/3112 3113/3113
f 3113/3113 3114/3114 3108/3108
f 3115/3115 3116/3116 3112/3112
f 3117/3117 3112/3112 3116/3116
f 3114/3114 3109/3109 3108/3108
f 3112/3112 3114/3114 3113/3113
f 3094/3094 3072/3072 3092/3092
f 3094/3094 3095/3095 3072/3072
f 3118/3118 3114/3114 3117/3117
f 3118/3118 3109/3109 3114/3114
f 3119/3119 3096/3096 3098/3098
f 3097/3097 3096/3096 3119/3119
f 3094/3094 3096/3096 3095/3095
f 3091/3091 3098/3098 3094/3094
f 3102/3102 3099/3099 3120/3120
f 3106/3106 3103/3103 3102/3102
f 3121/3121 3100/3100 3104/3104
f 3101/3101 3100/3100 3121/3121
f 3103/3103 3100/3100 3099/3099
f 3105/3105 3104/3104 3103/3103
f 3118/3118 3117/3117 3122/3122
f 3114/3114 3112/3112 3117/3117
f 3123/3123 3108/3108 3110/3110
f 3124/3124 3115/3115 3125/3125
f 3124/3124 3116/3116 3115/3115
f 3123/3123 3113/3113 3108/3108
f 3115/3115 3112/3112 3111/3111
f 3123/3123 3111/3111 3113/3113
f 3126/3126 3118/3118 3122/3122
f 3067/3067 3066/3066 3095/3095
f 3095/3095 3070/3070 3072/3072
f 3095/3095 3086/3086 3070/3070
f 3097/3097 3119/3119 3084/3084
f 3085/3085 3084/3084 3119/3119
f 3097/3097 3084/3084 3095/3095
f 3067/3067 3095/3095 3084/3084
f 3095/3095 3066/3066 3086/3086
f 3085/3085 3119/3119 3087/3087
f 3127/3127 3087/3087 3119/3119
f 3128/3128 3087/3087 3127/3127
f 3119/3119 3098/3098 3127/3127
f 3129/3129 3127/3127 3098/3098
f 3127/3127 3129/3129 3128/3128
f 3130/3130 3128/3128 3129/3129
f 3131/3131 3132/3132 3093/3093
f 3131/3131 3133/3133 3132/3132
f 3134/3134 3091/3091 3132/3132
f 3093/3093 3132/3132 3091/3091
f 3135/3135 3134/3134 3133/3133
f 3132/3132 3133/3133 3134/3134
f 3129/3129 3098/3098 3134/3134
f 3091/3091 3134/3134 3098/3098
f 3130/3130 3129/3129 3135/3135
f 3134/3134 3135/3135 3129/3129
f 3136/3136 3137/3137 3121/3121
f 3138/3138 3137/3137 3136/3136
f 3121/3121 3104/3104 3136/3136
f 3139/3139 3136/3136 3104/3104
f 3136/3136 3139/3139 3138/3138
f 3140/3140 3138/3138 3139/3139
f 3141/3141 3142/3142 3107/3107
f 3141/3141 3143/3143 3142/3142
f 3144/3144 3105/3105 3142/3142
f 3107/3107 3142/3142 3105/3105
f 3145/3145 3144/3144 3143/3143
f 3142/3142 3143/3143 3144/3144
f 3139/3139 3104/3104 3144/3144
f 3105/3105 3144/3144 3104/3104
f 3140/3140 3139/3139 3145/3145
f 3144/3144 3145/3145 3139/3139
f 3146/3146 3147/3147 3123/3123
f 3123/3123 3110/3110 3146/3146
f 3148/3148 3146/3146 3110/3110
f 3146/3146 3148/3148 3149/3149
f 3150/3150 3149/3149 3148/3148
f 3149/3149 3147/3147 3146/3146
f 3151/3151 3152/3152 3126/3126
f 3151/3151 3153/3153 3152/3152
f 3154/3154 3118/3118 3152/3152
f 3126/3126 3152/3152 3118/3118
f 3155/3155 3154/3154 3153/3153
f 3152/3152 3153/3153 3154/3154
f 3156/3156 3109/3109 3154/3154
f 3118/3118 3154/3154 3109/3109
f 3157/3157 3156/3156 3155/3155
f 3154/3154 3155/3155 3156/3156
f 3148/3148 3110/3110 3156/3156
f 3109/3109 3156/3156 3110/3110
f 3150/3150 3148/3148 3157/3157
f 3156/3156 3157/3157 3148/3148
f 3062/3062 3088/3088 3064/3064
f 3089/3089 3059/3059 3056/3056
f 3073/3073 3050/3050 3065/3065
f 3075/3075 3054/3054 3083/3083
f 3053/3053 3083/3083 3054/3054
f 3083/3083 3053/3053 3073/3073
f 3050/3050 3073/3073 3053/3053
f 3075/3075 3074/3074 3054/3054
f 3052/3052 3054/3054 3074/3074

g Object_n_202.jpg

usemtl mat_3-n_202.jpg

f 3158/3158 502/502 3159/3159
f 3158/3158 1213/1213 502/502
f 3160/3160 3161/3161 3162/3162
f 3160/3160 3163/3163 3161/3161
f 3164/3164 3163/3163 3160/3160
f 3164/3164 3165/3165 3163/3163
f 3158/3158 3159/3159 3166/3166
f 3167/3167 3166/3166 3159/3159
f 59/59 3168/3168 3163/3163
f 3161/3161 3163/3163 3168/3168
f 60/60 59/59 3165/3165
f 3163/3163 3165/3165 59/59
f 3169/3169 3170/3170 3171/3171
f 3172/3172 3173/3173 3174/3174
f 3175/3175 3174/3174 3173/3173
f 3176/3176 3177/3177 3178/3178
f 3179/3179 3178/3178 3177/3177
f 3177/3177 3176/3176 3180/3180
f 3181/3181 3182/3182 3183/3183
f 3184/3184 3183/3183 3182/3182
f 3185/3185 3186/3186 3187/3187
f 3188/3188 3187/3187 3186/3186
f 3184/3184 3189/3189 3183/3183
f 3190/3190 3191/3191 3192/3192
f 3193/3193 3192/3192 3191/3191
f 3194/3194 3195/3195 3190/3190
f 3191/3191 3190/3190 3195/3195
f 3193/3193 3196/3196 3192/3192
f 3197/3197 3192/3192 3196/3196
f 3196/3196 3198/3198 3197/3197
f 3199/3199 3197/3197 3198/3198
f 3200/3200 3201/3201 3202/3202
f 3203/3203 3202/3202 3201/3201
f 3204/3204 3205/3205 3206/3206
f 3207/3207 3206/3206 3205/3205
f 3204/3204 3206/3206 3208/3208
f 3209/3209 3210/3210 3211/3211
f 3212/3212 3211/3211 3210/3210
f 3210/3210 3213/3213 3212/3212
f 3214/3214 3212/3212 3213/3213
f 3215/3215 3216/3216 3211/3211
f 3209/3209 3211/3211 3216/3216
f 3217/3217 3218/3218 3215/3215
f 3216/3216 3215/3215 3218/3218
f 3219/3219 3220/3220 3221/3221
f 3222/3222 3221/3221 3220/3220
f 3219/3219 3221/3221 3223/3223
f 3224/3224 3170/3170 3225/3225
f 3169/3169 3225/3225 3170/3170
f 3169/3169 3171/3171 3226/3226
f 3227/3227 3228/3228 3225/3225
f 3224/3224 3225/3225 3228/3228
f 3229/3229 3230/3230 3227/3227
f 3228/3228 3227/3227 3230/3230
f 3229/3229 3227/3227 3231/3231
f 3232/3232 3233/3233 3231/3231
f 3234/3234 3235/3235 3236/3236
f 3237/3237 3217/3217 3215/3215
f 3238/3238 3239/3239 3240/3240
f 3241/3241 3242/3242 3243/3243
f 3212/3212 3244/3244 3245/3245
f 3246/3246 3231/3231 3247/3247
f 3248/3248 3249/3249 3250/3250
f 3250/3250 3251/3251 3252/3252
f 3253/3253 3254/3254 3255/3255
f 3256/3256 3174/3174 3257/3257
f 3258/3258 3259/3259 3260/3260
f 3261/3261 3250/3250 3262/3262
f 3263/3263 3250/3250 3261/3261
f 3264/3264 3265/3265 3261/3261
f 3266/3266 3261/3261 3265/3265
f 3194/3194 3244/3244 3212/3212
f 3267/3267 3268/3268 3269/3269
f 3268/3268 3197/3197 3199/3199
f 3257/3257 3174/3174 3175/3175
f 3263/3263 3248/3248 3250/3250
f 3185/3185 3253/3253 3255/3255
f 3241/3241 3270/3270 3242/3242
f 3258/3258 3271/3271 3243/3243
f 3258/3258 3243/3243 3242/3242
f 3258/3258 3242/3242 3270/3270
f 3241/3241 3243/3243 3272/3272
f 3255/3255 3186/3186 3185/3185
f 3264/3264 3261/3261 3262/3262
f 3266/3266 3263/3263 3261/3261
f 3250/3250 3249/3249 3273/3273
f 3256/3256 3257/3257 3274/3274
f 3185/3185 3203/3203 3275/3275
f 3201/3201 3275/3275 3203/3203
f 3250/3250 3252/3252 3262/3262
f 3275/3275 3276/3276 3185/3185
f 3277/3277 3185/3185 3276/3276
f 3278/3278 3229/3229 3231/3231
f 3279/3279 3212/3212 3280/3280
f 3215/3215 3211/3211 3279/3279
f 3231/3231 3233/3233 3281/3281
f 3227/3227 3225/3225 3232/3232
f 3197/3197 3268/3268 3239/3239
f 3280/3280 3282/3282 3279/3279
f 3283/3283 3284/3284 3279/3279
f 3285/3285 3282/3282 3280/3280
f 3283/3283 3282/3282 3285/3285
f 3239/3239 3238/3238 3286/3286
f 3283/3283 3233/3233 3232/3232
f 3287/3287 3288/3288 3289/3289
f 3241/3241 3289/3289 3288/3288
f 3290/3290 3291/3291 3258/3258
f 3259/3259 3258/3258 3291/3291
f 3270/3270 3241/3241 3288/3288
f 3258/3258 3270/3270 3290/3290
f 3289/3289 3241/3241 3272/3272
f 3281/3281 3233/3233 3283/3283
f 3169/3169 3283/3283 3232/3232
f 3190/3190 3239/3239 3245/3245
f 3292/3292 3286/3286 3238/3238
f 3292/3292 3238/3238 3293/3293
f 3267/3267 3293/3293 3238/3238
f 3238/3238 3240/3240 3267/3267
f 3294/3294 3267/3267 3295/3295
f 3296/3296 3295/3295 3267/3267
f 3296/3296 3267/3267 3269/3269
f 3297/3297 3285/3285 3280/3280
f 3283/3283 3279/3279 3282/3282
f 3298/3298 3283/3283 3285/3285
f 3247/3247 3231/3231 3281/3281
f 3299/3299 3246/3246 3247/3247
f 3246/3246 3278/3278 3231/3231
f 3190/3190 3192/3192 3239/3239
f 3287/3287 3289/3289 3300/3300
f 3301/3301 3270/3270 3288/3288
f 3301/3301 3302/3302 3270/3270
f 3303/3303 3270/3270 3302/3302
f 3290/3290 3303/3303 3304/3304
f 3270/3270 3303/3303 3290/3290
f 3305/3305 3306/3306 3307/3307
f 3308/3308 3309/3309 3236/3236
f 3310/3310 3311/3311 3312/3312
f 3302/3302 3301/3301 3313/3313
f 3311/3311 3314/3314 3312/3312
f 3312/3312 3236/3236 3310/3310
f 3236/3236 3309/3309 3310/3310
f 3236/3236 3235/3235 3308/3308
f 3312/3312 3234/3234 3236/3236
f 3312/3312 3314/3314 3234/3234
f 3313/3313 3315/3315 3316/3316
f 3315/3315 3291/3291 3316/3316
f 3317/3317 3316/3316 3291/3291
f 3300/3300 3315/3315 3313/3313
f 3290/3290 3304/3304 3291/3291
f 3317/3317 3291/3291 3304/3304
f 3300/3300 3318/3318 3315/3315
f 3291/3291 3315/3315 3259/3259
f 3318/3318 3259/3259 3315/3315
f 3319/3319 3318/3318 3300/3300
f 3319/3319 3320/3320 3318/3318
f 3321/3321 3318/3318 3320/3320
f 3271/3271 3258/3258 3260/3260
f 3289/3289 3319/3319 3300/3300
f 3260/3260 3259/3259 3321/3321
f 3321/3321 3259/3259 3318/3318
f 3271/3271 3260/3260 3322/3322
f 3289/3289 3272/3272 3323/3323
f 3232/3232 3225/3225 3169/3169
f 3197/3197 3239/3239 3192/3192
f 3269/3269 3268/3268 3199/3199
f 3212/3212 3279/3279 3211/3211
f 3214/3214 3194/3194 3212/3212
f 3215/3215 3279/3279 3284/3284
f 3237/3237 3215/3215 3284/3284
f 3227/3227 3232/3232 3231/3231
f 3324/3324 3325/3325 3326/3326
f 3324/3324 3326/3326 3327/3327
f 3328/3328 3329/3329 3330/3330
f 3331/3331 3332/3332 3325/3325
f 3332/3332 3333/3333 3325/3325
f 3326/3326 3325/3325 3333/3333
f 3333/3333 3334/3334 3326/3326
f 3333/3333 3332/3332 3335/3335
f 3328/3328 3330/3330 3336/3336
f 3324/3324 3337/3337 3331/3331
f 3329/3329 3328/3328 3338/3338
f 3331/3331 3325/3325 3324/3324
f 3332/3332 3331/3331 3336/3336
f 3328/3328 3336/3336 3331/3331
f 3331/3331 3337/3337 3328/3328
f 3338/3338 3328/3328 3337/3337
f 3313/3313 3339/3339 3302/3302
f 3335/3335 3302/3302 3339/3339
f 3316/3316 3340/3340 3313/3313
f 3339/3339 3313/3313 3340/3340
f 3326/3326 3341/3341 3342/3342
f 3334/3334 3341/3341 3326/3326
f 3303/3303 3343/3343 3304/3304
f 3303/3303 3344/3344 3343/3343
f 3316/3316 3317/3317 3340/3340
f 3345/3345 3340/3340 3317/3317
f 3335/3335 3344/3344 3302/3302
f 3303/3303 3302/3302 3344/3344
f 3343/3343 3345/3345 3304/3304
f 3317/3317 3304/3304 3345/3345
f 3344/3344 3346/3346 3343/3343
f 3341/3341 3343/3343 3346/3346
f 3341/3341 3345/3345 3343/3343
f 3324/3324 3347/3347 3337/3337
f 3324/3324 3348/3348 3347/3347
f 3329/3329 3349/3349 3350/3350
f 3329/3329 3338/3338 3349/3349
f 3339/3339 3340/3340 3333/3333
f 3334/3334 3333/3333 3340/3340
f 3333/3333 3335/3335 3339/3339
f 3340/3340 3345/3345 3334/3334
f 3341/3341 3334/3334 3345/3345
f 3348/3348 3351/3351 3352/3352
f 3346/3346 3342/3342 3341/3341
f 3342/3342 3353/3353 3326/3326
f 3327/3327 3326/3326 3353/3353
f 3354/3354 3351/3351 3327/3327
f 3348/3348 3327/3327 3351/3351
f 3355/3355 3354/3354 3353/3353
f 3327/3327 3353/3353 3354/3354
f 3356/3356 3357/3357 3349/3349
f 3350/3350 3349/3349 3357/3357
f 3352/3352 3356/3356 3347/3347
f 3349/3349 3347/3347 3356/3356
f 3324/3324 3327/3327 3348/3348
f 3337/3337 3347/3347 3338/3338
f 3349/3349 3338/3338 3347/3347
f 3348/3348 3352/3352 3347/3347
f 3358/3358 3351/3351 3354/3354
f 3351/3351 3359/3359 3352/3352
f 3358/3358 3359/3359 3351/3351
f 3358/3358 3354/3354 3360/3360
f 3355/3355 3360/3360 3354/3354
f 3360/3360 3355/3355 3361/3361
f 3362/3362 3363/3363 3364/3364
f 3362/3362 3365/3365 3363/3363
f 3366/3366 3365/3365 3362/3362
f 3366/3366 3367/3367 3365/3365
f 3368/3368 3369/3369 3370/3370
f 3368/3368 3371/3371 3369/3369
f 3368/3368 3370/3370 3372/3372
f 3368/3368 3364/3364 3371/3371
f 3363/3363 3371/3371 3364/3364
f 3373/3373 3374/3374 3375/3375
f 3376/3376 3375/3375 3374/3374
f 3373/3373 3375/3375 3370/3370
f 3372/3372 3370/3370 3375/3375
f 3377/3377 3372/3372 3375/3375
f 3378/3378 3362/3362 3364/3364
f 3378/3378 3366/3366 3362/3362
f 3379/3379 3376/3376 3380/3380
f 3374/3374 3380/3380 3376/3376
f 3366/3366 3379/3379 3367/3367
f 3380/3380 3367/3367 3379/3379
f 3377/3377 3358/3358 3381/3381
f 3358/3358 3377/3377 3359/3359
f 3360/3360 3381/3381 3358/3358
f 3360/3360 3366/3366 3378/3378
f 3360/3360 3361/3361 3366/3366
f 3381/3381 3378/3378 3368/3368
f 3364/3364 3368/3368 3378/3378
f 3377/3377 3381/3381 3372/3372
f 3368/3368 3372/3372 3381/3381
f 3361/3361 3382/3382 3366/3366
f 3379/3379 3366/3366 3382/3382
f 3383/3383 3376/3376 3382/3382
f 3379/3379 3382/3382 3376/3376
f 3360/3360 3378/3378 3381/3381
f 3377/3377 3375/3375 3376/3376
f 3335/3335 3332/3332 3344/3344
f 3332/3332 3336/3336 3344/3344
f 3344/3344 3336/3336 3346/3346
f 3336/3336 3330/3330 3346/3346
f 3346/3346 3330/3330 3342/3342
f 3330/3330 3329/3329 3342/3342
f 3342/3342 3329/3329 3353/3353
f 3329/3329 3350/3350 3353/3353
f 3353/3353 3350/3350 3355/3355
f 3350/3350 3357/3357 3355/3355
f 3355/3355 3357/3357 3361/3361
f 3357/3357 3356/3356 3361/3361
f 3361/3361 3356/3356 3382/3382
f 3356/3356 3352/3352 3382/3382
f 3382/3382 3352/3352 3383/3383
f 3352/3352 3359/3359 3383/3383
f 3383/3383 3359/3359 3376/3376
f 3359/3359 3377/3377 3376/3376
f 3384/3384 3385/3385 3386/3386
f 3387/3387 3388/3388 3386/3386
f 3386/3386 3389/3389 3390/3390
f 3388/3388 3389/3389 3386/3386
f 3384/3384 3386/3386 3390/3390
f 3387/3387 3386/3386 3385/3385
f 3390/3390 3391/3391 3384/3384
f 3392/3392 3384/3384 3391/3391
f 3393/3393 3394/3394 3387/3387
f 3388/3388 3387/3387 3394/3394
f 3390/3390 3389/3389 3395/3395
f 3391/3391 3390/3390 3395/3395
f 3388/3388 3395/3395 3389/3389
f 3394/3394 3395/3395 3388/3388
f 3396/3396 3397/3397 3398/3398
f 3398/3398 3399/3399 3400/3400
f 3401/3401 3402/3402 3403/3403
f 3404/3404 3399/3399 3405/3405
f 3398/3398 3405/3405 3399/3399
f 3406/3406 3405/3405 3397/3397
f 3398/3398 3397/3397 3405/3405
f 3398/3398 3400/3400 3396/3396
f 3401/3401 3407/3407 3405/3405
f 3404/3404 3405/3405 3407/3407
f 3401/3401 3405/3405 3408/3408
f 3406/3406 3408/3408 3405/3405
f 3401/3401 3403/3403 3407/3407
f 3408/3408 3402/3402 3401/3401
f 3409/3409 3410/3410 3411/3411
f 3412/3412 3413/3413 3414/3414
f 3415/3415 3409/3409 3411/3411
f 3416/3416 3417/3417 3412/3412
f 3411/3411 3410/3410 3418/3418
f 3419/3419 3418/3418 3410/3410
f 3420/3420 3411/3411 3421/3421
f 3418/3418 3421/3421 3411/3411
f 3415/3415 3411/3411 3420/3420
f 3419/3419 3413/3413 3418/3418
f 3412/3412 3418/3418 3413/3413
f 3418/3418 3412/3412 3421/3421
f 3417/3417 3421/3421 3412/3412
f 3416/3416 3412/3412 3414/3414
f 3422/3422 3423/3423 3424/3424
f 3425/3425 3424/3424 3423/3423
f 3426/3426 3427/3427 3428/3428
f 3429/3429 3430/3430 3422/3422
f 3428/3428 3431/3431 3432/3432
f 3430/3430 3423/3423 3422/3422
f 3425/3425 3431/3431 3424/3424
f 3428/3428 3424/3424 3431/3431
f 3424/3424 3428/3428 3433/3433
f 3427/3427 3433/3433 3428/3428
f 3426/3426 3428/3428 3432/3432
f 3434/3434 3422/3422 3433/3433
f 3424/3424 3433/3433 3422/3422
f 3429/3429 3422/3422 3434/3434
f 3410/3410 3435/3435 3419/3419
f 3409/3409 3435/3435 3410/3410
f 3413/3413 3419/3419 3435/3435
f 3414/3414 3413/3413 3435/3435
f 3431/3431 3425/3425 3436/3436
f 3432/3432 3431/3431 3436/3436
f 3423/3423 3436/3436 3425/3425
f 3430/3430 3436/3436 3423/3423
f 3399/3399 3404/3404 3437/3437
f 3400/3400 3399/3399 3437/3437
f 3407/3407 3437/3437 3404/3404
f 3403/3403 3437/3437 3407/3407
f 504/504 3438/3438 3439/3439
f 3438/3438 504/504 3440/3440
f 3439/3439 3441/3441 3442/3442
f 3441/3441 3439/3439 3438/3438
f 3443/3443 3444/3444 3445/3445
f 3446/3446 500/500 60/60
f 501/501 500/500 3446/3446
f 3445/3445 3164/3164 3447/3447
f 3164/3164 3445/3445 3165/3165
f 3167/3167 3439/3439 3442/3442
f 3167/3167 3159/3159 3439/3439
f 3443/3443 3445/3445 3448/3448
f 3447/3447 3448/3448 3445/3445
f 3449/3449 3443/3443 3450/3450
f 3448/3448 3450/3450 3443/3443
f 3438/3438 3449/3449 3441/3441
f 3450/3450 3441/3441 3449/3449
f 502/502 504/504 3159/3159
f 3439/3439 3159/3159 504/504
f 3446/3446 60/60 3445/3445
f 3165/3165 3445/3445 60/60
f 3445/3445 3444/3444 3446/3446
f 3443/3443 3451/3451 3444/3444
f 3452/3452 3451/3451 3449/3449
f 3443/3443 3449/3449 3451/3451
f 3440/3440 3452/3452 3438/3438
f 3449/3449 3438/3438 3452/3452
f 3440/3440 504/504 506/506
f 3444/3444 3451/3451 1783/1783
f 1784/1784 1783/1783 3451/3451
f 3446/3446 3444/3444 501/501
f 1783/1783 501/501 3444/3444
f 3451/3451 3452/3452 1784/1784
f 1782/1782 1784/1784 3452/3452
f 1782/1782 3452/3452 506/506
f 3440/3440 506/506 3452/3452
f 3453/3453 999/999 3454/3454
f 3453/3453 1970/1970 999/999
f 3455/3455 3456/3456 3457/3457
f 3455/3455 3458/3458 3456/3456
f 3459/3459 3458/3458 3455/3455
f 3459/3459 3460/3460 3458/3458
f 3453/3453 3454/3454 3461/3461
f 3462/3462 3461/3461 3454/3454
f 568/568 3463/3463 3458/3458
f 3456/3456 3458/3458 3463/3463
f 569/569 568/568 3460/3460
f 3458/3458 3460/3460 568/568
f 3464/3464 3465/3465 3466/3466
f 3467/3467 3468/3468 3469/3469
f 3470/3470 3469/3469 3468/3468
f 3471/3471 3472/3472 3473/3473
f 3474/3474 3473/3473 3472/3472
f 3472/3472 3471/3471 3475/3475
f 3476/3476 3477/3477 3478/3478
f 3479/3479 3478/3478 3477/3477
f 3480/3480 3481/3481 3482/3482
f 3483/3483 3482/3482 3481/3481
f 3479/3479 3484/3484 3478/3478
f 3485/3485 3486/3486 3487/3487
f 3488/3488 3487/3487 3486/3486
f 3489/3489 3490/3490 3485/3485
f 3486/3486 3485/3485 3490/3490
f 3488/3488 3491/3491 3487/3487
f 3492/3492 3487/3487 3491/3491
f 3491/3491 3493/3493 3492/3492
f 3494/3494 3492/3492 3493/3493
f 3495/3495 3496/3496 3497/3497
f 3498/3498 3497/3497 3496/3496
f 3499/3499 3500/3500 3501/3501
f 3502/3502 3501/3501 3500/3500
f 3499/3499 3501/3501 3503/3503
f 3504/3504 3505/3505 3506/3506
f 3507/3507 3506/3506 3505/3505
f 3505/3505 3508/3508 3507/3507
f 3509/3509 3507/3507 3508/3508
f 3510/3510 3511/3511 3506/3506
f 3504/3504 3506/3506 3511/3511
f 3512/3512 3513/3513 3510/3510
f 3511/3511 3510/3510 3513/3513
f 3514/3514 3515/3515 3516/3516
f 3517/3517 3516/3516 3515/3515
f 3514/3514 3516/3516 3518/3518
f 3519/3519 3465/3465 3520/3520
f 3464/3464 3520/3520 3465/3465
f 3464/3464 3466/3466 3521/3521
f 3522/3522 3523/3523 3520/3520
f 3519/3519 3520/3520 3523/3523
f 3524/3524 3525/3525 3522/3522
f 3523/3523 3522/3522 3525/3525
f 3524/3524 3522/3522 3526/3526
f 3527/3527 3528/3528 3526/3526
f 3529/3529 3530/3530 3531/3531
f 3532/3532 3512/3512 3510/3510
f 3533/3533 3534/3534 3535/3535
f 3536/3536 3537/3537 3538/3538
f 3507/3507 3539/3539 3540/3540
f 3541/3541 3526/3526 3542/3542
f 3543/3543 3544/3544 3545/3545
f 3545/3545 3546/3546 3547/3547
f 3548/3548 3549/3549 3550/3550
f 3551/3551 3469/3469 3552/3552
f 3553/3553 3554/3554 3555/3555
f 3556/3556 3545/3545 3557/3557
f 3558/3558 3545/3545 3556/3556
f 3559/3559 3560/3560 3556/3556
f 3561/3561 3556/3556 3560/3560
f 3489/3489 3539/3539 3507/3507
f 3562/3562 3563/3563 3564/3564
f 3563/3563 3492/3492 3494/3494
f 3552/3552 3469/3469 3470/3470
f 3558/3558 3543/3543 3545/3545
f 3480/3480 3548/3548 3550/3550
f 3536/3536 3565/3565 3537/3537
f 3553/3553 3566/3566 3538/3538
f 3553/3553 3538/3538 3537/3537
f 3553/3553 3537/3537 3565/3565
f 3536/3536 3538/3538 3567/3567
f 3550/3550 3481/3481 3480/3480
f 3559/3559 3556/3556 3557/3557
f 3561/3561 3558/3558 3556/3556
f 3545/3545 3544/3544 3568/3568
f 3551/3551 3552/3552 3569/3569
f 3480/3480 3498/3498 3570/3570
f 3496/3496 3570/3570 3498/3498
f 3545/3545 3547/3547 3557/3557
f 3570/3570 3571/3571 3480/3480
f 3572/3572 3480/3480 3571/3571
f 3573/3573 3524/3524 3526/3526
f 3574/3574 3507/3507 3575/3575
f 3510/3510 3506/3506 3574/3574
f 3526/3526 3528/3528 3576/3576
f 3522/3522 3520/3520 3527/3527
f 3492/3492 3563/3563 3534/3534
f 3575/3575 3577/3577 3574/3574
f 3578/3578 3579/3579 3574/3574
f 3580/3580 3577/3577 3575/3575
f 3578/3578 3577/3577 3580/3580
f 3534/3534 3533/3533 3581/3581
f 3578/3578 3528/3528 3527/3527
f 3582/3582 3583/3583 3584/3584
f 3536/3536 3584/3584 3583/3583
f 3585/3585 3586/3586 3553/3553
f 3554/3554 3553/3553 3586/3586
f 3565/3565 3536/3536 3583/3583
f 3553/3553 3565/3565 3585/3585
f 3584/3584 3536/3536 3567/3567
f 3576/3576 3528/3528 3578/3578
f 3464/3464 3578/3578 3527/3527
f 3485/3485 3534/3534 3540/3540
f 3587/3587 3581/3581 3533/3533
f 3587/3587 3533/3533 3588/3588
f 3562/3562 3588/3588 3533/3533
f 3533/3533 3535/3535 3562/3562
f 3589/3589 3562/3562 3590/3590
f 3591/3591 3590/3590 3562/3562
f 3591/3591 3562/3562 3564/3564
f 3592/3592 3580/3580 3575/3575
f 3578/3578 3574/3574 3577/3577
f 3593/3593 3578/3578 3580/3580
f 3542/3542 3526/3526 3576/3576
f 3594/3594 3541/3541 3542/3542
f 3541/3541 3573/3573 3526/3526
f 3485/3485 3487/3487 3534/3534
f 3582/3582 3584/3584 3595/3595
f 3596/3596 3565/3565 3583/3583
f 3596/3596 3597/3597 3565/3565
f 3598/3598 3565/3565 3597/3597
f 3585/3585 3598/3598 3599/3599
f 3565/3565 3598/3598 3585/3585
f 3600/3600 3601/3601 3602/3602
f 3603/3603 3604/3604 3531/3531
f 3605/3605 3606/3606 3607/3607
f 3597/3597 3596/3596 3608/3608
f 3606/3606 3609/3609 3607/3607
f 3607/3607 3531/3531 3605/3605
f 3531/3531 3604/3604 3605/3605
f 3531/3531 3530/3530 3603/3603
f 3607/3607 3529/3529 3531/3531
f 3607/3607 3609/3609 3529/3529
f 3608/3608 3610/3610 3611/3611
f 3610/3610 3586/3586 3611/3611
f 3612/3612 3611/3611 3586/3586
f 3595/3595 3610/3610 3608/3608
f 3585/3585 3599/3599 3586/3586
f 3612/3612 3586/3586 3599/3599
f 3595/3595 3613/3613 3610/3610
f 3586/3586 3610/3610 3554/3554
f 3613/3613 3554/3554 3610/3610
f 3614/3614 3613/3613 3595/3595
f 3614/3614 3615/3615 3613/3613
f 3616/3616 3613/3613 3615/3615
f 3566/3566 3553/3553 3555/3555
f 3584/3584 3614/3614 3595/3595
f 3555/3555 3554/3554 3616/3616
f 3616/3616 3554/3554 3613/3613
f 3566/3566 3555/3555 3617/3617
f 3584/3584 3567/3567 3618/3618
f 3527/3527 3520/3520 3464/3464
f 3492/3492 3534/3534 3487/3487
f 3564/3564 3563/3563 3494/3494
f 3507/3507 3574/3574 3506/3506
f 3509/3509 3489/3489 3507/3507
f 3510/3510 3574/3574 3579/3579
f 3532/3532 3510/3510 3579/3579
f 3522/3522 3527/3527 3526/3526
f 3619/3619 3620/3620 3621/3621
f 3619/3619 3621/3621 3622/3622
f 3623/3623 3624/3624 3625/3625
f 3626/3626 3627/3627 3620/3620
f 3627/3627 3628/3628 3620/3620
f 3621/3621 3620/3620 3628/3628
f 3628/3628 3629/3629 3621/3621
f 3628/3628 3627/3627 3630/3630
f 3623/3623 3625/3625 3631/3631
f 3619/3619 3632/3632 3626/3626
f 3624/3624 3623/3623 3633/3633
f 3626/3626 3620/3620 3619/3619
f 3627/3627 3626/3626 3631/3631
f 3623/3623 3631/3631 3626/3626
f 3626/3626 3632/3632 3623/3623
f 3633/3633 3623/3623 3632/3632
f 3608/3608 3634/3634 3597/3597
f 3630/3630 3597/3597 3634/3634
f 3611/3611 3635/3635 3608/3608
f 3634/3634 3608/3608 3635/3635
f 3621/3621 3636/3636 3637/3637
f 3629/3629 3636/3636 3621/3621
f 3598/3598 3638/3638 3599/3599
f 3598/3598 3639/3639 3638/3638
f 3611/3611 3612/3612 3635/3635
f 3640/3640 3635/3635 3612/3612
f 3630/3630 3639/3639 3597/3597
f 3598/3598 3597/3597 3639/3639
f 3638/3638 3640/3640 3599/3599
f 3612/3612 3599/3599 3640/3640
f 3639/3639 3641/3641 3638/3638
f 3636/3636 3638/3638 3641/3641
f 3636/3636 3640/3640 3638/3638
f 3619/3619 3642/3642 3632/3632
f 3619/3619 3643/3643 3642/3642
f 3624/3624 3644/3644 3645/3645
f 3624/3624 3633/3633 3644/3644
f 3634/3634 3635/3635 3628/3628
f 3629/3629 3628/3628 3635/3635
f 3628/3628 3630/3630 3634/3634
f 3635/3635 3640/3640 3629/3629
f 3636/3636 3629/3629 3640/3640
f 3643/3643 3646/3646 3647/3647
f 3641/3641 3637/3637 3636/3636
f 3637/3637 3648/3648 3621/3621
f 3622/3622 3621/3621 3648/3648
f 3649/3649 3646/3646 3622/3622
f 3643/3643 3622/3622 3646/3646
f 3650/3650 3649/3649 3648/3648
f 3622/3622 3648/3648 3649/3649
f 3651/3651 3652/3652 3644/3644
f 3645/3645 3644/3644 3652/3652
f 3647/3647 3651/3651 3642/3642
f 3644/3644 3642/3642 3651/3651
f 3619/3619 3622/3622 3643/3643
f 3632/3632 3642/3642 3633/3633
f 3644/3644 3633/3633 3642/3642
f 3643/3643 3647/3647 3642/3642
f 3653/3653 3646/3646 3649/3649
f 3646/3646 3654/3654 3647/3647
f 3653/3653 3654/3654 3646/3646
f 3653/3653 3649/3649 3655/3655
f 3650/3650 3655/3655 3649/3649
f 3655/3655 3650/3650 3656/3656
f 3657/3657 3658/3658 3659/3659
f 3657/3657 3660/3660 3658/3658
f 3661/3661 3660/3660 3657/3657
f 3661/3661 3662/3662 3660/3660
f 3663/3663 3664/3664 3665/3665
f 3663/3663 3666/3666 3664/3664
f 3663/3663 3665/3665 3667/3667
f 3663/3663 3659/3659 3666/3666
f 3658/3658 3666/3666 3659/3659
f 3668/3668 3669/3669 3670/3670
f 3671/3671 3670/3670 3669/3669
f 3668/3668 3670/3670 3665/3665
f 3667/3667 3665/3665 3670/3670
f 3672/3672 3667/3667 3670/3670
f 3673/3673 3657/3657 3659/3659
f 3673/3673 3661/3661 3657/3657
f 3674/3674 3671/3671 3675/3675
f 3669/3669 3675/3675 3671/3671
f 3661/3661 3674/3674 3662/3662
f 3675/3675 3662/3662 3674/3674
f 3672/3672 3653/3653 3676/3676
f 3653/3653 3672/3672 3654/3654
f 3655/3655 3676/3676 3653/3653
f 3655/3655 3661/3661 3673/3673
f 3655/3655 3656/3656 3661/3661
f 3676/3676 3673/3673 3663/3663
f 3659/3659 3663/3663 3673/3673
f 3672/3672 3676/3676 3667/3667
f 3663/3663 3667/3667 3676/3676
f 3656/3656 3677/3677 3661/3661
f 3674/3674 3661/3661 3677/3677
f 3678/3678 3671/3671 3677/3677
f 3674/3674 3677/3677 3671/3671
f 3655/3655 3673/3673 3676/3676
f 3672/3672 3670/3670 3671/3671
f 3630/3630 3627/3627 3639/3639
f 3627/3627 3631/3631 3639/3639
f 3639/3639 3631/3631 3641/3641
f 3631/3631 3625/3625 3641/3641
f 3641/3641 3625/3625 3637/3637
f 3625/3625 3624/3624 3637/3637
f 3637/3637 3624/3624 3648/3648
f 3624/3624 3645/3645 3648/3648
f 3648/3648 3645/3645 3650/3650
f 3645/3645 3652/3652 3650/3650
f 3650/3650 3652/3652 3656/3656
f 3652/3652 3651/3651 3656/3656
f 3656/3656 3651/3651 3677/3677
f 3651/3651 3647/3647 3677/3677
f 3677/3677 3647/3647 3678/3678
f 3647/3647 3654/3654 3678/3678
f 3678/3678 3654/3654 3671/3671
f 3654/3654 3672/3672 3671/3671
f 3679/3679 3680/3680 3681/3681
f 3682/3682 3683/3683 3681/3681
f 3681/3681 3684/3684 3685/3685
f 3683/3683 3684/3684 3681/3681
f 3679/3679 3681/3681 3685/3685
f 3682/3682 3681/3681 3680/3680
f 3685/3685 3686/3686 3679/3679
f 3687/3687 3679/3679 3686/3686
f 3688/3688 3689/3689 3682/3682
f 3683/3683 3682/3682 3689/3689
f 3685/3685 3684/3684 3690/3690
f 3686/3686 3685/3685 3690/3690
f 3683/3683 3690/3690 3684/3684
f 3689/3689 3690/3690 3683/3683
f 3691/3691 3692/3692 3693/3693
f 3693/3693 3694/3694 3695/3695
f 3696/3696 3697/3697 3698/3698
f 3699/3699 3694/3694 3700/3700
f 3693/3693 3700/3700 3694/3694
f 3701/3701 3700/3700 3692/3692
f 3693/3693 3692/3692 3700/3700
f 3693/3693 3695/3695 3691/3691
f 3696/3696 3702/3702 3700/3700
f 3699/3699 3700/3700 3702/3702
f 3696/3696 3700/3700 3703/3703
f 3701/3701 3703/3703 3700/3700
f 3696/3696 3698/3698 3702/3702
f 3703/3703 3697/3697 3696/3696
f 3704/3704 3705/3705 3706/3706
f 3707/3707 3708/3708 3709/3709
f 3710/3710 3704/3704 3706/3706
f 3711/3711 3712/3712 3707/3707
f 3706/3706 3705/3705 3713/3713
f 3714/3714 3713/3713 3705/3705
f 3715/3715 3706/3706 3716/3716
f 3713/3713 3716/3716 3706/3706
f 3710/3710 3706/3706 3715/3715
f 3714/3714 3708/3708 3713/3713
f 3707/3707 3713/3713 3708/3708
f 3713/3713 3707/3707 3716/3716
f 3712/3712 3716/3716 3707/3707
f 3711/3711 3707/3707 3709/3709
f 3717/3717 3718/3718 3719/3719
f 3720/3720 3719/3719 3718/3718
f 3721/3721 3722/3722 3723/3723
f 3724/3724 3725/3725 3717/3717
f 3723/3723 3726/3726 3727/3727
f 3725/3725 3718/3718 3717/3717
f 3720/3720 3726/3726 3719/3719
f 3723/3723 3719/3719 3726/3726
f 3719/3719 3723/3723 3728/3728
f 3722/3722 3728/3728 3723/3723
f 3721/3721 3723/3723 3727/3727
f 3729/3729 3717/3717 3728/3728
f 3719/3719 3728/3728 3717/3717
f 3724/3724 3717/3717 3729/3729
f 3705/3705 3730/3730 3714/3714
f 3704/3704 3730/3730 3705/3705
f 3708/3708 3714/3714 3730/3730
f 3709/3709 3708/3708 3730/3730
f 3726/3726 3720/3720 3731/3731
f 3727/3727 3726/3726 3731/3731
f 3718/3718 3731/3731 3720/3720
f 3725/3725 3731/3731 3718/3718
f 3694/3694 3699/3699 3732/3732
f 3695/3695 3694/3694 3732/3732
f 3702/3702 3732/3732 3699/3699
f 3698/3698 3732/3732 3702/3702
f 1001/1001 3733/3733 3734/3734
f 3733/3733 1001/1001 3735/3735
f 3734/3734 3736/3736 3737/3737
f 3736/3736 3734/3734 3733/3733
f 3738/3738 3739/3739 3740/3740
f 3741/3741 997/997 569/569
f 998/998 997/997 3741/3741
f 3740/3740 3459/3459 3742/3742
f 3459/3459 3740/3740 3460/3460
f 3462/3462 3734/3734 3737/3737
f 3462/3462 3454/3454 3734/3734
f 3738/3738 3740/3740 3743/3743
f 3742/3742 3743/3743 3740/3740
f 3744/3744 3738/3738 3745/3745
f 3743/3743 3745/3745 3738/3738
f 3733/3733 3744/3744 3736/3736
f 3745/3745 3736/3736 3744/3744
f 999/999 1001/1001 3454/3454
f 3734/3734 3454/3454 1001/1001
f 3741/3741 569/569 3740/3740
f 3460/3460 3740/3740 569/569
f 3740/3740 3739/3739 3741/3741
f 3738/3738 3746/3746 3739/3739
f 3747/3747 3746/3746 3744/3744
f 3738/3738 3744/3744 3746/3746
f 3735/3735 3747/3747 3733/3733
f 3744/3744 3733/3733 3747/3747
f 3735/3735 1001/1001 1003/1003
f 3739/3739 3746/3746 2612/2612
f 2613/2613 2612/2612 3746/3746
f 3741/3741 3739/3739 998/998
f 2612/2612 998/998 3739/3739
f 3746/3746 3747/3747 2613/2613
f 2611/2611 2613/2613 3747/3747
f 2611/2611 3747/3747 1003/1003
f 3735/3735 1003/1003 3747/3747

g Object_default-grey.jpg

usemtl mat_4-default-grey.jpg

# num_faces: 4798
