mtllib egg.mtl
v 0.000000 -1.250000 0.000000
v -0.080675 -1.240189 -0.080675
v -0.043660 -1.240189 -0.105411
v -0.065493 -1.240011 -0.098019
v -0.068739 -1.229367 -0.165956
v -0.127018 -1.229367 -0.127018
v -0.103458 -1.226758 -0.154835
v -0.100224 -1.207797 -0.241959
v -0.145477 -1.207797 -0.217719
v -0.191782 -1.177403 -0.287021
v -0.132126 -1.177403 -0.318984
v -0.185187 -1.207797 -0.185187
v -0.236239 -1.138801 -0.353556
v -0.162753 -1.138801 -0.392923
v -0.244139 -1.177403 -0.244139
v -0.278423 -1.092410 -0.416691
v -0.191819 -1.092410 -0.463089
v -0.300734 -1.138801 -0.300734
v -0.317925 -1.038632 -0.475809
v -0.219029 -1.038632 -0.528784
v -0.354432 -1.092410 -0.354432
v -0.354370 -0.978032 -0.530346
v -0.244139 -0.978032 -0.589403
v -0.404718 -1.038632 -0.404718
v -0.387393 -0.911149 -0.579769
v -0.266891 -0.911149 -0.644331
v -0.287077 -0.838655 -0.693062
v -0.451110 -0.978032 -0.451110
v -0.416691 -0.838655 -0.623625
v -0.304494 -0.761238 -0.735112
v -0.493147 -0.911149 -0.493147
v -0.441972 -0.761238 -0.661455
v -0.318984 -0.679650 -0.770094
v -0.530450 -0.838655 -0.530450
v -0.463003 -0.679650 -0.692934
v -0.330394 -0.594669 -0.797641
v -0.562627 -0.761238 -0.562627
v -0.479563 -0.594669 -0.717725
v -0.338631 -0.507116 -0.817527
v -0.589403 -0.679650 -0.589403
v -0.491524 -0.507116 -0.735614
v -0.343598 -0.417836 -0.829518
v -0.610488 -0.594669 -0.610488
v -0.498732 -0.417836 -0.746405
v -0.345104 -0.320197 -0.833156
v -0.625707 -0.507116 -0.625707
v -0.717719 -0.594669 -0.479569
v -0.735614 -0.507116 -0.491524
v -0.634888 -0.417836 -0.634888
v -0.746405 -0.417836 -0.498732
v -0.500919 -0.320197 -0.749682
v -0.497801 -0.207565 -0.745015
v -0.342955 -0.207565 -0.827975
v -0.637668 -0.320197 -0.637668
v -0.489907 -0.082139 -0.733201
v -0.337516 -0.082139 -0.814844
v -0.633700 -0.207565 -0.633700
v -0.749675 -0.320197 -0.500919
v -0.623656 -0.082139 -0.623656
v -0.745015 -0.207565 -0.497801
v -0.833156 -0.320197 -0.345104
v -0.829518 -0.417836 -0.343598
v -0.827975 -0.207565 -0.342961
v -0.817527 -0.507116 -0.338631
v -0.884306 -0.320197 -0.175902
v -0.880448 -0.417836 -0.175130
v -0.733201 -0.082139 -0.489907
v -0.878806 -0.207565 -0.174806
v -0.608192 0.053882 -0.608192
v -0.814844 -0.082139 -0.337516
v -0.715018 0.053882 -0.477763
v -0.477763 0.053882 -0.715018
v -0.329150 0.053882 -0.794640
v -0.587186 0.196921 -0.587186
v -0.461264 0.196921 -0.690325
v -0.317784 0.196921 -0.767197
v -0.690325 0.196921 -0.461264
v -0.440306 0.343389 -0.658968
v -0.303349 0.343389 -0.732344
v -0.560508 0.343389 -0.560514
v -0.415123 0.486998 -0.621279
v -0.285999 0.486998 -0.690460
v -0.528453 0.486998 -0.528453
v -0.385935 0.621457 -0.577589
v -0.265886 0.621457 -0.641906
v -0.491291 0.621457 -0.491291
v -0.658968 0.343389 -0.440306
v -0.353035 0.745523 -0.528356
v -0.243220 0.745523 -0.587186
v -0.449413 0.745523 -0.449413
v -0.316724 0.857941 -0.474015
v -0.218209 0.857941 -0.526800
v -0.403193 0.857941 -0.403193
v -0.277376 0.957687 -0.415123
v -0.191096 0.957687 -0.461350
v -0.353103 0.957687 -0.353103
v -0.235351 1.043740 -0.352227
v -0.162141 1.043740 -0.391447
v -0.131630 1.115339 -0.317784
v -0.299601 1.043740 -0.299601
v -0.191060 1.115339 -0.285944
v -0.099844 1.171719 -0.241052
v -0.243220 1.115339 -0.243220
v -0.144925 1.171719 -0.216898
v -0.103066 1.206891 -0.154253
v -0.068482 1.211729 -0.165332
v -0.184495 1.171719 -0.184495
v -0.065248 1.231474 -0.097652
v -0.043495 1.231805 -0.105013
v 0.000000 1.250000 0.000000
v -0.080375 1.231805 -0.080375
v -0.126540 1.211729 -0.126540
v -0.154253 1.206891 -0.103066
v -0.097652 1.231474 -0.065248
v -0.080375 1.231805 -0.080375
v 0.000000 1.250000 0.000000
v -0.105013 1.231805 -0.043495
v -0.165332 1.211729 -0.068482
v -0.216898 1.171719 -0.144925
v -0.285944 1.115339 -0.191060
v -0.241052 1.171719 -0.099844
v -0.352227 1.043740 -0.235351
v -0.317784 1.115339 -0.131630
v -0.415123 0.957687 -0.277376
v -0.391447 1.043740 -0.162141
v -0.474015 0.857941 -0.316724
v -0.461350 0.957687 -0.191096
v -0.526800 0.857941 -0.218209
v -0.528356 0.745523 -0.353035
v -0.587186 0.745523 -0.243220
v -0.577589 0.621457 -0.385935
v -0.641906 0.621457 -0.265886
v -0.621279 0.486998 -0.415123
v -0.690460 0.486998 -0.285999
v -0.732344 0.343389 -0.303349
v -0.767197 0.196921 -0.317784
v -0.777308 0.343389 -0.154614
v -0.794640 0.053882 -0.329150
v -0.814293 0.196921 -0.161975
v -0.843426 0.053882 -0.167769
v -0.864867 -0.082139 -0.172032
v -0.860109 0.053882 0.000000
v -0.881979 -0.082139 0.000000
v -0.896193 -0.207565 0.000000
v -0.830406 0.196921 0.000000
v -0.843426 0.053882 0.167769
v -0.814293 0.196921 0.161975
v -0.792680 0.343389 0.000000
v -0.777308 0.343389 0.154614
v -0.732846 0.486998 -0.145771
v -0.681316 0.621457 -0.135525
v -0.747342 0.486998 0.000000
v -0.623233 0.745523 -0.123968
v -0.694789 0.621457 0.000000
v -0.732846 0.486998 0.145771
v -0.681316 0.621457 0.135518
v -0.559142 0.857941 -0.111217
v -0.635561 0.745523 0.000000
v -0.489674 0.957687 -0.097401
v -0.570203 0.857941 0.000000
v -0.623233 0.745523 0.123968
v -0.559142 0.857941 0.111217
v -0.499357 0.957687 0.000000
v -0.415479 1.043740 -0.082641
v -0.489674 0.957687 0.097401
v -0.423697 1.043740 0.000000
v -0.337290 1.115339 -0.067092
v -0.343965 1.115339 0.000000
v -0.415479 1.043740 0.082641
v -0.255849 1.171719 -0.050893
v -0.391447 1.043740 0.162141
v -0.181953 1.206891 -0.036195
v -0.260914 1.171719 0.000000
v -0.115186 1.231474 -0.022911
v -0.105013 1.231805 -0.043495
v 0.000000 1.250000 0.000000
v -0.113667 1.231805 0.000000
v -0.178952 1.211729 0.000000
v -0.337290 1.115339 0.067092
v -0.181953 1.206891 0.036195
v -0.317784 1.115339 0.131630
v -0.255849 1.171719 0.050893
v -0.241052 1.171719 0.099844
v -0.115186 1.231474 0.022911
v -0.113667 1.231805 0.000000
v 0.000000 1.250000 0.000000
v -0.105013 1.231805 0.043495
v -0.165332 1.211729 0.068482
v -0.154253 1.206891 0.103066
v -0.097652 1.231474 0.065248
v -0.105013 1.231805 0.043495
v 0.000000 1.250000 0.000000
v -0.080375 1.231805 0.080375
v -0.126540 1.211729 0.126540
v -0.216898 1.171719 0.144925
v -0.285944 1.115339 0.191060
v -0.184495 1.171719 0.184495
v -0.352227 1.043740 0.235351
v -0.243220 1.115339 0.243220
v -0.461350 0.957687 0.191096
v -0.526800 0.857941 0.218209
v -0.415123 0.957687 0.277376
v -0.587186 0.745523 0.243220
v -0.474015 0.857941 0.316724
v -0.299601 1.043740 0.299601
v -0.353103 0.957687 0.353103
v -0.528356 0.745523 0.353035
v -0.641906 0.621457 0.265886
v -0.403193 0.857941 0.403193
v -0.690460 0.486998 0.285999
v -0.577589 0.621457 0.385935
v -0.732344 0.343389 0.303349
v -0.621279 0.486998 0.415123
v -0.449413 0.745523 0.449413
v -0.491291 0.621457 0.491291
v -0.658968 0.343389 0.440306
v -0.767197 0.196921 0.317784
v -0.528453 0.486998 0.528453
v -0.690325 0.196921 0.461264
v -0.794640 0.053882 0.329150
v -0.560514 0.343389 0.560508
v -0.864867 -0.082139 0.172032
v -0.715024 0.053882 0.477763
v -0.814844 -0.082139 0.337516
v -0.878806 -0.207565 0.174806
v -0.587186 0.196921 0.587186
v -0.733201 -0.082139 0.489907
v -0.608192 0.053882 0.608192
v -0.461264 0.196921 0.690325
v -0.477763 0.053882 0.715018
v -0.440306 0.343389 0.658968
v -0.329150 0.053882 0.794640
v -0.415123 0.486998 0.621279
v -0.317784 0.196921 0.767197
v -0.303349 0.343389 0.732344
v -0.385935 0.621457 0.577589
v -0.285999 0.486998 0.690453
v -0.353035 0.745523 0.528356
v -0.265886 0.621457 0.641906
v -0.316730 0.857941 0.474015
v -0.243220 0.745523 0.587186
v -0.277376 0.957687 0.415123
v -0.218209 0.857941 0.526794
v -0.235351 1.043740 0.352227
v -0.191096 0.957687 0.461350
v -0.191060 1.115339 0.285944
v -0.162141 1.043740 0.391447
v -0.144925 1.171719 0.216898
v -0.131630 1.115339 0.317784
v -0.103066 1.206891 0.154253
v -0.099844 1.171719 0.241052
v -0.065248 1.231474 0.097652
v -0.080375 1.231805 0.080375
v 0.000000 1.250000 0.000000
v -0.043495 1.231805 0.105013
v -0.068482 1.211729 0.165332
v -0.036195 1.206891 0.181953
v -0.022911 1.231474 0.115186
v -0.043495 1.231805 0.105013
v 0.000000 1.250000 0.000000
v 0.000000 1.231805 0.113667
v 0.000000 1.211729 0.178952
v -0.050893 1.171719 0.255849
v -0.067092 1.115339 0.337290
v 0.000000 1.171719 0.260914
v -0.082641 1.043740 0.415479
v 0.000000 1.115339 0.343965
v -0.097401 0.957687 0.489674
v 0.000000 1.043740 0.423697
v -0.111217 0.857941 0.559142
v 0.000000 0.957687 0.499357
v 0.000000 0.857941 0.570203
v -0.123968 0.745523 0.623233
v 0.000000 0.745523 0.635561
v -0.135525 0.621457 0.681316
v 0.000000 0.621457 0.694789
v -0.145771 0.486998 0.732846
v 0.000000 0.486998 0.747342
v -0.154614 0.343389 0.777302
v 0.000000 0.343389 0.792680
v -0.161975 0.196921 0.814293
v 0.000000 0.196921 0.830406
v -0.167769 0.053882 0.843426
v 0.000000 0.053882 0.860109
v 0.154614 0.343389 0.777308
v 0.161975 0.196921 0.814293
v 0.000000 -0.082139 0.881979
v 0.145771 0.486998 0.732846
v -0.172032 -0.082139 0.864867
v 0.135518 0.621457 0.681316
v -0.337516 -0.082139 0.814844
v 0.123968 0.745523 0.623233
v -0.489907 -0.082139 0.733201
v 0.111217 0.857941 0.559142
v -0.623656 -0.082139 0.623656
v 0.097401 0.957687 0.489674
v 0.218209 0.857941 0.526800
v 0.082641 1.043740 0.415479
v 0.191096 0.957687 0.461350
v 0.162141 1.043740 0.391447
v 0.067092 1.115339 0.337290
v 0.131630 1.115339 0.317784
v 0.235351 1.043740 0.352227
v 0.050893 1.171719 0.255849
v 0.099844 1.171719 0.241052
v 0.036195 1.206891 0.181953
v 0.191060 1.115339 0.285944
v 0.022911 1.231474 0.115186
v 0.000000 1.231805 0.113667
v 0.000000 1.250000 0.000000
v 0.043495 1.231805 0.105013
v 0.068482 1.211729 0.165332
v 0.103066 1.206891 0.154253
v 0.144925 1.171719 0.216898
v 0.065248 1.231474 0.097652
v 0.043495 1.231805 0.105013
v 0.000000 1.250000 0.000000
v 0.080375 1.231805 0.080375
v 0.126540 1.211729 0.126540
v 0.184495 1.171719 0.184495
v 0.243220 1.115339 0.243220
v 0.154253 1.206891 0.103066
v 0.299601 1.043740 0.299601
v 0.097652 1.231474 0.065248
v 0.080375 1.231805 0.080375
v 0.000000 1.250000 0.000000
v 0.105013 1.231805 0.043495
v 0.165332 1.211729 0.068482
v 0.216898 1.171719 0.144925
v 0.285944 1.115339 0.191060
v 0.241052 1.171719 0.099844
v 0.352227 1.043740 0.235351
v 0.317784 1.115339 0.131630
v 0.181953 1.206891 0.036195
v 0.391447 1.043740 0.162141
v 0.115186 1.231474 0.022911
v 0.105013 1.231805 0.043495
v 0.000000 1.250000 0.000000
v 0.113661 1.231805 0.000000
v 0.178952 1.211729 0.000000
v 0.255849 1.171719 0.050893
v 0.337290 1.115339 0.067092
v 0.260914 1.171719 0.000000
v 0.415479 1.043740 0.082641
v 0.343965 1.115339 0.000000
v 0.181953 1.206891 -0.036195
v 0.423697 1.043740 0.000000
v 0.115186 1.231474 -0.022911
v 0.113661 1.231805 0.000000
v 0.000000 1.250000 0.000000
v 0.105013 1.231805 -0.043495
v 0.165332 1.211729 -0.068482
v 0.255849 1.171719 -0.050893
v 0.337290 1.115339 -0.067092
v 0.241052 1.171719 -0.099844
v 0.415479 1.043740 -0.082641
v 0.317784 1.115339 -0.131630
v 0.499357 0.957687 0.000000
v 0.391447 1.043740 -0.162141
v 0.489674 0.957687 0.097401
v 0.489674 0.957687 -0.097401
v 0.570203 0.857941 0.000000
v 0.461350 0.957687 0.191096
v 0.559136 0.857941 0.111217
v 0.415123 0.957687 0.277376
v 0.526794 0.857941 0.218209
v 0.635561 0.745523 0.000000
v 0.353103 0.957687 0.353103
v 0.623233 0.745523 0.123968
v 0.474015 0.857941 0.316724
v 0.587186 0.745523 0.243220
v 0.277376 0.957687 0.415123
v 0.316724 0.857941 0.474015
v 0.403193 0.857941 0.403193
v 0.243220 0.745523 0.587186
v 0.353035 0.745523 0.528356
v 0.265886 0.621457 0.641906
v 0.449413 0.745523 0.449413
v 0.285999 0.486998 0.690460
v 0.385935 0.621457 0.577589
v 0.303349 0.343389 0.732344
v 0.415123 0.486998 0.621279
v 0.491291 0.621457 0.491291
v 0.528356 0.745523 0.353035
v 0.577589 0.621457 0.385935
v 0.641906 0.621457 0.265886
v 0.681316 0.621457 0.135525
v 0.690453 0.486998 0.285999
v 0.694789 0.621457 0.000000
v 0.732846 0.486998 0.145771
v 0.747342 0.486998 0.000000
v 0.623233 0.745523 -0.123968
v 0.681316 0.621457 -0.135525
v 0.792680 0.343389 0.000000
v 0.559142 0.857941 -0.111217
v 0.461350 0.957687 -0.191096
v 0.526794 0.857941 -0.218209
v 0.587186 0.745523 -0.243220
v 0.415123 0.957687 -0.277376
v 0.352227 1.043740 -0.235351
v 0.474015 0.857941 -0.316724
v 0.285944 1.115339 -0.191060
v 0.299601 1.043740 -0.299601
v 0.216898 1.171719 -0.144925
v 0.353103 0.957687 -0.353103
v 0.154253 1.206891 -0.103066
v 0.184495 1.171719 -0.184495
v 0.243220 1.115339 -0.243220
v 0.097652 1.231474 -0.065248
v 0.105013 1.231805 -0.043495
v 0.000000 1.250000 0.000000
v 0.080375 1.231805 -0.080375
v 0.126540 1.211729 -0.126540
v 0.103066 1.206891 -0.154253
v 0.065248 1.231474 -0.097652
v 0.080375 1.231805 -0.080375
v 0.000000 1.250000 0.000000
v 0.043495 1.231805 -0.105013
v 0.068482 1.211729 -0.165332
v 0.144925 1.171719 -0.216898
v 0.191060 1.115339 -0.285944
v 0.099844 1.171719 -0.241052
v 0.235351 1.043740 -0.352227
v 0.131630 1.115339 -0.317784
v 0.277376 0.957687 -0.415123
v 0.162141 1.043740 -0.391447
v 0.191096 0.957687 -0.461350
v 0.316724 0.857941 -0.474015
v 0.218209 0.857941 -0.526800
v 0.097401 0.957687 -0.489674
v 0.111217 0.857941 -0.559142
v 0.082641 1.043740 -0.415479
v 0.067092 1.115339 -0.337290
v 0.000000 0.957687 -0.499357
v 0.050893 1.171719 -0.255849
v 0.000000 0.857941 -0.570203
v 0.036195 1.206891 -0.181953
v 0.000000 1.171719 -0.260914
v 0.022911 1.231474 -0.115186
v 0.043495 1.231805 -0.105013
v 0.000000 1.250000 0.000000
v 0.000000 1.231805 -0.113667
v 0.000000 1.211729 -0.178952
v 0.000000 1.115339 -0.343965
v 0.000000 1.043740 -0.423697
v -0.082641 1.043740 -0.415479
v -0.067092 1.115339 -0.337290
v -0.050893 1.171719 -0.255849
v -0.097401 0.957687 -0.489674
v -0.131630 1.115339 -0.317784
v -0.162141 1.043740 -0.391447
v -0.099844 1.171719 -0.241052
v -0.191096 0.957687 -0.461350
v -0.036195 1.206891 -0.181953
v -0.068482 1.211729 -0.165332
v -0.022911 1.231474 -0.115186
v 0.000000 1.231805 -0.113667
v -0.043495 1.231805 -0.105013
v 0.000000 1.250000 0.000000
v -0.111217 0.857941 -0.559142
v -0.218209 0.857941 -0.526800
v 0.000000 0.745523 -0.635561
v -0.123968 0.745523 -0.623233
v -0.243220 0.745523 -0.587186
v 0.123968 0.745523 -0.623233
v 0.000000 0.621457 -0.694789
v -0.135525 0.621457 -0.681316
v -0.265886 0.621457 -0.641906
v 0.243220 0.745523 -0.587186
v -0.145771 0.486998 -0.732846
v -0.285999 0.486998 -0.690460
v 0.000000 0.486998 -0.747342
v 0.135518 0.621457 -0.681316
v -0.154614 0.343389 -0.777308
v -0.303349 0.343389 -0.732344
v 0.000000 0.343389 -0.792680
v 0.145771 0.486998 -0.732846
v 0.265886 0.621457 -0.641906
v 0.353035 0.745523 -0.528356
v 0.285999 0.486998 -0.690460
v 0.403193 0.857941 -0.403193
v 0.385935 0.621457 -0.577589
v 0.449413 0.745523 -0.449413
v 0.528356 0.745523 -0.353035
v 0.491291 0.621457 -0.491291
v 0.641906 0.621457 -0.265886
v 0.577589 0.621457 -0.385935
v 0.732846 0.486998 -0.145771
v 0.690453 0.486998 -0.285999
v 0.621279 0.486998 -0.415123
v 0.777302 0.343389 -0.154614
v 0.732344 0.343389 -0.303349
v 0.528453 0.486998 -0.528453
v 0.658968 0.343389 -0.440306
v 0.415123 0.486998 -0.621279
v 0.440306 0.343389 -0.658968
v 0.303349 0.343389 -0.732344
v 0.154614 0.343389 -0.777302
v 0.000000 0.196921 -0.830406
v 0.161975 0.196921 -0.814293
v -0.161975 0.196921 -0.814293
v -0.317784 0.196921 -0.767197
v 0.000000 0.053882 -0.860109
v -0.167769 0.053882 -0.843426
v -0.329150 0.053882 -0.794640
v 0.167769 0.053882 -0.843426
v -0.172032 -0.082139 -0.864867
v -0.337516 -0.082139 -0.814844
v 0.000000 -0.082139 -0.881979
v -0.174806 -0.207565 -0.878806
v -0.342955 -0.207565 -0.827975
v 0.000000 -0.207565 -0.896193
v 0.172032 -0.082139 -0.864867
v -0.175902 -0.320197 -0.884306
v -0.345104 -0.320197 -0.833156
v -0.343598 -0.417836 -0.829518
v 0.000000 -0.320197 -0.901803
v -0.175130 -0.417836 -0.880448
v -0.338631 -0.507116 -0.817527
v 0.174806 -0.207565 -0.878806
v -0.172601 -0.507116 -0.867715
v -0.330394 -0.594669 -0.797641
v 0.000000 -0.417836 -0.897865
v -0.168400 -0.594669 -0.846611
v -0.318984 -0.679650 -0.770094
v 0.000000 -0.507116 -0.884882
v -0.162588 -0.679650 -0.817373
v -0.304494 -0.761238 -0.735112
v 0.000000 -0.594669 -0.863361
v -0.155202 -0.761238 -0.780242
v -0.287077 -0.838655 -0.693062
v 0.000000 -0.679650 -0.833542
v -0.146322 -0.838655 -0.735614
v -0.266891 -0.911149 -0.644331
v 0.000000 -0.761238 -0.795675
v -0.136033 -0.911149 -0.683888
v -0.244139 -0.978032 -0.589403
v 0.000000 -0.838655 -0.750165
v -0.124440 -0.978032 -0.625591
v -0.219029 -1.038632 -0.528784
v 0.000000 -0.911149 -0.697417
v -0.111640 -1.038632 -0.561249
v -0.191819 -1.092410 -0.463089
v 0.000000 -0.978032 -0.637968
v -0.097768 -1.092410 -0.491524
v -0.162753 -1.138801 -0.392923
v 0.000000 -1.038632 -0.572352
v 0.000000 -1.092410 -0.501243
v -0.082954 -1.138801 -0.417046
v -0.132126 -1.177403 -0.318984
v 0.000000 -1.138801 -0.425296
v -0.067343 -1.177403 -0.338563
v -0.100224 -1.207797 -0.241959
v 0.000000 -1.177403 -0.345263
v -0.051083 -1.207797 -0.256816
v -0.036329 -1.226758 -0.182639
v -0.068739 -1.229367 -0.165956
v 0.000000 -1.207797 -0.261900
v -0.022997 -1.240011 -0.115621
v -0.043660 -1.240189 -0.105411
v 0.000000 -1.250000 0.000000
v 0.000000 -1.240189 -0.114096
v 0.000000 -1.229367 -0.179626
v 0.067343 -1.177403 -0.338563
v 0.036329 -1.226758 -0.182639
v 0.082954 -1.138801 -0.417046
v 0.051083 -1.207797 -0.256816
v 0.097768 -1.092410 -0.491524
v 0.100224 -1.207797 -0.241959
v 0.132126 -1.177403 -0.318984
v 0.162753 -1.138801 -0.392923
v 0.111640 -1.038632 -0.561249
v 0.191819 -1.092410 -0.463089
v 0.236239 -1.138801 -0.353556
v 0.124440 -0.978032 -0.625591
v 0.219029 -1.038632 -0.528784
v 0.278423 -1.092410 -0.416691
v 0.317925 -1.038632 -0.475809
v 0.136033 -0.911149 -0.683888
v 0.244139 -0.978032 -0.589403
v 0.146322 -0.838655 -0.735614
v 0.266891 -0.911149 -0.644331
v 0.354370 -0.978032 -0.530346
v 0.387393 -0.911149 -0.579769
v 0.287077 -0.838655 -0.693062
v 0.155202 -0.761238 -0.780242
v 0.162588 -0.679650 -0.817373
v 0.304494 -0.761238 -0.735112
v 0.168400 -0.594669 -0.846611
v 0.318984 -0.679650 -0.770094
v 0.416691 -0.838655 -0.623625
v 0.172601 -0.507116 -0.867715
v 0.330394 -0.594669 -0.797641
v 0.441972 -0.761238 -0.661455
v 0.175130 -0.417836 -0.880448
v 0.338631 -0.507116 -0.817527
v 0.463003 -0.679650 -0.692934
v 0.175902 -0.320197 -0.884306
v 0.343598 -0.417836 -0.829518
v 0.479569 -0.594669 -0.717719
v 0.491524 -0.507116 -0.735614
v 0.345104 -0.320197 -0.833156
v 0.498732 -0.417836 -0.746405
v 0.610488 -0.594669 -0.610488
v 0.342955 -0.207565 -0.827975
v 0.625707 -0.507116 -0.625707
v 0.337516 -0.082139 -0.814844
v 0.497801 -0.207565 -0.745015
v 0.329150 0.053882 -0.794640
v 0.489907 -0.082139 -0.733201
v 0.477763 0.053882 -0.715018
v 0.317784 0.196921 -0.767197
v 0.461264 0.196921 -0.690325
v 0.560508 0.343389 -0.560508
v 0.587186 0.196921 -0.587186
v 0.690325 0.196921 -0.461264
v 0.608192 0.053882 -0.608192
v 0.715018 0.053882 -0.477763
v 0.767191 0.196921 -0.317784
v 0.794640 0.053882 -0.329150
v 0.814293 0.196921 -0.161975
v 0.843426 0.053882 -0.167769
v 0.830406 0.196921 0.000000
v 0.860109 0.053882 0.000000
v 0.777302 0.343389 0.154614
v 0.814293 0.196921 0.161975
v 0.732344 0.343389 0.303349
v 0.621279 0.486998 0.415123
v 0.767191 0.196921 0.317784
v 0.528453 0.486998 0.528453
v 0.658968 0.343389 0.440306
v 0.440306 0.343389 0.658968
v 0.560508 0.343389 0.560514
v 0.317784 0.196921 0.767197
v 0.461264 0.196921 0.690325
v 0.690325 0.196921 0.461264
v 0.587186 0.196921 0.587186
v 0.329150 0.053882 0.794640
v 0.167769 0.053882 0.843426
v 0.477763 0.053882 0.715018
v 0.172032 -0.082139 0.864867
v 0.337516 -0.082139 0.814844
v 0.000000 -0.207565 0.896193
v 0.174806 -0.207565 0.878806
v -0.174806 -0.207565 0.878806
v 0.000000 -0.320197 0.901803
v -0.342961 -0.207565 0.827975
v -0.175902 -0.320197 0.884306
v -0.497801 -0.207565 0.745015
v -0.345104 -0.320197 0.833156
v -0.633706 -0.207565 0.633700
v -0.500919 -0.320197 0.749675
v -0.343598 -0.417836 0.829518
v -0.745015 -0.207565 0.497801
v -0.637668 -0.320197 0.637668
v -0.827975 -0.207565 0.342955
v -0.749682 -0.320197 0.500919
v -0.833156 -0.320197 0.345104
v -0.884306 -0.320197 0.175896
v -0.634888 -0.417836 0.634888
v -0.746405 -0.417836 0.498732
v -0.498732 -0.417836 0.746405
v -0.625707 -0.507116 0.625707
v -0.491524 -0.507116 0.735614
v -0.829518 -0.417836 0.343598
v -0.735614 -0.507116 0.491524
v -0.610488 -0.594669 0.610488
v -0.880448 -0.417836 0.175130
v -0.817527 -0.507116 0.338631
v -0.717725 -0.594669 0.479563
v -0.901803 -0.320197 0.000000
v -0.897865 -0.417836 0.000000
v -0.867715 -0.507116 0.172601
v -0.867715 -0.507116 -0.172601
v -0.884882 -0.507116 0.000000
v -0.797641 -0.594669 0.330394
v -0.846611 -0.594669 0.168400
v -0.846611 -0.594669 -0.168400
v -0.797641 -0.594669 -0.330394
v -0.863361 -0.594669 0.000000
v -0.692934 -0.679650 -0.463003
v -0.770094 -0.679650 -0.318984
v -0.661455 -0.761238 -0.441972
v -0.817373 -0.679650 -0.162588
v -0.735112 -0.761238 -0.304494
v -0.623625 -0.838655 -0.416691
v -0.780242 -0.761238 -0.155202
v -0.579769 -0.911149 -0.387393
v -0.693062 -0.838655 -0.287077
v -0.530346 -0.978032 -0.354370
v -0.644331 -0.911149 -0.266891
v -0.475803 -1.038632 -0.317925
v -0.589403 -0.978032 -0.244139
v -0.528784 -1.038632 -0.219029
v -0.416691 -1.092410 -0.278423
v -0.463089 -1.092410 -0.191819
v -0.353556 -1.138801 -0.236239
v -0.392923 -1.138801 -0.162753
v -0.287021 -1.177403 -0.191782
v -0.318984 -1.177403 -0.132126
v -0.217719 -1.207797 -0.145477
v -0.154835 -1.226758 -0.103458
v -0.241959 -1.207797 -0.100224
v -0.098019 -1.240011 -0.065493
v -0.080675 -1.240189 -0.080675
v 0.000000 -1.250000 0.000000
v -0.105405 -1.240189 -0.043660
v -0.165956 -1.229367 -0.068739
v -0.182639 -1.226758 -0.036329
v -0.115621 -1.240011 -0.022997
v -0.105405 -1.240189 -0.043660
v 0.000000 -1.250000 0.000000
v -0.114096 -1.240189 0.000000
v -0.179626 -1.229367 0.000000
v -0.256816 -1.207797 -0.051083
v -0.338563 -1.177403 -0.067343
v -0.261900 -1.207797 0.000000
v -0.417046 -1.138801 -0.082954
v -0.345263 -1.177403 0.000000
v -0.491524 -1.092410 -0.097768
v -0.425296 -1.138801 0.000000
v -0.561249 -1.038632 -0.111640
v -0.501243 -1.092410 0.000000
v -0.625591 -0.978032 -0.124440
v -0.572352 -1.038632 0.000000
v -0.491524 -1.092410 0.097768
v -0.561249 -1.038632 0.111640
v -0.637968 -0.978032 0.000000
v -0.417046 -1.138801 0.082954
v -0.625591 -0.978032 0.124440
v -0.697417 -0.911149 0.000000
v -0.683888 -0.911149 -0.136033
v -0.735614 -0.838655 -0.146322
v -0.750165 -0.838655 0.000000
v -0.795675 -0.761238 0.000000
v -0.683888 -0.911149 0.136033
v -0.735614 -0.838655 0.146322
v -0.833542 -0.679650 0.000000
v -0.780242 -0.761238 0.155202
v -0.817373 -0.679650 0.162588
v -0.693062 -0.838655 0.287077
v -0.770094 -0.679650 0.318984
v -0.735112 -0.761238 0.304494
v -0.692934 -0.679650 0.463003
v -0.661455 -0.761238 0.441972
v -0.589403 -0.679650 0.589403
v -0.562627 -0.761238 0.562627
v -0.623625 -0.838655 0.416691
v -0.530450 -0.838655 0.530450
v -0.463003 -0.679650 0.692934
v -0.479569 -0.594669 0.717719
v -0.441972 -0.761238 0.661455
v -0.338631 -0.507116 0.817527
v -0.330394 -0.594669 0.797641
v -0.175130 -0.417836 0.880448
v -0.172601 -0.507116 0.867715
v 0.000000 -0.417836 0.897865
v -0.318984 -0.679650 0.770094
v -0.168400 -0.594669 0.846611
v 0.000000 -0.507116 0.884882
v 0.175130 -0.417836 0.880448
v 0.172601 -0.507116 0.867715
v 0.000000 -0.594669 0.863361
v 0.175902 -0.320197 0.884306
v 0.168400 -0.594669 0.846611
v 0.342955 -0.207565 0.827975
v 0.343598 -0.417836 0.829518
v 0.489907 -0.082139 0.733201
v 0.345104 -0.320197 0.833156
v 0.497801 -0.207565 0.745015
v 0.608192 0.053882 0.608192
v 0.623656 -0.082139 0.623656
v 0.715018 0.053882 0.477763
v 0.733201 -0.082139 0.489907
v 0.794640 0.053882 0.329150
v 0.814844 -0.082139 0.337516
v 0.843426 0.053882 0.167769
v 0.864867 -0.082139 0.172032
v 0.881979 -0.082139 0.000000
v 0.878806 -0.207565 0.174806
v 0.864867 -0.082139 -0.172032
v 0.896193 -0.207565 0.000000
v 0.814844 -0.082139 -0.337516
v 0.878806 -0.207565 -0.174806
v 0.733201 -0.082139 -0.489907
v 0.827975 -0.207565 -0.342955
v 0.623656 -0.082139 -0.623656
v 0.745015 -0.207565 -0.497801
v 0.633700 -0.207565 -0.633700
v 0.500919 -0.320197 -0.749675
v 0.637668 -0.320197 -0.637668
v 0.634888 -0.417836 -0.634888
v 0.749675 -0.320197 -0.500919
v 0.746405 -0.417836 -0.498732
v 0.833156 -0.320197 -0.345104
v 0.735614 -0.507116 -0.491524
v 0.829518 -0.417836 -0.343598
v 0.884306 -0.320197 -0.175902
v 0.817527 -0.507116 -0.338631
v 0.901803 -0.320197 0.000000
v 0.880448 -0.417836 -0.175130
v 0.717719 -0.594669 -0.479569
v 0.867715 -0.507116 -0.172601
v 0.589403 -0.679650 -0.589403
v 0.797641 -0.594669 -0.330394
v 0.692934 -0.679650 -0.463003
v 0.562627 -0.761238 -0.562627
v 0.770094 -0.679650 -0.318984
v 0.530450 -0.838655 -0.530450
v 0.661455 -0.761238 -0.441972
v 0.493147 -0.911149 -0.493147
v 0.623625 -0.838655 -0.416691
v 0.451110 -0.978032 -0.451110
v 0.579769 -0.911149 -0.387393
v 0.735112 -0.761238 -0.304494
v 0.693062 -0.838655 -0.287077
v 0.404718 -1.038632 -0.404718
v 0.530346 -0.978032 -0.354370
v 0.354432 -1.092410 -0.354432
v 0.475809 -1.038632 -0.317925
v 0.300734 -1.138801 -0.300734
v 0.416691 -1.092410 -0.278423
v 0.528784 -1.038632 -0.219029
v 0.463089 -1.092410 -0.191819
v 0.353556 -1.138801 -0.236239
v 0.392923 -1.138801 -0.162753
v 0.244139 -1.177403 -0.244139
v 0.191782 -1.177403 -0.287021
v 0.287021 -1.177403 -0.191782
v 0.145477 -1.207797 -0.217719
v 0.185187 -1.207797 -0.185187
v 0.103458 -1.226758 -0.154835
v 0.068739 -1.229367 -0.165956
v 0.127018 -1.229367 -0.127018
v 0.022997 -1.240011 -0.115621
v 0.000000 -1.240189 -0.114096
v 0.043660 -1.240189 -0.105411
v 0.000000 -1.250000 0.000000
v 0.065493 -1.240011 -0.098019
v 0.043660 -1.240189 -0.105411
v 0.080675 -1.240189 -0.080675
v 0.000000 -1.250000 0.000000
v 0.154835 -1.226758 -0.103458
v 0.217719 -1.207797 -0.145477
v 0.098019 -1.240011 -0.065493
v 0.080675 -1.240189 -0.080675
v 0.000000 -1.250000 0.000000
v 0.105411 -1.240189 -0.043660
v 0.165956 -1.229367 -0.068739
v 0.241959 -1.207797 -0.100224
v 0.318984 -1.177403 -0.132126
v 0.182639 -1.226758 -0.036329
v 0.417046 -1.138801 -0.082954
v 0.338563 -1.177403 -0.067343
v 0.256816 -1.207797 -0.051083
v 0.115621 -1.240011 -0.022997
v 0.105411 -1.240189 -0.043660
v 0.000000 -1.250000 0.000000
v 0.114096 -1.240189 0.000000
v 0.179626 -1.229367 0.000000
v 0.261900 -1.207797 0.000000
v 0.345263 -1.177403 0.000000
v 0.182639 -1.226758 0.036329
v 0.425296 -1.138801 0.000000
v 0.115621 -1.240011 0.022997
v 0.114096 -1.240189 0.000000
v 0.000000 -1.250000 0.000000
v 0.105411 -1.240189 0.043660
v 0.165956 -1.229367 0.068739
v 0.256816 -1.207797 0.051083
v 0.338563 -1.177403 0.067343
v 0.241959 -1.207797 0.100224
v 0.417046 -1.138801 0.082954
v 0.318984 -1.177403 0.132126
v 0.154835 -1.226758 0.103458
v 0.392923 -1.138801 0.162753
v 0.098019 -1.240011 0.065493
v 0.105411 -1.240189 0.043660
v 0.000000 -1.250000 0.000000
v 0.080675 -1.240189 0.080675
v 0.127018 -1.229367 0.127018
v 0.217719 -1.207797 0.145477
v 0.287021 -1.177403 0.191782
v 0.185187 -1.207797 0.185187
v 0.353556 -1.138801 0.236239
v 0.244139 -1.177403 0.244139
v 0.103458 -1.226758 0.154835
v 0.300734 -1.138801 0.300734
v 0.065493 -1.240011 0.098019
v 0.080675 -1.240189 0.080675
v 0.000000 -1.250000 0.000000
v 0.043660 -1.240189 0.105411
v 0.068739 -1.229367 0.165956
v 0.145477 -1.207797 0.217719
v 0.191782 -1.177403 0.287021
v 0.100224 -1.207797 0.241959
v 0.236239 -1.138801 0.353556
v 0.132126 -1.177403 0.318984
v 0.036329 -1.226758 0.182639
v 0.162753 -1.138801 0.392923
v 0.022997 -1.240011 0.115621
v 0.043660 -1.240189 0.105411
v 0.000000 -1.250000 0.000000
v 0.000000 -1.240189 0.114096
v 0.000000 -1.229367 0.179626
v 0.051083 -1.207797 0.256816
v 0.067343 -1.177403 0.338563
v 0.000000 -1.207797 0.261900
v 0.082954 -1.138801 0.417046
v 0.000000 -1.177403 0.345263
v -0.036329 -1.226758 0.182639
v 0.000000 -1.138801 0.425296
v -0.022997 -1.240011 0.115621
v 0.000000 -1.240189 0.114096
v 0.000000 -1.250000 0.000000
v -0.043660 -1.240189 0.105411
v -0.068739 -1.229367 0.165956
v -0.051083 -1.207797 0.256816
v -0.067343 -1.177403 0.338563
v -0.100224 -1.207797 0.241959
v -0.082954 -1.138801 0.417046
v -0.132126 -1.177403 0.318984
v -0.103458 -1.226758 0.154835
v -0.162753 -1.138801 0.392923
v -0.065493 -1.240011 0.098019
v -0.043660 -1.240189 0.105411
v 0.000000 -1.250000 0.000000
v -0.080675 -1.240189 0.080675
v -0.127018 -1.229367 0.127018
v -0.145477 -1.207797 0.217719
v -0.191782 -1.177403 0.287021
v -0.185187 -1.207797 0.185187
v -0.236239 -1.138801 0.353556
v -0.244139 -1.177403 0.244139
v -0.154835 -1.226758 0.103458
v -0.300734 -1.138801 0.300734
v -0.098019 -1.240011 0.065493
v -0.080675 -1.240189 0.080675
v 0.000000 -1.250000 0.000000
v -0.105405 -1.240189 0.043660
v -0.165956 -1.229367 0.068739
v -0.217719 -1.207797 0.145477
v -0.287021 -1.177403 0.191782
v -0.241959 -1.207797 0.100224
v -0.353556 -1.138801 0.236239
v -0.318984 -1.177403 0.132126
v -0.182639 -1.226758 0.036329
v -0.392923 -1.138801 0.162753
v -0.115621 -1.240011 0.022997
v -0.105405 -1.240189 0.043660
v 0.000000 -1.250000 0.000000
v -0.114096 -1.240189 0.000000
v -0.256816 -1.207797 0.051083
v -0.338563 -1.177403 0.067343
v -0.463089 -1.092410 0.191819
v -0.416691 -1.092410 0.278423
v -0.528784 -1.038632 0.219029
v -0.475809 -1.038632 0.317925
v -0.354432 -1.092410 0.354432
v -0.589403 -0.978032 0.244139
v -0.530346 -0.978032 0.354370
v -0.644331 -0.911149 0.266891
v -0.579769 -0.911149 0.387393
v -0.404718 -1.038632 0.404718
v -0.451110 -0.978032 0.451110
v -0.493147 -0.911149 0.493147
v -0.354370 -0.978032 0.530346
v -0.416691 -0.838655 0.623625
v -0.387393 -0.911149 0.579769
v -0.304494 -0.761238 0.735112
v -0.287077 -0.838655 0.693062
v -0.162588 -0.679650 0.817373
v -0.155202 -0.761238 0.780242
v 0.000000 -0.679650 0.833542
v 0.162588 -0.679650 0.817373
v 0.000000 -0.761238 0.795675
v 0.155202 -0.761238 0.780242
v -0.146322 -0.838655 0.735614
v -0.266891 -0.911149 0.644331
v 0.000000 -0.838655 0.750165
v -0.244139 -0.978032 0.589403
v -0.136033 -0.911149 0.683888
v -0.219029 -1.038632 0.528784
v 0.146322 -0.838655 0.735614
v -0.317925 -1.038632 0.475809
v -0.278423 -1.092410 0.416691
v -0.191819 -1.092410 0.463089
v -0.097768 -1.092410 0.491524
v -0.111640 -1.038632 0.561249
v 0.000000 -1.092410 0.501243
v 0.097768 -1.092410 0.491524
v -0.124440 -0.978032 0.625591
v 0.000000 -1.038632 0.572352
v 0.111640 -1.038632 0.561249
v 0.000000 -0.911149 0.697417
v 0.000000 -0.978032 0.637968
v 0.124440 -0.978032 0.625591
v 0.136033 -0.911149 0.683888
v 0.219029 -1.038632 0.528784
v 0.244139 -0.978032 0.589403
v 0.266891 -0.911149 0.644331
v 0.287077 -0.838655 0.693062
v 0.387393 -0.911149 0.579769
v 0.304494 -0.761238 0.735112
v 0.416691 -0.838655 0.623625
v 0.318984 -0.679650 0.770094
v 0.441972 -0.761238 0.661455
v 0.330394 -0.594669 0.797641
v 0.463003 -0.679650 0.692934
v 0.338631 -0.507116 0.817527
v 0.479569 -0.594669 0.717719
v 0.491524 -0.507116 0.735614
v 0.498732 -0.417836 0.746405
v 0.610488 -0.594669 0.610488
v 0.500919 -0.320197 0.749675
v 0.625707 -0.507116 0.625707
v 0.634888 -0.417836 0.634888
v 0.633700 -0.207565 0.633700
v 0.637668 -0.320197 0.637668
v 0.749675 -0.320197 0.500919
v 0.745015 -0.207565 0.497801
v 0.746405 -0.417836 0.498732
v 0.833156 -0.320197 0.345104
v 0.827975 -0.207565 0.342955
v 0.884306 -0.320197 0.175902
v 0.829518 -0.417836 0.343598
v 0.880448 -0.417836 0.175130
v 0.735614 -0.507116 0.491524
v 0.817527 -0.507116 0.338631
v 0.717719 -0.594669 0.479569
v 0.897865 -0.417836 0.000000
v 0.867715 -0.507116 0.172601
v 0.884882 -0.507116 0.000000
v 0.797641 -0.594669 0.330394
v 0.846611 -0.594669 0.168400
v 0.846611 -0.594669 -0.168400
v 0.863361 -0.594669 0.000000
v 0.817373 -0.679650 -0.162588
v 0.817373 -0.679650 0.162588
v 0.780242 -0.761238 -0.155202
v 0.833542 -0.679650 0.000000
v 0.770094 -0.679650 0.318984
v 0.735614 -0.838655 -0.146322
v 0.692934 -0.679650 0.463003
v 0.644331 -0.911149 -0.266891
v 0.795675 -0.761238 0.000000
v 0.589403 -0.978032 -0.244139
v 0.683888 -0.911149 -0.136033
v 0.625591 -0.978032 -0.124440
v 0.750165 -0.838655 0.000000
v 0.697417 -0.911149 0.000000
v 0.561249 -1.038632 -0.111640
v 0.637968 -0.978032 0.000000
v 0.491524 -1.092410 -0.097768
v 0.572352 -1.038632 0.000000
v 0.501243 -1.092410 0.000000
v 0.491524 -1.092410 0.097768
v 0.561249 -1.038632 0.111640
v 0.625591 -0.978032 0.124440
v 0.463089 -1.092410 0.191819
v 0.528784 -1.038632 0.219029
v 0.683888 -0.911149 0.136033
v 0.589403 -0.978032 0.244139
v 0.735614 -0.838655 0.146322
v 0.644331 -0.911149 0.266891
v 0.780242 -0.761238 0.155202
v 0.693062 -0.838655 0.287077
v 0.735112 -0.761238 0.304494
v 0.579769 -0.911149 0.387393
v 0.623625 -0.838655 0.416691
v 0.661455 -0.761238 0.441972
v 0.530346 -0.978032 0.354370
v 0.493147 -0.911149 0.493147
v 0.475809 -1.038632 0.317925
v 0.451110 -0.978032 0.451110
v 0.404718 -1.038632 0.404718
v 0.416691 -1.092410 0.278423
v 0.354432 -1.092410 0.354432
v 0.278423 -1.092410 0.416691
v 0.317925 -1.038632 0.475809
v 0.191819 -1.092410 0.463089
v 0.354370 -0.978032 0.530346
v 0.530450 -0.838655 0.530450
v 0.562627 -0.761238 0.562627
v 0.589403 -0.679650 0.589403
# num_vertices: 1085

vt 0.031250 0.000000
vt 0.046875 0.031250
vt 0.015625 0.031250
vt 0.031250 0.041992
vt 0.000000 0.062500
vt 0.062500 0.062500
vt 0.031250 0.066406
vt 0.000000 0.093750
vt 0.031250 0.093750
vt 0.031250 0.125000
vt 0.000000 0.125000
vt 0.062500 0.093750
vt 0.031250 0.156250
vt 0.000000 0.156250
vt 0.062500 0.125000
vt 0.031250 0.187500
vt 0.000000 0.187500
vt 0.062500 0.156250
vt 0.031250 0.218750
vt 0.000000 0.218750
vt 0.062500 0.187500
vt 0.031250 0.250000
vt 0.000000 0.250000
vt 0.062500 0.218750
vt 0.031250 0.281250
vt 0.000000 0.281250
vt 0.000000 0.312500
vt 0.062500 0.250000
vt 0.031250 0.312500
vt 0.000000 0.343750
vt 0.062500 0.281250
vt 0.031250 0.343750
vt 0.000000 0.375000
vt 0.062500 0.312500
vt 0.031250 0.375000
vt 0.000000 0.406250
vt 0.062500 0.343750
vt 0.031250 0.406250
vt 0.000000 0.437500
vt 0.062500 0.375000
vt 0.031250 0.437500
vt 0.000000 0.468750
vt 0.062500 0.406250
vt 0.031250 0.468750
vt 0.000000 0.500000
vt 0.062500 0.437500
vt 0.093750 0.406250
vt 0.093750 0.437500
vt 0.062500 0.468750
vt 0.093750 0.468750
vt 0.031250 0.500000
vt 0.031250 0.531250
vt 0.000000 0.531250
vt 0.062500 0.500000
vt 0.031250 0.562500
vt 0.000000 0.562500
vt 0.062500 0.531250
vt 0.093750 0.500000
vt 0.062500 0.562500
vt 0.093750 0.531250
vt 0.125000 0.500000
vt 0.125000 0.468750
vt 0.125000 0.531250
vt 0.125000 0.437500
vt 0.156250 0.500000
vt 0.156250 0.468750
vt 0.093750 0.562500
vt 0.156250 0.531250
vt 0.062500 0.593750
vt 0.125000 0.562500
vt 0.093750 0.593750
vt 0.031250 0.593750
vt 0.000000 0.593750
vt 0.062500 0.625000
vt 0.031250 0.625000
vt 0.000000 0.625000
vt 0.093750 0.625000
vt 0.031250 0.656250
vt 0.000000 0.656250
vt 0.062500 0.656250
vt 0.031250 0.687500
vt 0.000000 0.687500
vt 0.062500 0.687500
vt 0.031250 0.718750
vt 0.000000 0.718750
vt 0.062500 0.718750
vt 0.093750 0.656250
vt 0.031250 0.750000
vt 0.000000 0.750000
vt 0.062500 0.750000
vt 0.031250 0.781250
vt 0.000000 0.781250
vt 0.062500 0.781250
vt 0.031250 0.812500
vt 0.000000 0.812500
vt 0.062500 0.812500
vt 0.031250 0.843750
vt 0.000000 0.843750
vt 0.000000 0.875000
vt 0.062500 0.843750
vt 0.031250 0.875000
vt 0.000000 0.906250
vt 0.062500 0.875000
vt 0.031250 0.906250
vt 0.031250 0.933777
vt 0.000000 0.937500
vt 0.062500 0.906250
vt 0.031250 0.958344
vt 0.015625 0.968750
vt 0.031250 1.000000
vt 0.046875 0.968750
vt 0.062500 0.937500
vt 0.093750 0.933777
vt 0.093750 0.958344
vt 0.078125 0.968750
vt 0.093750 1.000000
vt 0.109375 0.968750
vt 0.125000 0.937500
vt 0.093750 0.906250
vt 0.093750 0.875000
vt 0.125000 0.906250
vt 0.093750 0.843750
vt 0.125000 0.875000
vt 0.093750 0.812500
vt 0.125000 0.843750
vt 0.093750 0.781250
vt 0.125000 0.812500
vt 0.125000 0.781250
vt 0.093750 0.750000
vt 0.125000 0.750000
vt 0.093750 0.718750
vt 0.125000 0.718750
vt 0.093750 0.687500
vt 0.125000 0.687500
vt 0.125000 0.656250
vt 0.125000 0.625000
vt 0.156250 0.656250
vt 0.125000 0.593750
vt 0.156250 0.625000
vt 0.156250 0.593750
vt 0.156250 0.562500
vt 0.187500 0.593750
vt 0.187500 0.562500
vt 0.187500 0.531250
vt 0.187500 0.625000
vt 0.218750 0.593750
vt 0.218750 0.625000
vt 0.187500 0.656250
vt 0.218750 0.656250
vt 0.156250 0.687500
vt 0.156250 0.718750
vt 0.187500 0.687500
vt 0.156250 0.750000
vt 0.187500 0.718750
vt 0.218750 0.687500
vt 0.218750 0.718750
vt 0.156250 0.781250
vt 0.187500 0.750000
vt 0.156250 0.812500
vt 0.187500 0.781250
vt 0.218750 0.750000
vt 0.218750 0.781250
vt 0.187500 0.812500
vt 0.156250 0.843750
vt 0.218750 0.812500
vt 0.187500 0.843750
vt 0.156250 0.875000
vt 0.187500 0.875000
vt 0.218750 0.843750
vt 0.156250 0.906250
vt 0.250000 0.843750
vt 0.156250 0.933777
vt 0.187500 0.906250
vt 0.156250 0.958344
vt 0.140625 0.968750
vt 0.156250 1.000000
vt 0.171875 0.968750
vt 0.187500 0.937500
vt 0.218750 0.875000
vt 0.218750 0.933777
vt 0.250000 0.875000
vt 0.218750 0.906250
vt 0.250000 0.906250
vt 0.218750 0.958344
vt 0.203125 0.968750
vt 0.218750 1.000000
vt 0.234375 0.968750
vt 0.250000 0.937500
vt 0.281250 0.933777
vt 0.281250 0.958344
vt 0.265625 0.968750
vt 0.281250 1.000000
vt 0.296875 0.968750
vt 0.312500 0.937500
vt 0.281250 0.906250
vt 0.281250 0.875000
vt 0.312500 0.906250
vt 0.281250 0.843750
vt 0.312500 0.875000
vt 0.250000 0.812500
vt 0.250000 0.781250
vt 0.281250 0.812500
vt 0.250000 0.750000
vt 0.281250 0.781250
vt 0.312500 0.843750
vt 0.312500 0.812500
vt 0.281250 0.750000
vt 0.250000 0.718750
vt 0.312500 0.781250
vt 0.250000 0.687500
vt 0.281250 0.718750
vt 0.250000 0.656250
vt 0.281250 0.687500
vt 0.312500 0.750000
vt 0.312500 0.718750
vt 0.281250 0.656250
vt 0.250000 0.625000
vt 0.312500 0.687500
vt 0.281250 0.625000
vt 0.250000 0.593750
vt 0.312500 0.656250
vt 0.218750 0.562500
vt 0.281250 0.593750
vt 0.250000 0.562500
vt 0.218750 0.531250
vt 0.312500 0.625000
vt 0.281250 0.562500
vt 0.312500 0.593750
vt 0.343750 0.625000
vt 0.343750 0.593750
vt 0.343750 0.656250
vt 0.375000 0.593750
vt 0.343750 0.687500
vt 0.375000 0.625000
vt 0.375000 0.656250
vt 0.343750 0.718750
vt 0.375000 0.687500
vt 0.343750 0.750000
vt 0.375000 0.718750
vt 0.343750 0.781250
vt 0.375000 0.750000
vt 0.343750 0.812500
vt 0.375000 0.781250
vt 0.343750 0.843750
vt 0.375000 0.812500
vt 0.343750 0.875000
vt 0.375000 0.843750
vt 0.343750 0.906250
vt 0.375000 0.875000
vt 0.343750 0.933777
vt 0.375000 0.906250
vt 0.343750 0.958344
vt 0.328125 0.968750
vt 0.343750 1.000000
vt 0.359375 0.968750
vt 0.375000 0.937500
vt 0.406250 0.933777
vt 0.406250 0.958344
vt 0.390625 0.968750
vt 0.406250 1.000000
vt 0.421875 0.968750
vt 0.437500 0.937500
vt 0.406250 0.906250
vt 0.406250 0.875000
vt 0.437500 0.906250
vt 0.406250 0.843750
vt 0.437500 0.875000
vt 0.406250 0.812500
vt 0.437500 0.843750
vt 0.406250 0.781250
vt 0.437500 0.812500
vt 0.437500 0.781250
vt 0.406250 0.750000
vt 0.437500 0.750000
vt 0.406250 0.718750
vt 0.437500 0.718750
vt 0.406250 0.687500
vt 0.437500 0.687500
vt 0.406250 0.656250
vt 0.437500 0.656250
vt 0.406250 0.625000
vt 0.437500 0.625000
vt 0.406250 0.593750
vt 0.437500 0.593750
vt 0.468750 0.656250
vt 0.468750 0.625000
vt 0.437500 0.562500
vt 0.468750 0.687500
vt 0.406250 0.562500
vt 0.468750 0.718750
vt 0.375000 0.562500
vt 0.468750 0.750000
vt 0.343750 0.562500
vt 0.468750 0.781250
vt 0.312500 0.562500
vt 0.468750 0.812500
vt 0.500000 0.781250
vt 0.468750 0.843750
vt 0.500000 0.812500
vt 0.500000 0.843750
vt 0.468750 0.875000
vt 0.500000 0.875000
vt 0.531250 0.843750
vt 0.468750 0.906250
vt 0.500000 0.906250
vt 0.468750 0.933777
vt 0.531250 0.875000
vt 0.468750 0.958344
vt 0.453125 0.968750
vt 0.468750 1.000000
vt 0.484375 0.968750
vt 0.500000 0.937500
vt 0.531250 0.933777
vt 0.531250 0.906250
vt 0.531250 0.958344
vt 0.515625 0.968750
vt 0.531250 1.000000
vt 0.546875 0.968750
vt 0.562500 0.937500
vt 0.562500 0.906250
vt 0.562500 0.875000
vt 0.593750 0.933777
vt 0.562500 0.843750
vt 0.593750 0.958344
vt 0.578125 0.968750
vt 0.593750 1.000000
vt 0.609375 0.968750
vt 0.625000 0.937500
vt 0.593750 0.906250
vt 0.593750 0.875000
vt 0.625000 0.906250
vt 0.593750 0.843750
vt 0.625000 0.875000
vt 0.656250 0.933777
vt 0.625000 0.843750
vt 0.656250 0.958344
vt 0.640625 0.968750
vt 0.656250 1.000000
vt 0.671875 0.968750
vt 0.687500 0.937500
vt 0.656250 0.906250
vt 0.656250 0.875000
vt 0.687500 0.906250
vt 0.656250 0.843750
vt 0.687500 0.875000
vt 0.718750 0.933777
vt 0.687500 0.843750
vt 0.718750 0.958344
vt 0.703125 0.968750
vt 0.718750 1.000000
vt 0.734375 0.968750
vt 0.750000 0.937500
vt 0.718750 0.906250
vt 0.718750 0.875000
vt 0.750000 0.906250
vt 0.718750 0.843750
vt 0.750000 0.875000
vt 0.687500 0.812500
vt 0.750000 0.843750
vt 0.656250 0.812500
vt 0.718750 0.812500
vt 0.687500 0.781250
vt 0.625000 0.812500
vt 0.656250 0.781250
vt 0.593750 0.812500
vt 0.625000 0.781250
vt 0.687500 0.750000
vt 0.562500 0.812500
vt 0.656250 0.750000
vt 0.593750 0.781250
vt 0.625000 0.750000
vt 0.531250 0.812500
vt 0.531250 0.781250
vt 0.562500 0.781250
vt 0.500000 0.750000
vt 0.531250 0.750000
vt 0.500000 0.718750
vt 0.562500 0.750000
vt 0.500000 0.687500
vt 0.531250 0.718750
vt 0.500000 0.656250
vt 0.531250 0.687500
vt 0.562500 0.718750
vt 0.593750 0.750000
vt 0.593750 0.718750
vt 0.625000 0.718750
vt 0.656250 0.718750
vt 0.625000 0.687500
vt 0.687500 0.718750
vt 0.656250 0.687500
vt 0.687500 0.687500
vt 0.718750 0.750000
vt 0.718750 0.718750
vt 0.687500 0.656250
vt 0.718750 0.781250
vt 0.750000 0.812500
vt 0.750000 0.781250
vt 0.750000 0.750000
vt 0.781250 0.812500
vt 0.781250 0.843750
vt 0.781250 0.781250
vt 0.781250 0.875000
vt 0.812500 0.843750
vt 0.781250 0.906250
vt 0.812500 0.812500
vt 0.781250 0.933777
vt 0.812500 0.906250
vt 0.812500 0.875000
vt 0.781250 0.958344
vt 0.765625 0.968750
vt 0.781250 1.000000
vt 0.796875 0.968750
vt 0.812500 0.937500
vt 0.843750 0.933777
vt 0.843750 0.958344
vt 0.828125 0.968750
vt 0.843750 1.000000
vt 0.859375 0.968750
vt 0.875000 0.937500
vt 0.843750 0.906250
vt 0.843750 0.875000
vt 0.875000 0.906250
vt 0.843750 0.843750
vt 0.875000 0.875000
vt 0.843750 0.812500
vt 0.875000 0.843750
vt 0.875000 0.812500
vt 0.843750 0.781250
vt 0.875000 0.781250
vt 0.906250 0.812500
vt 0.906250 0.781250
vt 0.906250 0.843750
vt 0.906250 0.875000
vt 0.937500 0.812500
vt 0.906250 0.906250
vt 0.937500 0.781250
vt 0.906250 0.933777
vt 0.937500 0.906250
vt 0.906250 0.958344
vt 0.890625 0.968750
vt 0.906250 1.000000
vt 0.921875 0.968750
vt 0.937500 0.937500
vt 0.937500 0.875000
vt 0.937500 0.843750
vt 0.968750 0.843750
vt 0.968750 0.875000
vt 0.968750 0.906250
vt 0.968750 0.812500
vt 1.000000 0.875000
vt 1.000000 0.843750
vt 1.000000 0.906250
vt 1.000000 0.812500
vt 0.968750 0.933777
vt 1.000000 0.937500
vt 0.968750 0.958344
vt 0.953125 0.968750
vt 0.984375 0.968750
vt 0.968750 1.000000
vt 0.968750 0.781250
vt 1.000000 0.781250
vt 0.937500 0.750000
vt 0.968750 0.750000
vt 1.000000 0.750000
vt 0.906250 0.750000
vt 0.937500 0.718750
vt 0.968750 0.718750
vt 1.000000 0.718750
vt 0.875000 0.750000
vt 0.968750 0.687500
vt 1.000000 0.687500
vt 0.937500 0.687500
vt 0.906250 0.718750
vt 0.968750 0.656250
vt 1.000000 0.656250
vt 0.937500 0.656250
vt 0.906250 0.687500
vt 0.875000 0.718750
vt 0.843750 0.750000
vt 0.875000 0.687500
vt 0.812500 0.781250
vt 0.843750 0.718750
vt 0.812500 0.750000
vt 0.781250 0.750000
vt 0.812500 0.718750
vt 0.750000 0.718750
vt 0.781250 0.718750
vt 0.718750 0.687500
vt 0.750000 0.687500
vt 0.781250 0.687500
vt 0.718750 0.656250
vt 0.750000 0.656250
vt 0.812500 0.687500
vt 0.781250 0.656250
vt 0.843750 0.687500
vt 0.843750 0.656250
vt 0.875000 0.656250
vt 0.906250 0.656250
vt 0.937500 0.625000
vt 0.906250 0.625000
vt 0.968750 0.625000
vt 1.000000 0.625000
vt 0.937500 0.593750
vt 0.968750 0.593750
vt 1.000000 0.593750
vt 0.906250 0.593750
vt 0.968750 0.562500
vt 1.000000 0.562500
vt 0.937500 0.562500
vt 0.968750 0.531250
vt 1.000000 0.531250
vt 0.937500 0.531250
vt 0.906250 0.562500
vt 0.968750 0.500000
vt 1.000000 0.500000
vt 1.000000 0.468750
vt 0.937500 0.500000
vt 0.968750 0.468750
vt 1.000000 0.437500
vt 0.906250 0.531250
vt 0.968750 0.437500
vt 1.000000 0.406250
vt 0.937500 0.468750
vt 0.968750 0.406250
vt 1.000000 0.375000
vt 0.937500 0.437500
vt 0.968750 0.375000
vt 1.000000 0.343750
vt 0.937500 0.406250
vt 0.968750 0.343750
vt 1.000000 0.312500
vt 0.937500 0.375000
vt 0.968750 0.312500
vt 1.000000 0.281250
vt 0.937500 0.343750
vt 0.968750 0.281250
vt 1.000000 0.250000
vt 0.937500 0.312500
vt 0.968750 0.250000
vt 1.000000 0.218750
vt 0.937500 0.281250
vt 0.968750 0.218750
vt 1.000000 0.187500
vt 0.937500 0.250000
vt 0.968750 0.187500
vt 1.000000 0.156250
vt 0.937500 0.218750
vt 0.937500 0.187500
vt 0.968750 0.156250
vt 1.000000 0.125000
vt 0.937500 0.156250
vt 0.968750 0.125000
vt 1.000000 0.093750
vt 0.937500 0.125000
vt 0.968750 0.093750
vt 0.968750 0.066406
vt 1.000000 0.062500
vt 0.937500 0.093750
vt 0.968750 0.041992
vt 0.984375 0.031250
vt 0.968750 0.000000
vt 0.953125 0.031250
vt 0.937500 0.062500
vt 0.906250 0.125000
vt 0.906250 0.066406
vt 0.906250 0.156250
vt 0.906250 0.093750
vt 0.906250 0.187500
vt 0.875000 0.093750
vt 0.875000 0.125000
vt 0.875000 0.156250
vt 0.906250 0.218750
vt 0.875000 0.187500
vt 0.843750 0.156250
vt 0.906250 0.250000
vt 0.875000 0.218750
vt 0.843750 0.187500
vt 0.843750 0.218750
vt 0.906250 0.281250
vt 0.875000 0.250000
vt 0.906250 0.312500
vt 0.875000 0.281250
vt 0.843750 0.250000
vt 0.843750 0.281250
vt 0.875000 0.312500
vt 0.906250 0.343750
vt 0.906250 0.375000
vt 0.875000 0.343750
vt 0.906250 0.406250
vt 0.875000 0.375000
vt 0.843750 0.312500
vt 0.906250 0.437500
vt 0.875000 0.406250
vt 0.843750 0.343750
vt 0.906250 0.468750
vt 0.875000 0.437500
vt 0.843750 0.375000
vt 0.906250 0.500000
vt 0.875000 0.468750
vt 0.843750 0.406250
vt 0.843750 0.437500
vt 0.875000 0.500000
vt 0.843750 0.468750
vt 0.812500 0.406250
vt 0.875000 0.531250
vt 0.812500 0.437500
vt 0.875000 0.562500
vt 0.843750 0.531250
vt 0.875000 0.593750
vt 0.843750 0.562500
vt 0.843750 0.593750
vt 0.875000 0.625000
vt 0.843750 0.625000
vt 0.812500 0.656250
vt 0.812500 0.625000
vt 0.781250 0.625000
vt 0.812500 0.593750
vt 0.781250 0.593750
vt 0.750000 0.625000
vt 0.750000 0.593750
vt 0.718750 0.625000
vt 0.718750 0.593750
vt 0.687500 0.625000
vt 0.687500 0.593750
vt 0.656250 0.656250
vt 0.656250 0.625000
vt 0.625000 0.656250
vt 0.593750 0.687500
vt 0.625000 0.625000
vt 0.562500 0.687500
vt 0.593750 0.656250
vt 0.531250 0.656250
vt 0.562500 0.656250
vt 0.500000 0.625000
vt 0.531250 0.625000
vt 0.593750 0.625000
vt 0.562500 0.625000
vt 0.500000 0.593750
vt 0.468750 0.593750
vt 0.531250 0.593750
vt 0.468750 0.562500
vt 0.500000 0.562500
vt 0.437500 0.531250
vt 0.468750 0.531250
vt 0.406250 0.531250
vt 0.437500 0.500000
vt 0.375000 0.531250
vt 0.406250 0.500000
vt 0.343750 0.531250
vt 0.375000 0.500000
vt 0.312500 0.531250
vt 0.343750 0.500000
vt 0.375000 0.468750
vt 0.281250 0.531250
vt 0.312500 0.500000
vt 0.250000 0.531250
vt 0.281250 0.500000
vt 0.250000 0.500000
vt 0.218750 0.500000
vt 0.312500 0.468750
vt 0.281250 0.468750
vt 0.343750 0.468750
vt 0.312500 0.437500
vt 0.343750 0.437500
vt 0.250000 0.468750
vt 0.281250 0.437500
vt 0.312500 0.406250
vt 0.218750 0.468750
vt 0.250000 0.437500
vt 0.281250 0.406250
vt 0.187500 0.500000
vt 0.187500 0.468750
vt 0.218750 0.437500
vt 0.156250 0.437500
vt 0.187500 0.437500
vt 0.250000 0.406250
vt 0.218750 0.406250
vt 0.156250 0.406250
vt 0.125000 0.406250
vt 0.187500 0.406250
vt 0.093750 0.375000
vt 0.125000 0.375000
vt 0.093750 0.343750
vt 0.156250 0.375000
vt 0.125000 0.343750
vt 0.093750 0.312500
vt 0.156250 0.343750
vt 0.093750 0.281250
vt 0.125000 0.312500
vt 0.093750 0.250000
vt 0.125000 0.281250
vt 0.093750 0.218750
vt 0.125000 0.250000
vt 0.125000 0.218750
vt 0.093750 0.187500
vt 0.125000 0.187500
vt 0.093750 0.156250
vt 0.125000 0.156250
vt 0.093750 0.125000
vt 0.125000 0.125000
vt 0.093750 0.093750
vt 0.093750 0.066406
vt 0.125000 0.093750
vt 0.093750 0.041992
vt 0.078125 0.031250
vt 0.093750 0.000000
vt 0.109375 0.031250
vt 0.125000 0.062500
vt 0.156250 0.066406
vt 0.156250 0.041992
vt 0.140625 0.031250
vt 0.156250 0.000000
vt 0.171875 0.031250
vt 0.187500 0.062500
vt 0.156250 0.093750
vt 0.156250 0.125000
vt 0.187500 0.093750
vt 0.156250 0.156250
vt 0.187500 0.125000
vt 0.156250 0.187500
vt 0.187500 0.156250
vt 0.156250 0.218750
vt 0.187500 0.187500
vt 0.156250 0.250000
vt 0.187500 0.218750
vt 0.218750 0.187500
vt 0.218750 0.218750
vt 0.187500 0.250000
vt 0.218750 0.156250
vt 0.218750 0.250000
vt 0.187500 0.281250
vt 0.156250 0.281250
vt 0.156250 0.312500
vt 0.187500 0.312500
vt 0.187500 0.343750
vt 0.218750 0.281250
vt 0.218750 0.312500
vt 0.187500 0.375000
vt 0.218750 0.343750
vt 0.218750 0.375000
vt 0.250000 0.312500
vt 0.250000 0.375000
vt 0.250000 0.343750
vt 0.281250 0.375000
vt 0.281250 0.343750
vt 0.312500 0.375000
vt 0.312500 0.343750
vt 0.281250 0.312500
vt 0.312500 0.312500
vt 0.343750 0.375000
vt 0.343750 0.406250
vt 0.343750 0.343750
vt 0.375000 0.437500
vt 0.375000 0.406250
vt 0.406250 0.468750
vt 0.406250 0.437500
vt 0.437500 0.468750
vt 0.375000 0.375000
vt 0.406250 0.406250
vt 0.437500 0.437500
vt 0.468750 0.468750
vt 0.468750 0.437500
vt 0.437500 0.406250
vt 0.468750 0.500000
vt 0.468750 0.406250
vt 0.500000 0.531250
vt 0.500000 0.468750
vt 0.531250 0.562500
vt 0.500000 0.500000
vt 0.531250 0.531250
vt 0.562500 0.593750
vt 0.562500 0.562500
vt 0.593750 0.593750
vt 0.593750 0.562500
vt 0.625000 0.593750
vt 0.625000 0.562500
vt 0.656250 0.593750
vt 0.656250 0.562500
vt 0.687500 0.562500
vt 0.656250 0.531250
vt 0.718750 0.562500
vt 0.687500 0.531250
vt 0.750000 0.562500
vt 0.718750 0.531250
vt 0.781250 0.562500
vt 0.750000 0.531250
vt 0.812500 0.562500
vt 0.781250 0.531250
vt 0.812500 0.531250
vt 0.843750 0.500000
vt 0.812500 0.500000
vt 0.812500 0.468750
vt 0.781250 0.500000
vt 0.781250 0.468750
vt 0.750000 0.500000
vt 0.781250 0.437500
vt 0.750000 0.468750
vt 0.718750 0.500000
vt 0.750000 0.437500
vt 0.687500 0.500000
vt 0.718750 0.468750
vt 0.781250 0.406250
vt 0.718750 0.437500
vt 0.812500 0.375000
vt 0.750000 0.406250
vt 0.781250 0.375000
vt 0.812500 0.343750
vt 0.750000 0.375000
vt 0.812500 0.312500
vt 0.781250 0.343750
vt 0.812500 0.281250
vt 0.781250 0.312500
vt 0.812500 0.250000
vt 0.781250 0.281250
vt 0.750000 0.343750
vt 0.750000 0.312500
vt 0.812500 0.218750
vt 0.781250 0.250000
vt 0.812500 0.187500
vt 0.781250 0.218750
vt 0.812500 0.156250
vt 0.781250 0.187500
vt 0.750000 0.218750
vt 0.750000 0.187500
vt 0.781250 0.156250
vt 0.750000 0.156250
vt 0.812500 0.125000
vt 0.843750 0.125000
vt 0.781250 0.125000
vt 0.843750 0.093750
vt 0.812500 0.093750
vt 0.843750 0.066406
vt 0.875000 0.062500
vt 0.812500 0.062500
vt 0.906250 0.041992
vt 0.921875 0.031250
vt 0.890625 0.031250
vt 0.906250 0.000000
vt 0.843750 0.041992
vt 0.859375 0.031250
vt 0.828125 0.031250
vt 0.843750 0.000000
vt 0.781250 0.066406
vt 0.781250 0.093750
vt 0.781250 0.041992
vt 0.796875 0.031250
vt 0.781250 0.000000
vt 0.765625 0.031250
vt 0.750000 0.062500
vt 0.750000 0.093750
vt 0.750000 0.125000
vt 0.718750 0.066406
vt 0.718750 0.156250
vt 0.718750 0.125000
vt 0.718750 0.093750
vt 0.718750 0.041992
vt 0.734375 0.031250
vt 0.718750 0.000000
vt 0.703125 0.031250
vt 0.687500 0.062500
vt 0.687500 0.093750
vt 0.687500 0.125000
vt 0.656250 0.066406
vt 0.687500 0.156250
vt 0.656250 0.041992
vt 0.671875 0.031250
vt 0.656250 0.000000
vt 0.640625 0.031250
vt 0.625000 0.062500
vt 0.656250 0.093750
vt 0.656250 0.125000
vt 0.625000 0.093750
vt 0.656250 0.156250
vt 0.625000 0.125000
vt 0.593750 0.066406
vt 0.625000 0.156250
vt 0.593750 0.041992
vt 0.609375 0.031250
vt 0.593750 0.000000
vt 0.578125 0.031250
vt 0.562500 0.062500
vt 0.593750 0.093750
vt 0.593750 0.125000
vt 0.562500 0.093750
vt 0.593750 0.156250
vt 0.562500 0.125000
vt 0.531250 0.066406
vt 0.562500 0.156250
vt 0.531250 0.041992
vt 0.546875 0.031250
vt 0.531250 0.000000
vt 0.515625 0.031250
vt 0.500000 0.062500
vt 0.531250 0.093750
vt 0.531250 0.125000
vt 0.500000 0.093750
vt 0.531250 0.156250
vt 0.500000 0.125000
vt 0.468750 0.066406
vt 0.500000 0.156250
vt 0.468750 0.041992
vt 0.484375 0.031250
vt 0.468750 0.000000
vt 0.453125 0.031250
vt 0.437500 0.062500
vt 0.468750 0.093750
vt 0.468750 0.125000
vt 0.437500 0.093750
vt 0.468750 0.156250
vt 0.437500 0.125000
vt 0.406250 0.066406
vt 0.437500 0.156250
vt 0.406250 0.041992
vt 0.421875 0.031250
vt 0.406250 0.000000
vt 0.390625 0.031250
vt 0.375000 0.062500
vt 0.406250 0.093750
vt 0.406250 0.125000
vt 0.375000 0.093750
vt 0.406250 0.156250
vt 0.375000 0.125000
vt 0.343750 0.066406
vt 0.375000 0.156250
vt 0.343750 0.041992
vt 0.359375 0.031250
vt 0.343750 0.000000
vt 0.328125 0.031250
vt 0.312500 0.062500
vt 0.343750 0.093750
vt 0.343750 0.125000
vt 0.312500 0.093750
vt 0.343750 0.156250
vt 0.312500 0.125000
vt 0.281250 0.066406
vt 0.312500 0.156250
vt 0.281250 0.041992
vt 0.296875 0.031250
vt 0.281250 0.000000
vt 0.265625 0.031250
vt 0.250000 0.062500
vt 0.281250 0.093750
vt 0.281250 0.125000
vt 0.250000 0.093750
vt 0.281250 0.156250
vt 0.250000 0.125000
vt 0.218750 0.066406
vt 0.250000 0.156250
vt 0.218750 0.041992
vt 0.234375 0.031250
vt 0.218750 0.000000
vt 0.203125 0.031250
vt 0.218750 0.093750
vt 0.218750 0.125000
vt 0.250000 0.187500
vt 0.281250 0.187500
vt 0.250000 0.218750
vt 0.281250 0.218750
vt 0.312500 0.187500
vt 0.250000 0.250000
vt 0.281250 0.250000
vt 0.250000 0.281250
vt 0.281250 0.281250
vt 0.312500 0.218750
vt 0.312500 0.250000
vt 0.312500 0.281250
vt 0.343750 0.250000
vt 0.343750 0.312500
vt 0.343750 0.281250
vt 0.375000 0.343750
vt 0.375000 0.312500
vt 0.406250 0.375000
vt 0.406250 0.343750
vt 0.437500 0.375000
vt 0.468750 0.375000
vt 0.437500 0.343750
vt 0.468750 0.343750
vt 0.406250 0.312500
vt 0.375000 0.281250
vt 0.437500 0.312500
vt 0.375000 0.250000
vt 0.406250 0.281250
vt 0.375000 0.218750
vt 0.468750 0.312500
vt 0.343750 0.218750
vt 0.343750 0.187500
vt 0.375000 0.187500
vt 0.406250 0.187500
vt 0.406250 0.218750
vt 0.437500 0.187500
vt 0.468750 0.187500
vt 0.406250 0.250000
vt 0.437500 0.218750
vt 0.468750 0.218750
vt 0.437500 0.281250
vt 0.437500 0.250000
vt 0.468750 0.250000
vt 0.468750 0.281250
vt 0.500000 0.218750
vt 0.500000 0.250000
vt 0.500000 0.281250
vt 0.500000 0.312500
vt 0.531250 0.281250
vt 0.500000 0.343750
vt 0.531250 0.312500
vt 0.500000 0.375000
vt 0.531250 0.343750
vt 0.500000 0.406250
vt 0.531250 0.375000
vt 0.500000 0.437500
vt 0.531250 0.406250
vt 0.531250 0.437500
vt 0.531250 0.468750
vt 0.562500 0.406250
vt 0.531250 0.500000
vt 0.562500 0.437500
vt 0.562500 0.468750
vt 0.562500 0.531250
vt 0.562500 0.500000
vt 0.593750 0.500000
vt 0.593750 0.531250
vt 0.593750 0.468750
vt 0.625000 0.500000
vt 0.625000 0.531250
vt 0.656250 0.500000
vt 0.625000 0.468750
vt 0.656250 0.468750
vt 0.593750 0.437500
vt 0.625000 0.437500
vt 0.593750 0.406250
vt 0.687500 0.468750
vt 0.656250 0.437500
vt 0.687500 0.437500
vt 0.625000 0.406250
vt 0.656250 0.406250
vt 0.718750 0.406250
vt 0.687500 0.406250
vt 0.718750 0.375000
vt 0.656250 0.375000
vt 0.718750 0.343750
vt 0.687500 0.375000
vt 0.625000 0.375000
vt 0.718750 0.312500
vt 0.593750 0.375000
vt 0.750000 0.281250
vt 0.687500 0.343750
vt 0.750000 0.250000
vt 0.718750 0.281250
vt 0.718750 0.250000
vt 0.687500 0.312500
vt 0.687500 0.281250
vt 0.718750 0.218750
vt 0.687500 0.250000
vt 0.718750 0.187500
vt 0.687500 0.218750
vt 0.687500 0.187500
vt 0.656250 0.187500
vt 0.656250 0.218750
vt 0.656250 0.250000
vt 0.625000 0.187500
vt 0.625000 0.218750
vt 0.656250 0.281250
vt 0.625000 0.250000
vt 0.656250 0.312500
vt 0.625000 0.281250
vt 0.656250 0.343750
vt 0.625000 0.312500
vt 0.625000 0.343750
vt 0.593750 0.281250
vt 0.593750 0.312500
vt 0.593750 0.343750
vt 0.593750 0.250000
vt 0.562500 0.281250
vt 0.593750 0.218750
vt 0.562500 0.250000
vt 0.562500 0.218750
vt 0.593750 0.187500
vt 0.562500 0.187500
vt 0.531250 0.187500
vt 0.531250 0.218750
vt 0.500000 0.187500
vt 0.531250 0.250000
vt 0.562500 0.312500
vt 0.562500 0.343750
vt 0.562500 0.375000
# num_vertices: 1085


g Object_Modelegg_Material001

usemtl Modelegg_Material001

f 1/1 2/2 3/3
f 4/4 3/3 2/2
f 4/4 5/5 3/3
f 2/2 6/6 4/4
f 5/5 4/4 7/7
f 6/6 7/7 4/4
f 5/5 7/7 8/8
f 9/9 8/8 7/7
f 9/9 10/10 8/8
f 8/8 10/10 11/11
f 7/7 12/12 9/9
f 9/9 12/12 10/10
f 6/6 12/12 7/7
f 10/10 13/13 11/11
f 11/11 13/13 14/14
f 15/15 10/10 12/12
f 10/10 15/15 13/13
f 13/13 16/16 14/14
f 14/14 16/16 17/17
f 18/18 13/13 15/15
f 13/13 18/18 16/16
f 16/16 19/19 17/17
f 17/17 19/19 20/20
f 21/21 16/16 18/18
f 16/16 21/21 19/19
f 19/19 22/22 20/20
f 20/20 22/22 23/23
f 24/24 19/19 21/21
f 19/19 24/24 22/22
f 22/22 25/25 23/23
f 23/23 25/25 26/26
f 26/26 25/25 27/27
f 28/28 22/22 24/24
f 22/22 28/28 25/25
f 29/29 27/27 25/25
f 27/27 29/29 30/30
f 31/31 25/25 28/28
f 25/25 31/31 29/29
f 32/32 30/30 29/29
f 30/30 32/32 33/33
f 34/34 29/29 31/31
f 29/29 34/34 32/32
f 35/35 33/33 32/32
f 33/33 35/35 36/36
f 37/37 32/32 34/34
f 32/32 37/37 35/35
f 38/38 36/36 35/35
f 36/36 38/38 39/39
f 40/40 35/35 37/37
f 35/35 40/40 38/38
f 41/41 39/39 38/38
f 39/39 41/41 42/42
f 43/43 38/38 40/40
f 38/38 43/43 41/41
f 44/44 42/42 41/41
f 42/42 44/44 45/45
f 46/46 41/41 43/43
f 41/41 46/46 44/44
f 40/40 47/47 43/43
f 43/43 48/48 46/46
f 47/47 48/48 43/43
f 49/49 44/44 46/46
f 48/48 50/50 46/46
f 46/46 50/50 49/49
f 51/51 45/45 44/44
f 44/44 49/49 51/51
f 51/51 52/52 45/45
f 45/45 52/52 53/53
f 54/54 51/51 49/49
f 52/52 55/55 53/53
f 53/53 55/55 56/56
f 51/51 57/57 52/52
f 54/54 57/57 51/51
f 49/49 58/58 54/54
f 54/54 58/58 57/57
f 50/50 58/58 49/49
f 57/57 59/59 52/52
f 52/52 59/59 55/55
f 60/60 57/57 58/58
f 57/57 60/60 59/59
f 50/50 61/61 58/58
f 58/58 61/61 60/60
f 62/62 61/61 50/50
f 48/48 62/62 50/50
f 63/63 60/60 61/61
f 64/64 62/62 48/48
f 47/47 64/64 48/48
f 62/62 65/65 61/61
f 61/61 65/65 63/63
f 64/64 66/66 62/62
f 66/66 65/65 62/62
f 60/60 63/63 67/67
f 67/67 59/59 60/60
f 68/68 63/63 65/65
f 59/59 67/67 69/69
f 59/59 69/69 55/55
f 70/70 67/67 63/63
f 63/63 68/68 70/70
f 71/71 69/69 67/67
f 67/67 70/70 71/71
f 55/55 69/69 72/72
f 55/55 72/72 56/56
f 56/56 72/72 73/73
f 69/69 74/74 72/72
f 69/69 71/71 74/74
f 72/72 75/75 73/73
f 72/72 74/74 75/75
f 73/73 75/75 76/76
f 77/77 74/74 71/71
f 75/75 78/78 76/76
f 76/76 78/78 79/79
f 80/80 75/75 74/74
f 75/75 80/80 78/78
f 74/74 77/77 80/80
f 81/81 79/79 78/78
f 79/79 81/81 82/82
f 83/83 78/78 80/80
f 78/78 83/83 81/81
f 84/84 82/82 81/81
f 82/82 84/84 85/85
f 86/86 81/81 83/83
f 86/86 84/84 81/81
f 80/80 87/87 83/83
f 87/87 80/80 77/77
f 88/88 85/85 84/84
f 85/85 88/88 89/89
f 90/90 88/88 84/84
f 90/90 84/84 86/86
f 91/91 89/89 88/88
f 89/89 91/91 92/92
f 93/93 88/88 90/90
f 93/93 91/91 88/88
f 94/94 92/92 91/91
f 92/92 94/94 95/95
f 96/96 91/91 93/93
f 96/96 94/94 91/91
f 97/97 95/95 94/94
f 97/97 98/98 95/95
f 98/98 97/97 99/99
f 100/100 94/94 96/96
f 94/94 100/100 97/97
f 101/101 99/99 97/97
f 99/99 101/101 102/102
f 103/103 97/97 100/100
f 97/97 103/103 101/101
f 104/104 102/102 101/101
f 104/104 105/105 102/102
f 106/106 102/102 105/105
f 107/107 104/104 101/101
f 104/104 107/107 105/105
f 107/107 101/101 103/103
f 105/105 108/108 106/106
f 108/108 109/109 106/106
f 110/110 109/109 111/111
f 108/108 111/111 109/109
f 111/111 108/108 112/112
f 105/105 112/112 108/108
f 112/112 105/105 107/107
f 113/113 112/112 107/107
f 114/114 112/112 113/113
f 114/114 115/115 112/112
f 116/116 115/115 117/117
f 114/114 117/117 115/115
f 114/114 118/118 117/117
f 118/118 114/114 113/113
f 113/113 107/107 119/119
f 119/119 107/107 120/120
f 103/103 120/120 107/107
f 119/119 121/121 113/113
f 121/121 119/119 120/120
f 118/118 113/113 121/121
f 120/120 103/103 122/122
f 100/100 122/122 103/103
f 121/121 120/120 123/123
f 123/123 120/120 122/122
f 122/122 100/100 124/124
f 96/96 124/124 100/100
f 123/123 122/122 125/125
f 124/124 96/96 126/126
f 93/93 126/126 96/96
f 124/124 127/127 122/122
f 125/125 122/122 127/127
f 126/126 128/128 124/124
f 127/127 124/124 128/128
f 126/126 93/93 129/129
f 90/90 129/129 93/93
f 128/128 126/126 130/130
f 129/129 130/130 126/126
f 129/129 90/90 131/131
f 86/86 131/131 90/90
f 130/130 129/129 132/132
f 131/131 132/132 129/129
f 131/131 86/86 133/133
f 83/83 133/133 86/86
f 133/133 83/83 87/87
f 133/133 134/134 131/131
f 132/132 131/131 134/134
f 87/87 135/135 133/133
f 134/134 133/133 135/135
f 135/135 87/87 136/136
f 77/77 136/136 87/87
f 135/135 137/137 134/134
f 136/136 77/77 138/138
f 71/71 138/138 77/77
f 138/138 71/71 70/70
f 136/136 139/139 135/135
f 137/137 135/135 139/139
f 138/138 140/140 136/136
f 139/139 136/136 140/140
f 70/70 141/141 138/138
f 140/140 138/138 141/141
f 141/141 70/70 68/68
f 140/140 142/142 139/139
f 141/141 143/143 140/140
f 142/142 140/140 143/143
f 68/68 144/144 141/141
f 143/143 141/141 144/144
f 145/145 139/139 142/142
f 139/139 145/145 137/137
f 143/143 146/146 142/142
f 142/142 147/147 145/145
f 146/146 147/147 142/142
f 148/148 137/137 145/145
f 147/147 149/149 145/145
f 145/145 149/149 148/148
f 137/137 148/148 150/150
f 150/150 134/134 137/137
f 134/134 150/150 132/132
f 151/151 132/132 150/150
f 132/132 151/151 130/130
f 152/152 150/150 148/148
f 150/150 152/152 151/151
f 153/153 130/130 151/151
f 130/130 153/153 128/128
f 154/154 151/151 152/152
f 151/151 154/154 153/153
f 148/148 155/155 152/152
f 149/149 155/155 148/148
f 152/152 156/156 154/154
f 155/155 156/156 152/152
f 157/157 128/128 153/153
f 128/128 157/157 127/127
f 158/158 153/153 154/154
f 153/153 158/158 157/157
f 159/159 127/127 157/157
f 127/127 159/159 125/125
f 160/160 157/157 158/158
f 157/157 160/160 159/159
f 154/154 161/161 158/158
f 156/156 161/161 154/154
f 158/158 162/162 160/160
f 161/161 162/162 158/158
f 163/163 159/159 160/160
f 164/164 125/125 159/159
f 159/159 163/163 164/164
f 125/125 164/164 123/123
f 160/160 165/165 163/163
f 162/162 165/165 160/160
f 166/166 164/164 163/163
f 167/167 123/123 164/164
f 123/123 167/167 121/121
f 164/164 166/166 168/168
f 167/167 164/164 168/168
f 163/163 169/169 166/166
f 166/166 169/169 168/168
f 169/169 163/163 165/165
f 170/170 121/121 167/167
f 165/165 171/171 169/169
f 121/121 170/170 172/172
f 172/172 118/118 121/121
f 170/170 167/167 173/173
f 170/170 173/173 172/172
f 167/167 168/168 173/173
f 118/118 172/172 174/174
f 174/174 175/175 118/118
f 176/176 175/175 177/177
f 174/174 177/177 175/175
f 174/174 178/178 177/177
f 178/178 174/174 172/172
f 178/178 172/172 173/173
f 168/168 179/179 173/173
f 179/179 168/168 169/169
f 178/178 173/173 180/180
f 179/179 169/169 181/181
f 171/171 181/181 169/169
f 182/182 173/173 179/179
f 182/182 180/180 173/173
f 182/182 179/179 183/183
f 182/182 183/183 180/180
f 181/181 183/183 179/179
f 178/178 180/180 184/184
f 185/185 178/178 184/184
f 186/186 185/185 187/187
f 184/184 187/187 185/185
f 184/184 188/188 187/187
f 180/180 188/188 184/184
f 188/188 180/180 183/183
f 188/188 183/183 189/189
f 189/189 190/190 188/188
f 191/191 188/188 190/190
f 192/192 191/191 193/193
f 190/190 193/193 191/191
f 193/193 190/190 194/194
f 189/189 194/194 190/190
f 195/195 189/189 183/183
f 195/195 183/183 196/196
f 181/181 196/196 183/183
f 195/195 197/197 189/189
f 195/195 196/196 197/197
f 194/194 189/189 197/197
f 196/196 181/181 198/198
f 171/171 198/198 181/181
f 199/199 197/197 196/196
f 196/196 198/198 199/199
f 198/198 171/171 200/200
f 171/171 165/165 200/200
f 162/162 200/200 165/165
f 200/200 162/162 201/201
f 161/161 201/201 162/162
f 198/198 200/200 202/202
f 201/201 202/202 200/200
f 201/201 161/161 203/203
f 156/156 203/203 161/161
f 202/202 201/201 204/204
f 203/203 204/204 201/201
f 198/198 202/202 205/205
f 205/205 199/199 198/198
f 206/206 202/202 204/204
f 206/206 205/205 202/202
f 204/204 203/203 207/207
f 203/203 156/156 208/208
f 208/208 207/207 203/203
f 155/155 208/208 156/156
f 209/209 204/204 207/207
f 206/206 204/204 209/209
f 210/210 208/208 155/155
f 149/149 210/210 155/155
f 207/207 208/208 211/211
f 210/210 211/211 208/208
f 212/212 210/210 149/149
f 147/147 212/212 149/149
f 211/211 210/210 213/213
f 212/212 213/213 210/210
f 214/214 207/207 211/211
f 209/209 207/207 214/214
f 215/215 211/211 213/213
f 214/214 211/211 215/215
f 213/213 212/212 216/216
f 217/217 212/212 147/147
f 217/217 216/216 212/212
f 146/146 217/217 147/147
f 216/216 218/218 213/213
f 215/215 213/213 218/218
f 219/219 216/216 217/217
f 220/220 217/217 146/146
f 220/220 219/219 217/217
f 218/218 216/216 221/221
f 219/219 221/221 216/216
f 222/222 220/220 146/146
f 222/222 146/146 143/143
f 144/144 222/222 143/143
f 223/223 219/219 220/220
f 224/224 220/220 222/222
f 224/224 223/223 220/220
f 225/225 222/222 144/144
f 225/225 224/224 222/222
f 223/223 226/226 219/219
f 221/221 219/219 226/226
f 227/227 223/223 224/224
f 228/228 226/226 223/223
f 227/227 228/228 223/223
f 226/226 229/229 221/221
f 228/228 230/230 226/226
f 229/229 226/226 230/230
f 231/231 221/221 229/229
f 221/221 231/231 218/218
f 230/230 232/232 229/229
f 233/233 218/218 231/231
f 218/218 233/233 215/215
f 229/229 234/234 231/231
f 234/234 229/229 232/232
f 231/231 235/235 233/233
f 235/235 231/231 234/234
f 236/236 215/215 233/233
f 215/215 236/236 214/214
f 237/237 233/233 235/235
f 233/233 237/237 236/236
f 238/238 214/214 236/236
f 214/214 238/238 209/209
f 239/239 236/236 237/237
f 236/236 239/239 238/238
f 240/240 209/209 238/238
f 209/209 240/240 206/206
f 241/241 238/238 239/239
f 238/238 241/241 240/240
f 242/242 206/206 240/240
f 206/206 242/242 205/205
f 243/243 240/240 241/241
f 240/240 243/243 242/242
f 244/244 205/205 242/242
f 205/205 244/244 199/199
f 245/245 242/242 243/243
f 242/242 245/245 244/244
f 246/246 199/199 244/244
f 199/199 246/246 197/197
f 247/247 244/244 245/245
f 248/248 197/197 246/246
f 244/244 249/249 246/246
f 247/247 249/249 244/244
f 248/248 250/250 197/197
f 194/194 197/197 250/250
f 246/246 251/251 248/248
f 248/248 251/251 250/250
f 251/251 246/246 249/249
f 250/250 252/252 194/194
f 253/253 194/194 252/252
f 254/254 253/253 255/255
f 252/252 255/255 253/253
f 255/255 252/252 256/256
f 250/250 256/256 252/252
f 256/256 250/250 251/251
f 257/257 256/256 251/251
f 258/258 256/256 257/257
f 258/258 259/259 256/256
f 260/260 259/259 261/261
f 258/258 261/261 259/259
f 261/261 258/258 262/262
f 262/262 258/258 257/257
f 257/257 251/251 263/263
f 263/263 251/251 264/264
f 249/249 264/264 251/251
f 263/263 265/265 257/257
f 265/265 263/263 264/264
f 262/262 257/257 265/265
f 264/264 249/249 266/266
f 247/247 266/266 249/249
f 265/265 264/264 267/267
f 267/267 264/264 266/266
f 266/266 247/247 268/268
f 245/245 268/268 247/247
f 267/267 266/266 269/269
f 268/268 245/245 270/270
f 243/243 270/270 245/245
f 268/268 271/271 266/266
f 269/269 266/266 271/271
f 270/270 272/272 268/268
f 271/271 268/268 272/272
f 270/270 243/243 273/273
f 241/241 273/273 243/243
f 272/272 270/270 274/274
f 273/273 274/274 270/270
f 273/273 241/241 275/275
f 239/239 275/275 241/241
f 274/274 273/273 276/276
f 275/275 276/276 273/273
f 275/275 239/239 277/277
f 237/237 277/277 239/239
f 276/276 275/275 278/278
f 277/277 278/278 275/275
f 277/277 237/237 279/279
f 235/235 279/279 237/237
f 278/278 277/277 280/280
f 279/279 280/280 277/277
f 279/279 235/235 281/281
f 234/234 281/281 235/235
f 280/280 279/279 282/282
f 281/281 282/282 279/279
f 281/281 234/234 283/283
f 232/232 283/283 234/234
f 282/282 281/281 284/284
f 283/283 284/284 281/281
f 282/282 285/285 280/280
f 284/284 286/286 282/282
f 286/286 285/285 282/282
f 284/284 283/283 287/287
f 285/285 288/288 280/280
f 280/280 288/288 278/278
f 289/289 287/287 283/283
f 283/283 232/232 289/289
f 288/288 290/290 278/278
f 278/278 290/290 276/276
f 291/291 289/289 232/232
f 232/232 230/230 291/291
f 290/290 292/292 276/276
f 276/276 292/292 274/274
f 293/293 291/291 230/230
f 230/230 228/228 293/293
f 292/292 294/294 274/274
f 274/274 294/294 272/272
f 295/295 293/293 228/228
f 295/295 228/228 227/227
f 294/294 296/296 272/272
f 272/272 296/296 271/271
f 292/292 297/297 294/294
f 298/298 271/271 296/296
f 271/271 298/298 269/269
f 269/269 298/298 267/267
f 294/294 299/299 296/296
f 299/299 294/294 297/297
f 296/296 300/300 298/298
f 300/300 296/296 299/299
f 301/301 267/267 298/298
f 267/267 301/301 265/265
f 298/298 300/300 302/302
f 301/301 298/298 302/302
f 303/303 300/300 299/299
f 300/300 303/303 302/302
f 304/304 265/265 301/301
f 301/301 302/302 305/305
f 304/304 301/301 305/305
f 265/265 304/304 306/306
f 304/304 305/305 306/306
f 306/306 262/262 265/265
f 302/302 307/307 305/305
f 307/307 302/302 303/303
f 262/262 306/306 308/308
f 308/308 309/309 262/262
f 310/310 309/309 311/311
f 308/308 311/311 309/309
f 308/308 312/312 311/311
f 312/312 308/308 306/306
f 312/312 306/306 305/305
f 312/312 305/305 313/313
f 305/305 314/314 313/313
f 314/314 305/305 307/307
f 312/312 313/313 315/315
f 316/316 312/312 315/315
f 317/317 316/316 318/318
f 315/315 318/318 316/316
f 315/315 319/319 318/318
f 315/315 313/313 319/319
f 314/314 320/320 313/313
f 319/319 313/313 320/320
f 314/314 307/307 320/320
f 321/321 320/320 307/307
f 307/307 303/303 321/321
f 319/319 320/320 322/322
f 323/323 321/321 303/303
f 322/322 324/324 319/319
f 325/325 319/319 324/324
f 326/326 325/325 327/327
f 324/324 327/327 325/325
f 327/327 324/324 328/328
f 322/322 328/328 324/324
f 329/329 322/322 320/320
f 329/329 320/320 330/330
f 321/321 330/330 320/320
f 329/329 331/331 322/322
f 329/329 330/330 331/331
f 328/328 322/322 331/331
f 330/330 321/321 332/332
f 323/323 332/332 321/321
f 333/333 331/331 330/330
f 330/330 332/332 333/333
f 328/328 331/331 334/334
f 335/335 333/333 332/332
f 334/334 336/336 328/328
f 337/337 328/328 336/336
f 338/338 337/337 339/339
f 336/336 339/339 337/337
f 339/339 336/336 340/340
f 334/334 340/340 336/336
f 341/341 334/334 331/331
f 341/341 331/331 342/342
f 333/333 342/342 331/331
f 341/341 343/343 334/334
f 341/341 342/342 343/343
f 340/340 334/334 343/343
f 342/342 333/333 344/344
f 335/335 344/344 333/333
f 345/345 343/343 342/342
f 342/342 344/344 345/345
f 346/346 340/340 343/343
f 347/347 345/345 344/344
f 348/348 340/340 346/346
f 348/348 349/349 340/340
f 350/350 349/349 351/351
f 348/348 351/351 349/349
f 351/351 348/348 352/352
f 352/352 348/348 346/346
f 346/346 343/343 353/353
f 353/353 343/343 354/354
f 345/345 354/354 343/343
f 353/353 355/355 346/346
f 355/355 353/353 354/354
f 352/352 346/346 355/355
f 354/354 345/345 356/356
f 347/347 356/356 345/345
f 355/355 354/354 357/357
f 357/357 354/354 356/356
f 358/358 356/356 347/347
f 347/347 344/344 358/358
f 357/357 356/356 359/359
f 360/360 358/358 344/344
f 344/344 335/335 360/360
f 356/356 358/358 361/361
f 361/361 359/359 356/356
f 358/358 360/360 362/362
f 362/362 361/361 358/358
f 363/363 360/360 335/335
f 335/335 332/332 363/363
f 364/364 362/362 360/360
f 360/360 363/363 364/364
f 365/365 363/363 332/332
f 332/332 323/323 365/365
f 366/366 364/364 363/363
f 363/363 365/365 366/366
f 362/362 364/364 367/367
f 368/368 365/365 323/323
f 364/364 366/366 369/369
f 369/369 367/367 364/364
f 370/370 366/366 365/365
f 365/365 368/368 370/370
f 371/371 369/369 366/366
f 366/366 370/370 371/371
f 368/368 323/323 372/372
f 303/303 372/372 323/323
f 303/303 299/299 372/372
f 297/297 372/372 299/299
f 368/368 372/372 373/373
f 372/372 297/297 373/373
f 374/374 370/370 368/368
f 368/368 373/373 374/374
f 375/375 373/373 297/297
f 297/297 292/292 375/375
f 290/290 375/375 292/292
f 373/373 375/375 376/376
f 374/374 373/373 376/376
f 375/375 290/290 377/377
f 377/377 376/376 375/375
f 288/288 377/377 290/290
f 374/374 376/376 378/378
f 379/379 377/377 288/288
f 285/285 379/379 288/288
f 376/376 377/377 380/380
f 379/379 380/380 377/377
f 378/378 376/376 380/380
f 381/381 379/379 285/285
f 286/286 381/381 285/285
f 380/380 379/379 382/382
f 381/381 382/382 379/379
f 378/378 380/380 383/383
f 383/383 380/380 382/382
f 378/378 384/384 374/374
f 370/370 374/374 384/384
f 384/384 371/371 370/370
f 384/384 378/378 385/385
f 383/383 385/385 378/378
f 371/371 384/384 386/386
f 385/385 386/386 384/384
f 386/386 387/387 371/371
f 369/369 371/371 387/387
f 386/386 385/385 388/388
f 387/387 389/389 369/369
f 367/367 369/369 389/389
f 387/387 386/386 390/390
f 388/388 390/390 386/386
f 389/389 387/387 391/391
f 390/390 391/391 387/387
f 389/389 392/392 367/367
f 391/391 393/393 389/389
f 393/393 392/392 389/389
f 391/391 390/390 394/394
f 392/392 395/395 367/367
f 367/367 395/395 362/362
f 395/395 361/361 362/362
f 395/395 396/396 361/361
f 359/359 361/361 396/396
f 392/392 397/397 395/395
f 396/396 395/395 397/397
f 397/397 392/392 398/398
f 393/393 398/398 392/392
f 397/397 399/399 396/396
f 400/400 359/359 396/396
f 400/400 396/396 399/399
f 359/359 400/400 357/357
f 399/399 397/397 401/401
f 398/398 401/401 397/397
f 402/402 357/357 400/400
f 357/357 402/402 355/355
f 400/400 399/399 403/403
f 404/404 355/355 402/402
f 403/403 399/399 405/405
f 405/405 399/399 401/401
f 406/406 355/355 404/404
f 406/406 352/352 355/355
f 404/404 402/402 407/407
f 404/404 407/407 406/406
f 402/402 400/400 408/408
f 402/402 408/408 407/407
f 408/408 400/400 403/403
f 352/352 406/406 409/409
f 409/409 410/410 352/352
f 411/411 410/410 412/412
f 409/409 412/412 410/410
f 409/409 413/413 412/412
f 413/413 409/409 406/406
f 413/413 406/406 407/407
f 413/413 407/407 414/414
f 413/413 414/414 415/415
f 416/416 413/413 415/415
f 417/417 416/416 418/418
f 415/415 418/418 416/416
f 415/415 419/419 418/418
f 419/419 415/415 414/414
f 407/407 420/420 414/414
f 420/420 407/407 421/421
f 408/408 421/421 407/407
f 420/420 422/422 414/414
f 420/420 421/421 422/422
f 419/419 414/414 422/422
f 421/421 408/408 423/423
f 403/403 423/423 408/408
f 424/424 422/422 421/421
f 421/421 423/423 424/424
f 423/423 403/403 425/425
f 405/405 425/425 403/403
f 426/426 424/424 423/423
f 425/425 427/427 423/423
f 426/426 423/423 427/427
f 425/425 405/405 428/428
f 427/427 425/425 429/429
f 428/428 429/429 425/425
f 427/427 430/430 426/426
f 429/429 431/431 427/427
f 430/430 427/427 431/431
f 426/426 432/432 424/424
f 432/432 426/426 430/430
f 433/433 424/424 432/432
f 424/424 433/433 422/422
f 430/430 434/434 432/432
f 435/435 422/422 433/433
f 434/434 430/430 436/436
f 431/431 436/436 430/430
f 435/435 437/437 422/422
f 419/419 422/422 437/437
f 435/435 433/433 438/438
f 435/435 438/438 437/437
f 419/419 437/437 439/439
f 440/440 419/419 439/439
f 441/441 440/440 442/442
f 439/439 442/442 440/440
f 439/439 443/443 442/442
f 437/437 443/443 439/439
f 443/443 437/437 438/438
f 444/444 438/438 433/433
f 433/433 432/432 444/444
f 445/445 444/444 432/432
f 445/445 432/432 434/434
f 445/445 446/446 444/444
f 434/434 446/446 445/445
f 444/444 447/447 438/438
f 447/447 444/444 446/446
f 448/448 438/438 447/447
f 446/446 434/434 449/449
f 436/436 449/449 434/434
f 447/447 446/446 450/450
f 451/451 450/450 446/446
f 449/449 451/451 446/446
f 450/450 452/452 447/447
f 448/448 447/447 452/452
f 451/451 449/449 453/453
f 448/448 452/452 454/454
f 448/448 454/454 438/438
f 443/443 438/438 454/454
f 455/455 454/454 452/452
f 454/454 456/456 443/443
f 454/454 455/455 456/456
f 457/457 443/443 456/456
f 458/458 456/456 455/455
f 456/456 458/458 457/457
f 459/459 457/457 458/458
f 460/460 453/453 449/449
f 460/460 449/449 436/436
f 453/453 460/460 461/461
f 462/462 460/460 436/436
f 436/436 431/431 462/462
f 463/463 461/461 460/460
f 463/463 460/460 462/462
f 461/461 463/463 464/464
f 465/465 462/462 431/431
f 431/431 429/429 465/465
f 466/466 463/463 462/462
f 462/462 465/465 466/466
f 467/467 464/464 463/463
f 467/467 463/463 466/466
f 464/464 467/467 468/468
f 469/469 465/465 429/429
f 429/429 428/428 469/469
f 470/470 468/468 467/467
f 471/471 468/468 470/470
f 472/472 467/467 466/466
f 470/470 467/467 472/472
f 473/473 466/466 465/465
f 466/466 473/473 472/472
f 465/465 469/469 473/473
f 474/474 471/471 470/470
f 475/475 471/471 474/474
f 476/476 470/470 472/472
f 474/474 470/470 476/476
f 477/477 472/472 473/473
f 472/472 477/477 476/476
f 478/478 473/473 469/469
f 473/473 478/478 477/477
f 469/469 479/479 478/478
f 479/479 469/469 428/428
f 480/480 477/477 478/478
f 428/428 481/481 479/479
f 481/481 428/428 405/405
f 405/405 401/401 481/481
f 482/482 478/478 479/479
f 478/478 482/482 480/480
f 483/483 479/479 481/481
f 479/479 483/483 482/482
f 481/481 401/401 484/484
f 481/481 484/484 483/483
f 401/401 398/398 484/484
f 485/485 482/482 483/483
f 486/486 484/484 398/398
f 398/398 393/393 486/486
f 483/483 484/484 487/487
f 484/484 486/486 487/487
f 483/483 487/487 485/485
f 488/488 486/486 393/393
f 488/488 393/393 391/391
f 394/394 488/488 391/391
f 489/489 487/487 486/486
f 489/489 486/486 488/488
f 485/485 487/487 490/490
f 487/487 489/489 490/490
f 491/491 489/489 488/488
f 491/491 488/488 394/394
f 492/492 490/490 489/489
f 492/492 489/489 491/491
f 485/485 490/490 493/493
f 490/490 492/492 494/494
f 494/494 493/493 490/490
f 482/482 485/485 495/495
f 493/493 495/495 485/485
f 495/495 480/480 482/482
f 495/495 493/493 496/496
f 480/480 495/495 497/497
f 496/496 497/497 495/495
f 497/497 498/498 480/480
f 477/477 480/480 498/498
f 498/498 476/476 477/477
f 476/476 498/498 499/499
f 499/499 474/474 476/476
f 498/498 497/497 500/500
f 500/500 499/499 498/498
f 501/501 474/474 499/499
f 501/501 475/475 474/474
f 502/502 475/475 501/501
f 503/503 501/501 499/499
f 499/499 500/500 503/503
f 504/504 502/502 501/501
f 504/504 501/501 503/503
f 505/505 502/502 504/504
f 506/506 503/503 500/500
f 507/507 505/505 504/504
f 508/508 505/505 507/507
f 509/509 504/504 503/503
f 507/507 504/504 509/509
f 503/503 506/506 509/509
f 510/510 508/508 507/507
f 511/511 508/508 510/510
f 512/512 507/507 509/509
f 510/510 507/507 512/512
f 513/513 509/509 506/506
f 509/509 513/513 512/512
f 514/514 511/511 510/510
f 515/515 511/511 514/514
f 515/515 514/514 516/516
f 517/517 510/510 512/512
f 514/514 510/510 517/517
f 518/518 516/516 514/514
f 514/514 517/517 518/518
f 516/516 518/518 519/519
f 512/512 520/520 517/517
f 520/520 512/512 513/513
f 521/521 519/519 518/518
f 519/519 521/521 522/522
f 523/523 518/518 517/517
f 518/518 523/523 521/521
f 524/524 522/522 521/521
f 522/522 524/524 525/525
f 526/526 521/521 523/523
f 521/521 526/526 524/524
f 527/527 525/525 524/524
f 525/525 527/527 528/528
f 529/529 524/524 526/526
f 524/524 529/529 527/527
f 530/530 528/528 527/527
f 528/528 530/530 531/531
f 532/532 527/527 529/529
f 527/527 532/532 530/530
f 533/533 531/531 530/530
f 531/531 533/533 534/534
f 535/535 530/530 532/532
f 530/530 535/535 533/533
f 536/536 534/534 533/533
f 534/534 536/536 537/537
f 538/538 533/533 535/535
f 533/533 538/538 536/536
f 539/539 537/537 536/536
f 537/537 539/539 540/540
f 541/541 536/536 538/538
f 536/536 541/541 539/539
f 542/542 540/540 539/539
f 540/540 542/542 543/543
f 544/544 539/539 541/541
f 545/545 543/543 542/542
f 543/543 545/545 546/546
f 539/539 547/547 542/542
f 547/547 539/539 544/544
f 542/542 548/548 545/545
f 548/548 542/542 547/547
f 549/549 546/546 545/545
f 546/546 549/549 550/550
f 545/545 548/548 551/551
f 545/545 551/551 549/549
f 552/552 550/550 549/549
f 550/550 552/552 553/553
f 549/549 551/551 554/554
f 549/549 554/554 552/552
f 555/555 553/553 552/552
f 553/553 555/555 556/556
f 553/553 556/556 557/557
f 552/552 558/558 555/555
f 555/555 558/558 556/556
f 552/552 554/554 558/558
f 557/557 556/556 559/559
f 560/560 557/557 559/559
f 561/561 560/560 562/562
f 559/559 562/562 560/560
f 559/559 563/563 562/562
f 556/556 563/563 559/559
f 563/563 556/556 558/558
f 554/554 564/564 558/558
f 565/565 563/563 558/558
f 564/564 554/554 566/566
f 551/551 566/566 554/554
f 567/567 558/558 564/564
f 558/558 567/567 565/565
f 566/566 551/551 568/568
f 548/548 568/568 551/551
f 569/569 567/567 564/564
f 567/567 569/569 565/565
f 570/570 564/564 566/566
f 570/570 569/569 564/564
f 568/568 571/571 566/566
f 571/571 570/570 566/566
f 568/568 548/548 572/572
f 547/547 572/572 548/548
f 573/573 571/571 568/568
f 572/572 573/573 568/568
f 571/571 574/574 570/570
f 572/572 547/547 575/575
f 544/544 575/575 547/547
f 544/544 541/541 575/575
f 576/576 573/573 572/572
f 575/575 576/576 572/572
f 573/573 577/577 571/571
f 574/574 571/571 577/577
f 576/576 578/578 573/573
f 577/577 573/573 578/578
f 575/575 541/541 579/579
f 541/541 538/538 579/579
f 580/580 576/576 575/575
f 575/575 579/579 580/580
f 579/579 538/538 581/581
f 538/538 535/535 581/581
f 580/580 579/579 582/582
f 579/579 581/581 582/582
f 580/580 583/583 576/576
f 578/578 576/576 583/583
f 582/582 584/584 580/580
f 583/583 580/580 584/584
f 582/582 581/581 585/585
f 585/585 584/584 582/582
f 581/581 535/535 586/586
f 581/581 586/586 585/585
f 535/535 532/532 586/586
f 586/586 532/532 587/587
f 532/532 529/529 587/587
f 585/585 586/586 588/588
f 586/586 587/587 588/588
f 587/587 529/529 589/589
f 529/529 526/526 589/589
f 588/588 587/587 590/590
f 587/587 589/589 590/590
f 588/588 591/591 585/585
f 584/584 585/585 591/591
f 589/589 526/526 592/592
f 526/526 523/523 592/592
f 590/590 589/589 593/593
f 589/589 592/592 593/593
f 588/588 590/590 594/594
f 591/591 588/588 594/594
f 592/592 523/523 595/595
f 523/523 517/517 595/595
f 593/593 592/592 596/596
f 592/592 595/595 596/596
f 590/590 593/593 597/597
f 594/594 590/590 597/597
f 595/595 517/517 598/598
f 598/598 517/517 520/520
f 596/596 595/595 599/599
f 595/595 598/598 599/599
f 593/593 596/596 600/600
f 597/597 593/593 600/600
f 596/596 599/599 601/601
f 600/600 596/596 601/601
f 599/599 598/598 602/602
f 601/601 599/599 603/603
f 599/599 602/602 603/603
f 600/600 601/601 604/604
f 602/602 598/598 605/605
f 520/520 605/605 598/598
f 601/601 603/603 606/606
f 604/604 601/601 606/606
f 605/605 520/520 607/607
f 513/513 607/607 520/520
f 605/605 608/608 602/602
f 607/607 513/513 609/609
f 506/506 609/609 513/513
f 607/607 610/610 605/605
f 608/608 605/605 610/610
f 609/609 611/611 607/607
f 610/610 607/607 611/611
f 609/609 506/506 612/612
f 500/500 612/612 506/506
f 612/612 500/500 497/497
f 497/497 496/496 612/612
f 612/612 613/613 609/609
f 613/613 612/612 496/496
f 611/611 609/609 613/613
f 496/496 614/614 613/613
f 614/614 496/496 493/493
f 493/493 494/494 614/614
f 613/613 615/615 611/611
f 615/615 613/613 614/614
f 616/616 614/614 494/494
f 614/614 616/616 615/615
f 617/617 611/611 615/615
f 611/611 617/617 610/610
f 618/618 615/615 616/616
f 617/617 615/615 618/618
f 616/616 494/494 619/619
f 619/619 494/494 492/492
f 618/618 616/616 620/620
f 620/620 616/616 619/619
f 619/619 492/492 621/621
f 621/621 492/492 491/491
f 620/620 619/619 622/622
f 622/622 619/619 621/621
f 621/621 491/491 623/623
f 623/623 491/491 394/394
f 622/622 621/621 624/624
f 624/624 621/621 623/623
f 394/394 625/625 623/623
f 625/625 394/394 390/390
f 390/390 388/388 625/625
f 626/626 623/623 625/625
f 623/623 626/626 624/624
f 627/627 625/625 388/388
f 625/625 627/627 626/626
f 388/388 628/628 627/627
f 628/628 388/388 385/385
f 385/385 383/383 628/628
f 629/629 626/626 627/627
f 630/630 628/628 383/383
f 383/383 382/382 630/630
f 631/631 627/627 628/628
f 628/628 630/630 631/631
f 627/627 631/631 629/629
f 632/632 630/630 382/382
f 382/382 381/381 632/632
f 633/633 631/631 630/630
f 630/630 632/632 633/633
f 634/634 632/632 381/381
f 634/634 381/381 286/286
f 635/635 633/633 632/632
f 635/635 632/632 634/634
f 631/631 633/633 636/636
f 636/636 629/629 631/631
f 633/633 635/635 637/637
f 637/637 636/636 633/633
f 638/638 635/635 634/634
f 639/639 634/634 286/286
f 638/638 634/634 639/639
f 639/639 286/286 284/284
f 287/287 639/639 284/284
f 640/640 635/635 638/638
f 640/640 637/637 635/635
f 641/641 638/638 639/639
f 641/641 639/639 287/287
f 642/642 640/640 638/638
f 642/642 638/638 641/641
f 643/643 641/641 287/287
f 287/287 289/289 643/643
f 644/644 642/642 641/641
f 644/644 641/641 643/643
f 645/645 643/643 289/289
f 289/289 291/291 645/645
f 646/646 644/644 643/643
f 643/643 645/645 646/646
f 647/647 645/645 291/291
f 291/291 293/293 647/647
f 648/648 646/646 645/645
f 645/645 647/647 648/648
f 649/649 647/647 293/293
f 293/293 295/295 649/649
f 650/650 648/648 647/647
f 647/647 649/649 650/650
f 651/651 649/649 295/295
f 652/652 650/650 649/649
f 649/649 651/651 652/652
f 653/653 648/648 650/650
f 651/651 295/295 654/654
f 654/654 295/295 227/227
f 655/655 652/652 651/651
f 654/654 227/227 656/656
f 656/656 227/227 224/224
f 656/656 224/224 225/225
f 657/657 651/651 654/654
f 655/655 651/651 657/657
f 658/658 654/654 656/656
f 657/657 654/654 658/658
f 659/659 656/656 225/225
f 658/658 656/656 659/659
f 655/655 657/657 660/660
f 660/660 652/652 655/655
f 657/657 658/658 661/661
f 661/661 660/660 657/657
f 662/662 652/652 660/660
f 662/662 650/650 652/652
f 653/653 650/650 662/662
f 663/663 662/662 660/660
f 660/660 661/661 663/663
f 664/664 653/653 662/662
f 664/664 662/662 663/663
f 665/665 661/661 658/658
f 658/658 659/659 665/665
f 666/666 663/663 661/661
f 661/661 665/665 666/666
f 667/667 664/664 663/663
f 663/663 666/666 667/667
f 668/668 665/665 659/659
f 669/669 666/666 665/665
f 665/665 668/668 669/669
f 670/670 667/667 666/666
f 666/666 669/669 670/670
f 659/659 671/671 668/668
f 659/659 225/225 671/671
f 671/671 225/225 144/144
f 144/144 68/68 671/671
f 65/65 671/671 68/68
f 66/66 671/671 65/65
f 672/672 668/668 671/671
f 672/672 671/671 66/66
f 673/673 669/669 668/668
f 668/668 672/672 673/673
f 674/674 672/672 66/66
f 674/674 66/66 64/64
f 675/675 673/673 672/672
f 675/675 672/672 674/674
f 669/669 673/673 676/676
f 676/676 670/670 669/669
f 673/673 675/675 677/677
f 677/677 676/676 673/673
f 678/678 675/675 674/674
f 679/679 674/674 64/64
f 678/678 674/674 679/679
f 679/679 64/64 47/47
f 680/680 675/675 678/678
f 680/680 677/677 675/675
f 681/681 679/679 47/47
f 47/47 40/40 681/681
f 37/37 681/681 40/40
f 682/682 678/678 679/679
f 682/682 679/679 681/681
f 681/681 37/37 683/683
f 683/683 682/682 681/681
f 34/34 683/683 37/37
f 684/684 678/678 682/682
f 684/684 680/680 678/678
f 685/685 682/682 683/683
f 685/685 684/684 682/682
f 683/683 34/34 686/686
f 686/686 685/685 683/683
f 31/31 686/686 34/34
f 687/687 684/684 685/685
f 686/686 31/31 688/688
f 31/31 28/28 688/688
f 685/685 686/686 689/689
f 688/688 689/689 686/686
f 689/689 687/687 685/685
f 690/690 688/688 28/28
f 28/28 24/24 690/690
f 689/689 688/688 691/691
f 692/692 690/690 24/24
f 24/24 21/21 692/692
f 690/690 693/693 688/688
f 691/691 688/688 693/693
f 692/692 694/694 690/690
f 693/693 690/690 694/694
f 695/695 692/692 21/21
f 21/21 18/18 695/695
f 694/694 692/692 696/696
f 695/695 696/696 692/692
f 697/697 695/695 18/18
f 18/18 15/15 697/697
f 696/696 695/695 698/698
f 697/697 698/698 695/695
f 699/699 697/697 15/15
f 15/15 12/12 699/699
f 698/698 697/697 700/700
f 699/699 700/700 697/697
f 701/701 699/699 12/12
f 701/701 12/12 702/702
f 6/6 702/702 12/12
f 701/701 703/703 699/699
f 701/701 702/702 703/703
f 700/700 699/699 703/703
f 6/6 704/704 702/702
f 704/704 6/6 705/705
f 706/706 707/707 705/705
f 704/704 705/705 707/707
f 704/704 707/707 708/708
f 708/708 702/702 704/704
f 708/708 703/703 702/702
f 708/708 709/709 703/703
f 708/708 710/710 709/709
f 711/711 710/710 708/708
f 712/712 713/713 711/711
f 710/710 711/711 713/713
f 710/710 713/713 714/714
f 710/710 714/714 709/709
f 715/715 703/703 709/709
f 715/715 716/716 703/703
f 700/700 703/703 716/716
f 715/715 709/709 717/717
f 715/715 717/717 716/716
f 709/709 714/714 717/717
f 716/716 718/718 700/700
f 698/698 700/700 718/718
f 719/719 716/716 717/717
f 716/716 719/719 718/718
f 718/718 720/720 698/698
f 696/696 698/698 720/720
f 721/721 718/718 719/719
f 718/718 721/721 720/720
f 720/720 722/722 696/696
f 694/694 696/696 722/722
f 723/723 720/720 721/721
f 720/720 723/723 722/722
f 722/722 724/724 694/694
f 693/693 694/694 724/724
f 725/725 722/722 723/723
f 722/722 725/725 724/724
f 723/723 721/721 726/726
f 725/725 723/723 727/727
f 727/727 723/723 726/726
f 728/728 724/724 725/725
f 721/721 729/729 726/726
f 721/721 719/719 729/729
f 728/728 725/725 730/730
f 730/730 725/725 727/727
f 728/728 731/731 724/724
f 728/728 730/730 731/731
f 724/724 732/732 693/693
f 724/724 731/731 732/732
f 693/693 732/732 691/691
f 732/732 733/733 691/691
f 691/691 733/733 689/689
f 733/733 687/687 689/689
f 731/731 734/734 732/732
f 732/732 734/734 733/733
f 733/733 735/735 687/687
f 734/734 735/735 733/733
f 731/731 736/736 734/734
f 736/736 731/731 730/730
f 734/734 737/737 735/735
f 737/737 734/734 736/736
f 735/735 738/738 687/687
f 687/687 738/738 684/684
f 738/738 680/680 684/684
f 735/735 739/739 738/738
f 739/739 735/735 737/737
f 738/738 740/740 680/680
f 740/740 738/738 739/739
f 677/677 680/680 740/740
f 737/737 741/741 739/739
f 740/740 742/742 677/677
f 676/676 677/677 742/742
f 739/739 743/743 740/740
f 742/742 740/740 743/743
f 743/743 739/739 741/741
f 742/742 744/744 676/676
f 670/670 676/676 744/744
f 743/743 745/745 742/742
f 744/744 742/742 745/745
f 744/744 746/746 670/670
f 667/667 670/670 746/746
f 745/745 747/747 744/744
f 746/746 744/744 747/747
f 745/745 743/743 748/748
f 741/741 748/748 743/743
f 747/747 745/745 749/749
f 748/748 749/749 745/745
f 747/747 750/750 746/746
f 746/746 751/751 667/667
f 751/751 746/746 750/750
f 751/751 664/664 667/667
f 750/750 747/747 752/752
f 749/749 752/752 747/747
f 751/751 753/753 664/664
f 753/753 653/653 664/664
f 750/750 754/754 751/751
f 754/754 753/753 751/751
f 753/753 755/755 653/653
f 755/755 648/648 653/653
f 755/755 646/646 648/648
f 756/756 755/755 753/753
f 754/754 756/756 753/753
f 757/757 646/646 755/755
f 756/756 757/757 755/755
f 758/758 754/754 750/750
f 752/752 758/758 750/750
f 759/759 756/756 754/754
f 758/758 759/759 754/754
f 760/760 757/757 756/756
f 759/759 760/760 756/756
f 757/757 761/761 646/646
f 760/760 762/762 757/757
f 761/761 757/757 762/762
f 763/763 760/760 759/759
f 764/764 646/646 761/761
f 764/764 644/644 646/646
f 762/762 760/760 765/765
f 763/763 765/765 760/760
f 764/764 766/766 644/644
f 766/766 642/642 644/644
f 761/761 767/767 764/764
f 766/766 768/768 642/642
f 768/768 640/640 642/642
f 769/769 766/766 764/764
f 769/769 764/764 767/767
f 770/770 768/768 766/766
f 769/769 770/770 766/766
f 768/768 771/771 640/640
f 771/771 637/637 640/640
f 770/770 772/772 768/768
f 772/772 771/771 768/768
f 771/771 773/773 637/637
f 636/636 637/637 773/773
f 772/772 774/774 771/771
f 773/773 771/771 774/774
f 773/773 775/775 636/636
f 629/629 636/636 775/775
f 774/774 776/776 773/773
f 775/775 773/773 776/776
f 775/775 777/777 629/629
f 626/626 629/629 777/777
f 777/777 624/624 626/626
f 777/777 775/775 778/778
f 776/776 778/778 775/775
f 624/624 777/777 779/779
f 778/778 779/779 777/777
f 779/779 622/622 624/624
f 778/778 776/776 780/780
f 781/781 622/622 779/779
f 781/781 620/620 622/622
f 779/779 778/778 782/782
f 782/782 781/781 779/779
f 780/780 782/782 778/778
f 783/783 620/620 781/781
f 783/783 618/618 620/620
f 784/784 781/781 782/782
f 784/784 783/783 781/781
f 785/785 618/618 783/783
f 785/785 617/617 618/618
f 786/786 783/783 784/784
f 786/786 785/785 783/783
f 787/787 617/617 785/785
f 787/787 610/610 617/617
f 610/610 787/787 608/608
f 788/788 787/787 785/785
f 788/788 785/785 786/786
f 789/789 608/608 787/787
f 789/789 787/787 788/788
f 608/608 789/789 790/790
f 790/790 602/602 608/608
f 603/603 602/602 790/790
f 791/791 790/790 789/789
f 603/603 790/790 792/792
f 792/792 790/790 791/791
f 606/606 603/603 792/792
f 791/791 789/789 793/793
f 791/791 793/793 792/792
f 793/793 789/789 788/788
f 792/792 794/794 606/606
f 794/794 792/792 793/793
f 793/793 788/788 795/795
f 793/793 795/795 794/794
f 795/795 788/788 786/786
f 796/796 606/606 794/794
f 606/606 796/796 604/604
f 797/797 794/794 795/795
f 794/794 797/797 796/796
f 795/795 786/786 798/798
f 795/795 798/798 797/797
f 798/798 786/786 784/784
f 799/799 796/796 797/797
f 798/798 784/784 800/800
f 800/800 784/784 782/782
f 801/801 797/797 798/798
f 798/798 800/800 801/801
f 797/797 801/801 799/799
f 782/782 780/780 800/800
f 796/796 799/799 802/802
f 802/802 604/604 796/796
f 803/803 799/799 801/801
f 604/604 802/802 804/804
f 804/804 600/600 604/604
f 600/600 804/804 597/597
f 805/805 802/802 799/799
f 799/799 803/803 805/805
f 806/806 804/804 802/802
f 802/802 805/805 806/806
f 807/807 597/597 804/804
f 804/804 806/806 807/807
f 597/597 807/807 594/594
f 808/808 806/806 805/805
f 809/809 594/594 807/807
f 594/594 809/809 591/591
f 810/810 807/807 806/806
f 807/807 810/810 809/809
f 806/806 808/808 810/810
f 811/811 591/591 809/809
f 591/591 811/811 584/584
f 812/812 809/809 810/810
f 809/809 812/812 811/811
f 811/811 813/813 584/584
f 583/583 584/584 813/813
f 814/814 811/811 812/812
f 811/811 814/814 813/813
f 810/810 815/815 812/812
f 815/815 810/810 808/808
f 812/812 816/816 814/814
f 816/816 812/812 815/815
f 813/813 817/817 583/583
f 578/578 583/583 817/817
f 818/818 813/813 814/814
f 813/813 818/818 817/817
f 817/817 819/819 578/578
f 577/577 578/578 819/819
f 820/820 817/817 818/818
f 817/817 820/820 819/819
f 819/819 821/821 577/577
f 574/574 577/577 821/821
f 822/822 819/819 820/820
f 819/819 822/822 821/821
f 820/820 818/818 823/823
f 822/822 820/820 824/824
f 823/823 824/824 820/820
f 825/825 821/821 822/822
f 824/824 826/826 822/822
f 825/825 822/822 826/826
f 821/821 827/827 574/574
f 821/821 825/825 827/827
f 828/828 574/574 827/827
f 828/828 570/570 574/574
f 570/570 828/828 569/569
f 829/829 827/827 825/825
f 830/830 569/569 828/828
f 827/827 831/831 828/828
f 830/830 828/828 831/831
f 827/827 829/829 831/831
f 830/830 832/832 569/569
f 830/830 831/831 832/832
f 832/832 833/833 569/569
f 833/833 565/565 569/569
f 834/834 832/832 831/831
f 565/565 833/833 835/835
f 565/565 835/835 563/563
f 836/836 563/563 835/835
f 835/835 837/837 836/836
f 837/837 835/835 833/833
f 838/838 836/836 837/837
f 832/832 839/839 833/833
f 832/832 834/834 839/839
f 839/839 840/840 833/833
f 839/839 841/841 840/840
f 842/842 840/840 841/841
f 841/841 839/839 834/834
f 834/834 831/831 843/843
f 844/844 843/843 831/831
f 844/844 831/831 829/829
f 845/845 834/834 843/843
f 845/845 846/846 834/834
f 847/847 846/846 848/848
f 845/845 848/848 846/846
f 845/845 849/849 848/848
f 849/849 845/845 843/843
f 844/844 850/850 843/843
f 849/849 843/843 850/850
f 844/844 829/829 850/850
f 851/851 850/850 829/829
f 829/829 825/825 851/851
f 826/826 851/851 825/825
f 849/849 850/850 852/852
f 826/826 853/853 851/851
f 851/851 854/854 850/850
f 854/854 851/851 853/853
f 855/855 852/852 850/850
f 855/855 850/850 854/854
f 849/849 852/852 856/856
f 856/856 857/857 849/849
f 858/858 857/857 859/859
f 856/856 859/859 857/857
f 856/856 860/860 859/859
f 860/860 856/856 852/852
f 855/855 861/861 852/852
f 860/860 852/852 861/861
f 855/855 854/854 861/861
f 861/861 854/854 862/862
f 854/854 853/853 862/862
f 860/860 861/861 863/863
f 862/862 853/853 864/864
f 860/860 863/863 865/865
f 866/866 860/860 865/865
f 867/867 866/866 868/868
f 865/865 868/868 866/866
f 865/865 869/869 868/868
f 863/863 869/869 865/865
f 861/861 870/870 863/863
f 870/870 861/861 871/871
f 862/862 871/871 861/861
f 870/870 872/872 863/863
f 871/871 872/872 870/870
f 869/869 863/863 872/872
f 871/871 862/862 873/873
f 864/864 873/873 862/862
f 871/871 874/874 872/872
f 873/873 874/874 871/871
f 872/872 875/875 869/869
f 873/873 876/876 874/874
f 875/875 877/877 869/869
f 878/878 869/869 877/877
f 879/879 878/878 880/880
f 877/877 880/880 878/878
f 880/880 877/877 881/881
f 875/875 881/881 877/877
f 872/872 882/882 875/875
f 882/882 872/872 883/883
f 874/874 883/883 872/872
f 882/882 884/884 875/875
f 884/884 882/882 883/883
f 881/881 875/875 884/884
f 883/883 874/874 885/885
f 876/876 885/885 874/874
f 886/886 884/884 883/883
f 885/885 886/886 883/883
f 887/887 881/881 884/884
f 888/888 886/886 885/885
f 887/887 889/889 881/881
f 890/890 881/881 889/889
f 891/891 890/890 892/892
f 889/889 892/892 890/890
f 892/892 889/889 893/893
f 887/887 893/893 889/889
f 894/894 887/887 884/884
f 894/894 884/884 895/895
f 886/886 895/895 884/884
f 894/894 896/896 887/887
f 894/894 895/895 896/896
f 893/893 887/887 896/896
f 895/895 886/886 897/897
f 888/888 897/897 886/886
f 898/898 896/896 895/895
f 895/895 897/897 898/898
f 893/893 896/896 899/899
f 900/900 898/898 897/897
f 901/901 893/893 899/899
f 901/901 902/902 893/893
f 903/903 902/902 904/904
f 901/901 904/904 902/902
f 904/904 901/901 905/905
f 905/905 901/901 899/899
f 906/906 899/899 896/896
f 906/906 896/896 907/907
f 898/898 907/907 896/896
f 906/906 908/908 899/899
f 906/906 907/907 908/908
f 905/905 899/899 908/908
f 907/907 898/898 909/909
f 900/900 909/909 898/898
f 910/910 908/908 907/907
f 907/907 909/909 910/910
f 905/905 908/908 911/911
f 912/912 910/910 909/909
f 905/905 911/911 913/913
f 913/913 914/914 905/905
f 915/915 914/914 916/916
f 913/913 916/916 914/914
f 913/913 917/917 916/916
f 917/917 913/913 911/911
f 918/918 911/911 908/908
f 918/918 908/908 919/919
f 910/910 919/919 908/908
f 918/918 920/920 911/911
f 918/918 919/919 920/920
f 917/917 911/911 920/920
f 919/919 910/910 921/921
f 912/912 921/921 910/910
f 922/922 920/920 919/919
f 919/919 921/921 922/922
f 917/917 920/920 923/923
f 924/924 922/922 921/921
f 917/917 923/923 925/925
f 926/926 917/917 925/925
f 927/927 926/926 928/928
f 925/925 928/928 926/926
f 925/925 929/929 928/928
f 925/925 923/923 929/929
f 923/923 920/920 930/930
f 930/930 920/920 931/931
f 922/922 931/931 920/920
f 930/930 932/932 923/923
f 930/930 931/931 932/932
f 929/929 923/923 932/932
f 931/931 922/922 933/933
f 924/924 933/933 922/922
f 931/931 934/934 932/932
f 931/931 933/933 934/934
f 932/932 935/935 929/929
f 934/934 933/933 936/936
f 935/935 937/937 929/929
f 938/938 929/929 937/937
f 939/939 938/938 940/940
f 937/937 940/940 938/938
f 940/940 937/937 941/941
f 935/935 941/941 937/937
f 932/932 942/942 935/935
f 942/942 932/932 943/943
f 934/934 943/943 932/932
f 942/942 944/944 935/935
f 943/943 944/944 942/942
f 941/941 935/935 944/944
f 943/943 934/934 945/945
f 936/936 945/945 934/934
f 943/943 946/946 944/944
f 945/945 946/946 943/943
f 947/947 941/941 944/944
f 945/945 948/948 946/946
f 947/947 949/949 941/941
f 950/950 941/941 949/949
f 951/951 950/950 952/952
f 949/949 952/952 950/950
f 952/952 949/949 714/714
f 947/947 714/714 949/949
f 714/714 947/947 717/717
f 953/953 717/717 947/947
f 953/953 947/947 944/944
f 717/717 953/953 954/954
f 953/953 944/944 954/954
f 946/946 954/954 944/944
f 719/719 717/717 954/954
f 719/719 954/954 729/729
f 954/954 946/946 729/729
f 948/948 729/729 946/946
f 729/729 948/948 726/726
f 955/955 726/726 948/948
f 726/726 955/955 727/727
f 956/956 955/955 948/948
f 956/956 948/948 945/945
f 945/945 936/936 956/956
f 957/957 727/727 955/955
f 727/727 957/957 730/730
f 958/958 955/955 956/956
f 958/958 957/957 955/955
f 959/959 956/956 936/936
f 956/956 959/959 958/958
f 960/960 730/730 957/957
f 730/730 960/960 736/736
f 961/961 957/957 958/958
f 961/961 960/960 957/957
f 962/962 736/736 960/960
f 736/736 962/962 737/737
f 741/741 737/737 962/962
f 960/960 963/963 962/962
f 962/962 963/963 741/741
f 963/963 960/960 961/961
f 748/748 741/741 963/963
f 958/958 964/964 961/961
f 964/964 958/958 959/959
f 961/961 965/965 963/963
f 965/965 961/961 964/964
f 963/963 966/966 748/748
f 966/966 963/963 965/965
f 749/749 748/748 966/966
f 964/964 967/967 965/965
f 966/966 968/968 749/749
f 752/752 749/749 968/968
f 965/965 969/969 966/966
f 968/968 966/966 969/969
f 967/967 969/969 965/965
f 968/968 970/970 752/752
f 970/970 758/758 752/752
f 969/969 971/971 968/968
f 970/970 968/968 971/971
f 970/970 972/972 758/758
f 972/972 759/759 758/758
f 972/972 763/763 759/759
f 973/973 972/972 970/970
f 971/971 973/973 970/970
f 974/974 763/763 972/972
f 973/973 974/974 972/972
f 974/974 975/975 763/763
f 765/765 763/763 975/975
f 976/976 974/974 973/973
f 975/975 974/974 977/977
f 976/976 977/977 974/974
f 978/978 973/973 971/971
f 978/978 976/976 973/973
f 979/979 978/978 971/971
f 971/971 969/969 979/979
f 980/980 976/976 978/978
f 979/979 969/969 981/981
f 967/967 981/981 969/969
f 982/982 978/978 979/979
f 981/981 982/982 979/979
f 982/982 980/980 978/978
f 981/981 967/967 983/983
f 980/980 984/984 976/976
f 977/977 976/976 984/984
f 985/985 983/983 967/967
f 985/985 967/967 964/964
f 959/959 985/985 964/964
f 986/986 985/985 959/959
f 936/936 986/986 959/959
f 933/933 986/986 936/936
f 933/933 924/924 986/986
f 986/986 987/987 985/985
f 987/987 986/986 924/924
f 983/983 985/985 987/987
f 924/924 988/988 987/987
f 921/921 988/988 924/924
f 921/921 912/912 988/988
f 987/987 989/989 983/983
f 988/988 989/989 987/987
f 990/990 988/988 912/912
f 988/988 990/990 989/989
f 990/990 912/912 991/991
f 909/909 991/991 912/912
f 909/909 900/900 991/991
f 989/989 992/992 983/983
f 983/983 992/992 981/981
f 992/992 982/982 981/981
f 993/993 989/989 990/990
f 989/989 993/993 992/992
f 991/991 994/994 990/990
f 993/993 990/990 994/994
f 992/992 995/995 982/982
f 995/995 980/980 982/982
f 996/996 992/992 993/993
f 996/996 995/995 992/992
f 996/996 993/993 997/997
f 996/996 997/997 995/995
f 994/994 997/997 993/993
f 995/995 998/998 980/980
f 998/998 995/995 997/997
f 984/984 980/980 998/998
f 994/994 999/999 997/997
f 997/997 1000/1000 998/998
f 1000/1000 997/997 999/999
f 998/998 1001/1001 984/984
f 1001/1001 998/998 1000/1000
f 1002/1002 984/984 1001/1001
f 984/984 1002/1002 977/977
f 1001/1001 1000/1000 1003/1003
f 1001/1001 1003/1003 1002/1002
f 1004/1004 977/977 1002/1002
f 977/977 1004/1004 975/975
f 1005/1005 1002/1002 1003/1003
f 1002/1002 1005/1005 1004/1004
f 1006/1006 975/975 1004/1004
f 975/975 1006/1006 765/765
f 1007/1007 1004/1004 1005/1005
f 1004/1004 1007/1007 1006/1006
f 1008/1008 765/765 1006/1006
f 765/765 1008/1008 762/762
f 1009/1009 1006/1006 1007/1007
f 1006/1006 1009/1009 1008/1008
f 1010/1010 762/762 1008/1008
f 762/762 1010/1010 761/761
f 767/767 761/761 1010/1010
f 1008/1008 1011/1011 1010/1010
f 1011/1011 1008/1008 1009/1009
f 1010/1010 1012/1012 767/767
f 1012/1012 1010/1010 1011/1011
f 1013/1013 767/767 1012/1012
f 767/767 1013/1013 769/769
f 1011/1011 1014/1014 1012/1012
f 1015/1015 769/769 1013/1013
f 1015/1015 770/770 769/769
f 1012/1012 1016/1016 1013/1013
f 1016/1016 1012/1012 1014/1014
f 1013/1013 1017/1017 1015/1015
f 1017/1017 1013/1013 1016/1016
f 1015/1015 1018/1018 770/770
f 1018/1018 772/772 770/770
f 1019/1019 1015/1015 1017/1017
f 1019/1019 1018/1018 1015/1015
f 1017/1017 1020/1020 1019/1019
f 1019/1019 1020/1020 1018/1018
f 1018/1018 1021/1021 772/772
f 1021/1021 1018/1018 1020/1020
f 774/774 772/772 1021/1021
f 1022/1022 1020/1020 1017/1017
f 1016/1016 1022/1022 1017/1017
f 1020/1020 1023/1023 1021/1021
f 1022/1022 1023/1023 1020/1020
f 1021/1021 1024/1024 774/774
f 1024/1024 1021/1021 1023/1023
f 776/776 774/774 1024/1024
f 1024/1024 780/780 776/776
f 780/780 1024/1024 1025/1025
f 1023/1023 1025/1025 1024/1024
f 1025/1025 800/800 780/780
f 1026/1026 1025/1025 1023/1023
f 1026/1026 1023/1023 1022/1022
f 1027/1027 800/800 1025/1025
f 1027/1027 1025/1025 1026/1026
f 1028/1028 1022/1022 1016/1016
f 1028/1028 1026/1026 1022/1022
f 1014/1014 1028/1028 1016/1016
f 1029/1029 1026/1026 1028/1028
f 1029/1029 1027/1027 1026/1026
f 1030/1030 1028/1028 1014/1014
f 1030/1030 1029/1029 1028/1028
f 1031/1031 800/800 1027/1027
f 1031/1031 801/801 800/800
f 801/801 1031/1031 803/803
f 1032/1032 1027/1027 1029/1029
f 1032/1032 1031/1031 1027/1027
f 1033/1033 803/803 1031/1031
f 1033/1033 1031/1031 1032/1032
f 1034/1034 1032/1032 1029/1029
f 1034/1034 1029/1029 1030/1030
f 1035/1035 1033/1033 1032/1032
f 1035/1035 1032/1032 1034/1034
f 803/803 1033/1033 1036/1036
f 1036/1036 805/805 803/803
f 805/805 1036/1036 808/808
f 1037/1037 1036/1036 1033/1033
f 1037/1037 1033/1033 1035/1035
f 1038/1038 808/808 1036/1036
f 1036/1036 1037/1037 1038/1038
f 808/808 1038/1038 815/815
f 1039/1039 1037/1037 1035/1035
f 1040/1040 815/815 1038/1038
f 1041/1041 1038/1038 1037/1037
f 1038/1038 1041/1041 1040/1040
f 1041/1041 1037/1037 1039/1039
f 815/815 1040/1040 816/816
f 1039/1039 1035/1035 1042/1042
f 1042/1042 1035/1035 1034/1034
f 1043/1043 816/816 1040/1040
f 1042/1042 1034/1034 1044/1044
f 1044/1044 1034/1034 1030/1030
f 816/816 1043/1043 1045/1045
f 1045/1045 814/814 816/816
f 1040/1040 1046/1046 1043/1043
f 1046/1046 1040/1040 1041/1041
f 1045/1045 1047/1047 814/814
f 818/818 814/814 1047/1047
f 1047/1047 823/823 818/818
f 1048/1048 1045/1045 1043/1043
f 1045/1045 1048/1048 1047/1047
f 1047/1047 1049/1049 823/823
f 1049/1049 1047/1047 1048/1048
f 1043/1043 1050/1050 1048/1048
f 1050/1050 1043/1043 1046/1046
f 1048/1048 1051/1051 1049/1049
f 1051/1051 1048/1048 1050/1050
f 1052/1052 823/823 1049/1049
f 823/823 1052/1052 824/824
f 1053/1053 1049/1049 1051/1051
f 1054/1054 824/824 1052/1052
f 824/824 1054/1054 826/826
f 853/853 826/826 1054/1054
f 853/853 1054/1054 864/864
f 1052/1052 1049/1049 1055/1055
f 1055/1055 1049/1049 1053/1053
f 1054/1054 1052/1052 1056/1056
f 864/864 1054/1054 1056/1056
f 1056/1056 1052/1052 1055/1055
f 1056/1056 1057/1057 864/864
f 873/873 864/864 1057/1057
f 1057/1057 876/876 873/873
f 1055/1055 1058/1058 1056/1056
f 1057/1057 1056/1056 1058/1058
f 1053/1053 1059/1059 1055/1055
f 1058/1058 1055/1055 1059/1059
f 1053/1053 1051/1051 1059/1059
f 1058/1058 1060/1060 1057/1057
f 876/876 1057/1057 1060/1060
f 1059/1059 1061/1061 1058/1058
f 1060/1060 1058/1058 1061/1061
f 1059/1059 1051/1051 1062/1062
f 1051/1051 1050/1050 1062/1062
f 1061/1061 1059/1059 1063/1063
f 1059/1059 1062/1062 1063/1063
f 1062/1062 1050/1050 1064/1064
f 1050/1050 1046/1046 1064/1064
f 1063/1063 1062/1062 1065/1065
f 1062/1062 1064/1064 1065/1065
f 1064/1064 1046/1046 1066/1066
f 1046/1046 1041/1041 1066/1066
f 1066/1066 1041/1041 1039/1039
f 1065/1065 1064/1064 1067/1067
f 1064/1064 1066/1066 1067/1067
f 1066/1066 1039/1039 1068/1068
f 1067/1067 1066/1066 1068/1068
f 1068/1068 1039/1039 1042/1042
f 1067/1067 1069/1069 1065/1065
f 1065/1065 1069/1069 1063/1063
f 1068/1068 1070/1070 1067/1067
f 1069/1069 1067/1067 1070/1070
f 1068/1068 1042/1042 1071/1071
f 1070/1070 1068/1068 1071/1071
f 1071/1071 1042/1042 1044/1044
f 1072/1072 1063/1063 1069/1069
f 1063/1063 1072/1072 1061/1061
f 1070/1070 1073/1073 1069/1069
f 1074/1074 1061/1061 1072/1072
f 1061/1061 1074/1074 1060/1060
f 1069/1069 1075/1075 1072/1072
f 1073/1073 1075/1075 1069/1069
f 1072/1072 1076/1076 1074/1074
f 1075/1075 1076/1076 1072/1072
f 1077/1077 1060/1060 1074/1074
f 1060/1060 1077/1077 876/876
f 885/885 876/876 1077/1077
f 1077/1077 888/888 885/885
f 1074/1074 1078/1078 1077/1077
f 1078/1078 888/888 1077/1077
f 1076/1076 1078/1078 1074/1074
f 1078/1078 1079/1079 888/888
f 897/897 888/888 1079/1079
f 897/897 1079/1079 900/900
f 1076/1076 1080/1080 1078/1078
f 1079/1079 1078/1078 1080/1080
f 1081/1081 900/900 1079/1079
f 1079/1079 1080/1080 1081/1081
f 1081/1081 991/991 900/900
f 991/991 1081/1081 994/994
f 999/999 994/994 1081/1081
f 999/999 1081/1081 1080/1080
f 1080/1080 1076/1076 1082/1082
f 1080/1080 1082/1082 999/999
f 1075/1075 1082/1082 1076/1076
f 1000/1000 999/999 1082/1082
f 1082/1082 1003/1003 1000/1000
f 1082/1082 1075/1075 1003/1003
f 1073/1073 1003/1003 1075/1075
f 1003/1003 1073/1073 1005/1005
f 1083/1083 1005/1005 1073/1073
f 1073/1073 1070/1070 1083/1083
f 1005/1005 1083/1083 1007/1007
f 1071/1071 1083/1083 1070/1070
f 1084/1084 1007/1007 1083/1083
f 1083/1083 1071/1071 1084/1084
f 1007/1007 1084/1084 1009/1009
f 1044/1044 1084/1084 1071/1071
f 1085/1085 1009/1009 1084/1084
f 1084/1084 1044/1044 1085/1085
f 1009/1009 1085/1085 1011/1011
f 1030/1030 1085/1085 1044/1044
f 1014/1014 1011/1011 1085/1085
f 1085/1085 1030/1030 1014/1014
# num_faces: 1984
